{
"type": "FeatureCollection",
"name": "Kabupaten Probolinggo",
"crs": { "type": "name", "properties": { "name": "urn:ogc:def:crs:OGC:1.3:CRS84" } },
"features": [
{ "type": "Feature", "properties": { "GID_0": "IDN", "NAME_0": "Indonesia", "GID_1": "IDN.11_1", "NAME_1": "Jawa Timur", "NL_NAME_1": null, "GID_2": "IDN.11.30_1", "NAME_2": "Probolinggo", "NL_NAME_2": null, "GID_3": "IDN.11.30.1_1", "NAME_3": "Bantaran", "VARNAME_3": null, "NL_NAME_3": null, "TYPE_3": "Kecamatan", "ENGTYPE_3": "Sub-district", "CC_3": "3513040", "HASC_3": null }, "geometry": { "type": "MultiPolygon", "coordinates": [ [ [ [ 113.20569611, -7.92711115 ], [ 113.20506287, -7.92724609 ], [ 113.20477295, -7.9271946 ], [ 113.20439148, -7.92704678 ], [ 113.20423126, -7.92703104 ], [ 113.20399475, -7.927104 ], [ 113.2037735, -7.92723989 ], [ 113.20359039, -7.92745018 ], [ 113.20352173, -7.92764044 ], [ 113.2035141, -7.92785263 ], [ 113.20349884, -7.92820549 ], [ 113.2033844, -7.92830467 ], [ 113.20320129, -7.92837524 ], [ 113.20308685, -7.92833281 ], [ 113.20281219, -7.92820072 ], [ 113.20249176, -7.92750978 ], [ 113.20207214, -7.92675018 ], [ 113.2015686, -7.92602015 ], [ 113.20120239, -7.92549992 ], [ 113.20063782, -7.92484999 ], [ 113.20005798, -7.9243598 ], [ 113.19917297, -7.92387009 ], [ 113.19864655, -7.92368984 ], [ 113.19820404, -7.92353725 ], [ 113.19744873, -7.92327976 ], [ 113.19689178, -7.92306995 ], [ 113.19634247, -7.92286015 ], [ 113.19622803, -7.92282009 ], [ 113.19532013, -7.92236996 ], [ 113.19436646, -7.92182779 ], [ 113.19420624, -7.92174006 ], [ 113.19315338, -7.92087984 ], [ 113.19235992, -7.92024994 ], [ 113.19208527, -7.92001057 ], [ 113.19142914, -7.91942978 ], [ 113.19046021, -7.91862011 ], [ 113.18965149, -7.91779995 ], [ 113.18917084, -7.91733646 ], [ 113.18910217, -7.91727018 ], [ 113.18893433, -7.91711283 ], [ 113.18846893, -7.91665983 ], [ 113.18744659, -7.91584015 ], [ 113.18739319, -7.91577339 ], [ 113.18681335, -7.91512012 ], [ 113.18627167, -7.91442013 ], [ 113.18618011, -7.91429567 ], [ 113.18572998, -7.91368341 ], [ 113.18537903, -7.9131999 ], [ 113.1849823, -7.91273022 ], [ 113.18431854, -7.91209984 ], [ 113.18366241, -7.91157007 ], [ 113.18360138, -7.91151094 ], [ 113.18299103, -7.91093016 ], [ 113.18247986, -7.91056013 ], [ 113.18187714, -7.91018009 ], [ 113.18180847, -7.91014004 ], [ 113.18103027, -7.90962982 ], [ 113.1803894, -7.90920019 ], [ 113.17974091, -7.90858984 ], [ 113.17931366, -7.90794992 ], [ 113.17893219, -7.90725994 ], [ 113.17888641, -7.90697002 ], [ 113.1789093, -7.90674019 ], [ 113.17893219, -7.90653992 ], [ 113.17900848, -7.90627003 ], [ 113.17906189, -7.9061923 ], [ 113.17920685, -7.90596008 ], [ 113.17964172, -7.90532017 ], [ 113.18005371, -7.90473986 ], [ 113.18065643, -7.90391016 ], [ 113.18063354, -7.90305996 ], [ 113.18067169, -7.90288019 ], [ 113.18080139, -7.90266991 ], [ 113.18106842, -7.90243006 ], [ 113.18141174, -7.90214014 ], [ 113.1815567, -7.90193987 ], [ 113.18170929, -7.90158987 ], [ 113.18177032, -7.90132999 ], [ 113.18179321, -7.90103006 ], [ 113.18186951, -7.90080976 ], [ 113.18203735, -7.90048981 ], [ 113.18241119, -7.9001298 ], [ 113.18256378, -7.89998007 ], [ 113.18261719, -7.89985991 ], [ 113.18238831, -7.8994298 ], [ 113.18234253, -7.89925003 ], [ 113.18226624, -7.89897013 ], [ 113.18224335, -7.89877987 ], [ 113.18224335, -7.89863014 ], [ 113.18231964, -7.89855003 ], [ 113.18250275, -7.89835978 ], [ 113.18251801, -7.89823008 ], [ 113.18254089, -7.89811993 ], [ 113.18266296, -7.89780998 ], [ 113.18271637, -7.89766979 ], [ 113.18292236, -7.89761019 ], [ 113.18300629, -7.89758015 ], [ 113.18305969, -7.89744997 ], [ 113.1831665, -7.89718008 ], [ 113.1831665, -7.89680672 ], [ 113.1831665, -7.89665985 ], [ 113.18321228, -7.89651012 ], [ 113.1833725, -7.89636993 ], [ 113.18350983, -7.89624977 ], [ 113.18367767, -7.89588022 ], [ 113.18380737, -7.89550018 ], [ 113.18413544, -7.89519835 ], [ 113.18425751, -7.89508009 ], [ 113.18473053, -7.8948102 ], [ 113.18462372, -7.89432716 ], [ 113.18466187, -7.8940177 ], [ 113.1848526, -7.8938899 ], [ 113.185112, -7.89386988 ], [ 113.18522644, -7.89383984 ], [ 113.18540192, -7.89363003 ], [ 113.18567657, -7.89326 ], [ 113.18588257, -7.89307022 ], [ 113.18628693, -7.89287996 ], [ 113.18644714, -7.89281988 ], [ 113.18652344, -7.89274979 ], [ 113.18652344, -7.89265013 ], [ 113.18640137, -7.89248991 ], [ 113.18627167, -7.89239979 ], [ 113.1860199, -7.8925128 ], [ 113.1857605, -7.89258385 ], [ 113.18560028, -7.89239502 ], [ 113.18572235, -7.89215469 ], [ 113.18547058, -7.89177656 ], [ 113.18548584, -7.89162683 ], [ 113.18553162, -7.89149666 ], [ 113.18592072, -7.89152479 ], [ 113.18625641, -7.89147282 ], [ 113.18642426, -7.89142227 ], [ 113.18662262, -7.8914113 ], [ 113.18667603, -7.89155054 ], [ 113.18673706, -7.89166021 ], [ 113.18668365, -7.89186001 ], [ 113.1867218, -7.89201021 ], [ 113.18681335, -7.89209986 ], [ 113.18689728, -7.89208984 ], [ 113.18695068, -7.89203739 ], [ 113.18699646, -7.89198017 ], [ 113.1870575, -7.89168072 ], [ 113.18704224, -7.89134979 ], [ 113.18695068, -7.89103985 ], [ 113.18695831, -7.89091206 ], [ 113.18697357, -7.89077044 ], [ 113.1871109, -7.89054012 ], [ 113.18730164, -7.89048004 ], [ 113.18731689, -7.89036989 ], [ 113.18714905, -7.89024019 ], [ 113.18697357, -7.88998127 ], [ 113.18684387, -7.88962698 ], [ 113.18675232, -7.88939333 ], [ 113.18682098, -7.88894367 ], [ 113.18701935, -7.8888402 ], [ 113.18711853, -7.88867998 ], [ 113.18714905, -7.88855982 ], [ 113.18704224, -7.88838005 ], [ 113.1867981, -7.88813019 ], [ 113.18654633, -7.88803673 ], [ 113.18645477, -7.88777733 ], [ 113.1864624, -7.88766766 ], [ 113.18653107, -7.88758755 ], [ 113.18703461, -7.88763475 ], [ 113.18757629, -7.88762188 ], [ 113.18771362, -7.88746977 ], [ 113.18772125, -7.88739157 ], [ 113.1873703, -7.88717365 ], [ 113.18704987, -7.88688564 ], [ 113.18688965, -7.88647699 ], [ 113.1867981, -7.88601828 ], [ 113.18667603, -7.88553953 ], [ 113.18675995, -7.88502979 ], [ 113.18715668, -7.88452864 ], [ 113.18734741, -7.88432789 ], [ 113.18736267, -7.88403845 ], [ 113.18735504, -7.88382435 ], [ 113.18733978, -7.8834691 ], [ 113.18735504, -7.88295984 ], [ 113.18717957, -7.88290453 ], [ 113.18708801, -7.88287592 ], [ 113.18326569, -7.88167191 ], [ 113.17736053, -7.8798399 ], [ 113.17727661, -7.87996006 ], [ 113.17710114, -7.88008022 ], [ 113.17601776, -7.88079023 ], [ 113.17577362, -7.88109016 ], [ 113.17558289, -7.8812499 ], [ 113.17536926, -7.88129997 ], [ 113.17516327, -7.88127995 ], [ 113.17500305, -7.88120985 ], [ 113.17484283, -7.88106012 ], [ 113.17472076, -7.88094282 ], [ 113.17453003, -7.88076019 ], [ 113.17436981, -7.88077021 ], [ 113.17415619, -7.88083982 ], [ 113.17366791, -7.88110018 ], [ 113.17369843, -7.88118982 ], [ 113.17376709, -7.88140011 ], [ 113.17371368, -7.88149023 ], [ 113.17356873, -7.88156986 ], [ 113.17340088, -7.88157988 ], [ 113.17310333, -7.88151979 ], [ 113.17281342, -7.88149977 ], [ 113.17263031, -7.88155985 ], [ 113.17250824, -7.88168001 ], [ 113.17247772, -7.8818202 ], [ 113.1725235, -7.88193989 ], [ 113.1725769, -7.88216019 ], [ 113.17250061, -7.88225985 ], [ 113.17227173, -7.88242006 ], [ 113.17196655, -7.8825798 ], [ 113.17179871, -7.88259983 ], [ 113.17170715, -7.88253021 ], [ 113.17150116, -7.88235998 ], [ 113.17131805, -7.88230991 ], [ 113.1711731, -7.88233995 ], [ 113.17095947, -7.8824501 ], [ 113.17035675, -7.88279009 ], [ 113.17008972, -7.8828702 ], [ 113.16998291, -7.88290977 ], [ 113.16983795, -7.88298988 ], [ 113.16973114, -7.88316011 ], [ 113.1696701, -7.88338995 ], [ 113.16847992, -7.88418055 ], [ 113.16783905, -7.88386583 ], [ 113.16745758, -7.8842864 ], [ 113.16632843, -7.88385725 ], [ 113.16490173, -7.88352966 ], [ 113.16412354, -7.88298893 ], [ 113.16403961, -7.88293123 ], [ 113.1641922, -7.88259554 ], [ 113.16365051, -7.88243103 ], [ 113.16252899, -7.88218355 ], [ 113.16239166, -7.88215303 ], [ 113.16166687, -7.88207293 ], [ 113.16101837, -7.88254499 ], [ 113.1602478, -7.88269997 ], [ 113.15982819, -7.88307047 ], [ 113.15930939, -7.88389349 ], [ 113.15908051, -7.88404512 ], [ 113.15849304, -7.88433266 ], [ 113.15790558, -7.88493872 ], [ 113.15751648, -7.88494062 ], [ 113.1574173, -7.88522577 ], [ 113.15713501, -7.8849926 ], [ 113.15750122, -7.88420391 ], [ 113.15653992, -7.88322115 ], [ 113.15603638, -7.88301325 ], [ 113.15599823, -7.88294983 ], [ 113.15595245, -7.88284159 ], [ 113.15589142, -7.88271999 ], [ 113.15557861, -7.8822999 ], [ 113.15531921, -7.88204002 ], [ 113.15509796, -7.88178015 ], [ 113.15473938, -7.88146019 ], [ 113.15418243, -7.88098001 ], [ 113.1541214, -7.88092995 ], [ 113.15351868, -7.88039017 ], [ 113.1530838, -7.87999344 ], [ 113.15289307, -7.87981987 ], [ 113.15235901, -7.87947989 ], [ 113.1517334, -7.87927008 ], [ 113.15110016, -7.87905979 ], [ 113.15065765, -7.87895012 ], [ 113.15054321, -7.87892008 ], [ 113.15006256, -7.87887001 ], [ 113.14951324, -7.87887001 ], [ 113.14907074, -7.87894011 ], [ 113.14859009, -7.87908983 ], [ 113.14824677, -7.87912989 ], [ 113.14788818, -7.87909985 ], [ 113.14743042, -7.8790102 ], [ 113.14677429, -7.87877846 ], [ 113.14666748, -7.87873983 ], [ 113.14656067, -7.87871456 ], [ 113.14591217, -7.87856007 ], [ 113.14577484, -7.87851667 ], [ 113.14517975, -7.87838984 ], [ 113.14469147, -7.87829018 ], [ 113.14438629, -7.87824011 ], [ 113.14395905, -7.87823009 ], [ 113.14349365, -7.87814999 ], [ 113.14305878, -7.87800074 ], [ 113.14292145, -7.87795019 ], [ 113.1424408, -7.87769985 ], [ 113.14199066, -7.87734985 ], [ 113.14176178, -7.87696981 ], [ 113.1415329, -7.87635994 ], [ 113.14144135, -7.87593985 ], [ 113.14128113, -7.87526989 ], [ 113.14131165, -7.875 ], [ 113.14134216, -7.87478018 ], [ 113.14137268, -7.87457991 ], [ 113.14143372, -7.87428999 ], [ 113.14163971, -7.87383986 ], [ 113.14196777, -7.87315989 ], [ 113.14207458, -7.87295485 ], [ 113.14218903, -7.87272978 ], [ 113.1425705, -7.87193012 ], [ 113.14276123, -7.87159014 ], [ 113.14306641, -7.87124014 ], [ 113.14350891, -7.87090015 ], [ 113.14363098, -7.87082005 ], [ 113.14394379, -7.87017012 ], [ 113.14413452, -7.86929941 ], [ 113.14421844, -7.86890984 ], [ 113.14437103, -7.86831999 ], [ 113.14453125, -7.86744022 ], [ 113.14467621, -7.86685991 ], [ 113.14485168, -7.86646986 ], [ 113.14499664, -7.86620998 ], [ 113.14512634, -7.86607981 ], [ 113.1452713, -7.86603022 ], [ 113.14550781, -7.86607981 ], [ 113.14588165, -7.86630011 ], [ 113.14617157, -7.86651993 ], [ 113.14643097, -7.86664009 ], [ 113.14674377, -7.86674023 ], [ 113.1468811, -7.86682987 ], [ 113.14704895, -7.86709976 ], [ 113.1472168, -7.86748981 ], [ 113.14739227, -7.86771011 ], [ 113.14756775, -7.86785984 ], [ 113.14775848, -7.86791992 ], [ 113.14801025, -7.86791992 ], [ 113.14833832, -7.86780024 ], [ 113.14923859, -7.86715984 ], [ 113.14933014, -7.86710644 ], [ 113.14952087, -7.86699009 ], [ 113.15029907, -7.86668015 ], [ 113.15054321, -7.86662006 ], [ 113.15119934, -7.86674023 ], [ 113.15135956, -7.86676979 ], [ 113.15145874, -7.8667202 ], [ 113.1516037, -7.86624336 ], [ 113.15164948, -7.86611986 ], [ 113.15174103, -7.86604977 ], [ 113.15181732, -7.86596584 ], [ 113.15193176, -7.86568022 ], [ 113.15219879, -7.8653698 ], [ 113.15234375, -7.86528015 ], [ 113.15257263, -7.86523008 ], [ 113.15312195, -7.86534977 ], [ 113.15399933, -7.86526012 ], [ 113.15471649, -7.86517 ], [ 113.1550827, -7.86510992 ], [ 113.15532684, -7.86502981 ], [ 113.15561676, -7.86484003 ], [ 113.15572357, -7.86472988 ], [ 113.1558075, -7.86457014 ], [ 113.15590668, -7.86450005 ], [ 113.15614319, -7.86473989 ], [ 113.15625, -7.86487007 ], [ 113.15640259, -7.86492014 ], [ 113.15653229, -7.86490011 ], [ 113.15686798, -7.86464977 ], [ 113.1570282, -7.86447001 ], [ 113.15714264, -7.86428022 ], [ 113.15730286, -7.86415005 ], [ 113.1574707, -7.86408997 ], [ 113.15782166, -7.86413002 ], [ 113.15821838, -7.8642602 ], [ 113.15847778, -7.86433983 ], [ 113.15879822, -7.86436987 ], [ 113.15921783, -7.86429977 ], [ 113.15966797, -7.86415005 ], [ 113.16004944, -7.86398983 ], [ 113.16020203, -7.86396027 ], [ 113.16036224, -7.86393023 ], [ 113.1605072, -7.86393976 ], [ 113.16072845, -7.86406994 ], [ 113.16082764, -7.8641901 ], [ 113.16085052, -7.86433983 ], [ 113.16082001, -7.8645401 ], [ 113.16088104, -7.86468983 ], [ 113.16100311, -7.86479998 ], [ 113.16116333, -7.86487007 ], [ 113.16140747, -7.86488008 ], [ 113.16166687, -7.86478996 ], [ 113.16201782, -7.86464024 ], [ 113.16233063, -7.86456013 ], [ 113.16282654, -7.86450005 ], [ 113.16310883, -7.86453009 ], [ 113.16398621, -7.86482382 ], [ 113.16409302, -7.86486006 ], [ 113.16424561, -7.86486721 ], [ 113.16477203, -7.8648901 ], [ 113.1652832, -7.86490011 ], [ 113.16573334, -7.86493015 ], [ 113.16612244, -7.8648901 ], [ 113.16654205, -7.86477995 ], [ 113.16773987, -7.86424017 ], [ 113.16812897, -7.86399984 ], [ 113.16835785, -7.8638401 ], [ 113.16845703, -7.86370993 ], [ 113.16850281, -7.86352015 ], [ 113.16848755, -7.86307001 ], [ 113.16851044, -7.86290979 ], [ 113.16873169, -7.86262989 ], [ 113.1688385, -7.86249018 ], [ 113.16887665, -7.86233997 ], [ 113.16887665, -7.86211014 ], [ 113.16903687, -7.86176014 ], [ 113.16919708, -7.86152983 ], [ 113.16937256, -7.8613801 ], [ 113.16951752, -7.86131001 ], [ 113.16963959, -7.86131001 ], [ 113.16977692, -7.86140013 ], [ 113.16989136, -7.86160994 ], [ 113.16999817, -7.86193991 ], [ 113.17008209, -7.86206007 ], [ 113.17028046, -7.86212015 ], [ 113.17067719, -7.8620801 ], [ 113.17098236, -7.86205006 ], [ 113.17114258, -7.86202002 ], [ 113.17127991, -7.86191988 ], [ 113.17144012, -7.86168003 ], [ 113.17149353, -7.86153984 ], [ 113.17149353, -7.86144018 ], [ 113.17137146, -7.86132002 ], [ 113.17108917, -7.86099005 ], [ 113.17092896, -7.86077976 ], [ 113.17089081, -7.86070013 ], [ 113.17076111, -7.86042976 ], [ 113.17066193, -7.86020994 ], [ 113.17044067, -7.85998011 ], [ 113.17036438, -7.85990953 ], [ 113.17027283, -7.85981989 ], [ 113.17021179, -7.85969019 ], [ 113.17037201, -7.85931015 ], [ 113.1704483, -7.85912991 ], [ 113.1704483, -7.85898018 ], [ 113.17037964, -7.85887003 ], [ 113.17015839, -7.85874987 ], [ 113.16999817, -7.85867977 ], [ 113.16989136, -7.85858011 ], [ 113.16980743, -7.85833979 ], [ 113.16979218, -7.85815001 ], [ 113.16986084, -7.85796022 ], [ 113.16998291, -7.85784006 ], [ 113.17012787, -7.85777998 ], [ 113.17044067, -7.8578701 ], [ 113.17059326, -7.85790014 ], [ 113.17102051, -7.85761023 ], [ 113.1711731, -7.85748005 ], [ 113.1712265, -7.85734987 ], [ 113.17118835, -7.85716009 ], [ 113.17108917, -7.85698986 ], [ 113.17095184, -7.85680008 ], [ 113.17088318, -7.85662985 ], [ 113.17088318, -7.85651016 ], [ 113.17095184, -7.85636997 ], [ 113.17105865, -7.85629988 ], [ 113.1711731, -7.85629988 ], [ 113.1713562, -7.85642004 ], [ 113.17140961, -7.85647011 ], [ 113.17167664, -7.85657978 ], [ 113.17201996, -7.85632038 ], [ 113.17218781, -7.8561902 ], [ 113.1727829, -7.85581017 ], [ 113.17311859, -7.85555983 ], [ 113.17324829, -7.85542011 ], [ 113.17327881, -7.85531998 ], [ 113.17324066, -7.85521984 ], [ 113.17311859, -7.85514021 ], [ 113.17260742, -7.85488987 ], [ 113.1725235, -7.85480022 ], [ 113.17246246, -7.85470009 ], [ 113.17211914, -7.85462999 ], [ 113.17183685, -7.85452986 ], [ 113.17176056, -7.85441017 ], [ 113.17178345, -7.85429001 ], [ 113.17180634, -7.85421991 ], [ 113.17186737, -7.85415983 ], [ 113.17224884, -7.85419989 ], [ 113.17253113, -7.85425997 ], [ 113.17266846, -7.85434008 ], [ 113.17272949, -7.85438013 ], [ 113.17297363, -7.85449982 ], [ 113.17310333, -7.8545599 ], [ 113.17324066, -7.85452986 ], [ 113.17337799, -7.85441017 ], [ 113.17350769, -7.85411978 ], [ 113.17353821, -7.85393 ], [ 113.17350006, -7.85381985 ], [ 113.1733017, -7.85388994 ], [ 113.17318726, -7.85394001 ], [ 113.17305756, -7.85391998 ], [ 113.17297363, -7.85382986 ], [ 113.17294312, -7.85370016 ], [ 113.17302704, -7.85342979 ], [ 113.17312622, -7.85291004 ], [ 113.17317963, -7.85274982 ], [ 113.17330933, -7.85253 ], [ 113.17333221, -7.85240984 ], [ 113.17328644, -7.85233021 ], [ 113.17314148, -7.85229015 ], [ 113.17297363, -7.8523798 ], [ 113.17282867, -7.85246992 ], [ 113.17269135, -7.85248995 ], [ 113.17259216, -7.85242987 ], [ 113.17254639, -7.85232019 ], [ 113.17256165, -7.85210991 ], [ 113.17263794, -7.85196018 ], [ 113.17276001, -7.85186005 ], [ 113.17307281, -7.85186005 ], [ 113.17327881, -7.85186005 ], [ 113.17344666, -7.85180998 ], [ 113.1735611, -7.85171986 ], [ 113.17360687, -7.85160017 ], [ 113.17352295, -7.85136986 ], [ 113.17344666, -7.8512001 ], [ 113.17344666, -7.85105991 ], [ 113.17350006, -7.85094976 ], [ 113.17363739, -7.85087013 ], [ 113.17392731, -7.85086012 ], [ 113.17395782, -7.85072994 ], [ 113.17359924, -7.85017014 ], [ 113.17353058, -7.85003996 ], [ 113.17353058, -7.8499198 ], [ 113.17363739, -7.84977007 ], [ 113.17378998, -7.84967995 ], [ 113.17397308, -7.84966993 ], [ 113.17453766, -7.85000992 ], [ 113.17466736, -7.85007 ], [ 113.17485809, -7.85004997 ], [ 113.17501831, -7.84997988 ], [ 113.17507935, -7.84989977 ], [ 113.17501831, -7.84970999 ], [ 113.17487335, -7.84950018 ], [ 113.17484283, -7.84906006 ], [ 113.17479706, -7.84888983 ], [ 113.17469025, -7.84873009 ], [ 113.1745224, -7.84863567 ], [ 113.17445374, -7.84859991 ], [ 113.17434692, -7.84847021 ], [ 113.17430115, -7.84824991 ], [ 113.17443085, -7.84785986 ], [ 113.17446899, -7.84770012 ], [ 113.17443085, -7.8475399 ], [ 113.17410278, -7.84727001 ], [ 113.1740036, -7.84716988 ], [ 113.1739502, -7.84705019 ], [ 113.17401123, -7.84681988 ], [ 113.17405701, -7.84661007 ], [ 113.17404938, -7.84646988 ], [ 113.17391968, -7.84630013 ], [ 113.17369843, -7.84609985 ], [ 113.1735611, -7.84583998 ], [ 113.17349243, -7.84562016 ], [ 113.17349243, -7.84541988 ], [ 113.17355347, -7.84524012 ], [ 113.17363739, -7.84514999 ], [ 113.17376709, -7.84514999 ], [ 113.17385101, -7.84514999 ], [ 113.17411804, -7.84445 ], [ 113.17440033, -7.84411001 ], [ 113.17450714, -7.84397984 ], [ 113.17453766, -7.84385014 ], [ 113.17447662, -7.84364986 ], [ 113.17429352, -7.84346008 ], [ 113.17417145, -7.84333992 ], [ 113.17411041, -7.84318018 ], [ 113.17415619, -7.84292984 ], [ 113.17418671, -7.84274006 ], [ 113.17394257, -7.84206009 ], [ 113.17359924, -7.84123993 ], [ 113.17355347, -7.84110022 ], [ 113.17359161, -7.84071016 ], [ 113.17359161, -7.84061003 ], [ 113.17359161, -7.84022999 ], [ 113.17359161, -7.83987999 ], [ 113.17363739, -7.83963013 ], [ 113.17371368, -7.8394599 ], [ 113.17388153, -7.83931017 ], [ 113.17417908, -7.83912992 ], [ 113.17462921, -7.83890009 ], [ 113.1749115, -7.83871984 ], [ 113.17518616, -7.8384614 ], [ 113.17524719, -7.83839989 ], [ 113.17537689, -7.83822012 ], [ 113.17546844, -7.83798981 ], [ 113.17543793, -7.83756018 ], [ 113.17539215, -7.83708 ], [ 113.17542267, -7.83678102 ], [ 113.17550659, -7.83653021 ], [ 113.17565155, -7.83631992 ], [ 113.1758728, -7.83616018 ], [ 113.17632294, -7.83600378 ], [ 113.17653656, -7.83592987 ], [ 113.17739105, -7.83521986 ], [ 113.17768097, -7.83500004 ], [ 113.17783356, -7.8348999 ], [ 113.17791748, -7.8347702 ], [ 113.17781067, -7.83429003 ], [ 113.17769623, -7.83395004 ], [ 113.17768097, -7.83375978 ], [ 113.17769623, -7.83368015 ], [ 113.17780304, -7.8336401 ], [ 113.17810822, -7.83369017 ], [ 113.1783905, -7.83379984 ], [ 113.1785965, -7.83396006 ], [ 113.17884827, -7.83436012 ], [ 113.17897797, -7.83459997 ], [ 113.17907715, -7.83470011 ], [ 113.17922211, -7.83473015 ], [ 113.17933655, -7.83471012 ], [ 113.17946625, -7.83456993 ], [ 113.17961121, -7.83439016 ], [ 113.17984772, -7.83423996 ], [ 113.18009186, -7.83406019 ], [ 113.18025208, -7.83395004 ], [ 113.18041229, -7.83393002 ], [ 113.18058014, -7.8339901 ], [ 113.18071747, -7.83410978 ], [ 113.18079376, -7.83424997 ], [ 113.18061066, -7.83468008 ], [ 113.1805191, -7.83491993 ], [ 113.18049622, -7.83509016 ], [ 113.18054962, -7.83521986 ], [ 113.1806488, -7.83532 ], [ 113.18074799, -7.83535004 ], [ 113.18094635, -7.83525991 ], [ 113.18108368, -7.83511019 ], [ 113.18121338, -7.83493996 ], [ 113.18136597, -7.83485556 ], [ 113.18147278, -7.83479977 ], [ 113.18157959, -7.83473015 ], [ 113.18173981, -7.83441019 ], [ 113.18183899, -7.83414984 ], [ 113.18183899, -7.8339901 ], [ 113.18173981, -7.8337698 ], [ 113.18154907, -7.83353996 ], [ 113.18138123, -7.83340979 ], [ 113.18110657, -7.83339977 ], [ 113.18084717, -7.83339977 ], [ 113.18068695, -7.8333602 ], [ 113.18060303, -7.83326006 ], [ 113.18058014, -7.83303022 ], [ 113.18056488, -7.83270884 ], [ 113.18054962, -7.83255005 ], [ 113.18068695, -7.83199978 ], [ 113.18074799, -7.83186007 ], [ 113.18087006, -7.83174992 ], [ 113.18132019, -7.83162022 ], [ 113.18144989, -7.83157015 ], [ 113.18153381, -7.83148003 ], [ 113.18154144, -7.83135986 ], [ 113.18128204, -7.83114004 ], [ 113.18112183, -7.83100986 ], [ 113.18106079, -7.83088017 ], [ 113.18105316, -7.83078003 ], [ 113.18119049, -7.83058977 ], [ 113.18153381, -7.8303299 ], [ 113.18160248, -7.83029127 ], [ 113.18196106, -7.83020306 ], [ 113.18224335, -7.82990026 ], [ 113.18218994, -7.82962847 ], [ 113.18199158, -7.8294425 ], [ 113.18199158, -7.82918692 ], [ 113.18226624, -7.82901859 ], [ 113.18234253, -7.82897091 ], [ 113.18258667, -7.82896948 ], [ 113.18286896, -7.82913399 ], [ 113.18309021, -7.82925749 ], [ 113.18331909, -7.8292284 ], [ 113.18341827, -7.82909679 ], [ 113.18350983, -7.82895565 ], [ 113.18349457, -7.8288269 ], [ 113.18321991, -7.8286624 ], [ 113.18270874, -7.82825708 ], [ 113.1825943, -7.82796049 ], [ 113.18264008, -7.82762861 ], [ 113.18273163, -7.82737255 ], [ 113.18280792, -7.82727003 ], [ 113.1831131, -7.82694006 ], [ 113.1831665, -7.82687998 ], [ 113.18348694, -7.82650995 ], [ 113.18374634, -7.82618999 ], [ 113.18405914, -7.82593012 ], [ 113.18428802, -7.82577991 ], [ 113.18457794, -7.82567978 ], [ 113.18491364, -7.82565022 ], [ 113.18515778, -7.82567978 ], [ 113.18537903, -7.8257699 ], [ 113.18560791, -7.8259902 ], [ 113.1857605, -7.82615995 ], [ 113.1859436, -7.8262701 ], [ 113.18612671, -7.82631016 ], [ 113.18639374, -7.82626009 ], [ 113.18669891, -7.8261199 ], [ 113.18694305, -7.82601023 ], [ 113.18713379, -7.82598019 ], [ 113.18733978, -7.82601976 ], [ 113.1875, -7.82609987 ], [ 113.18759918, -7.82623148 ], [ 113.18775177, -7.82643986 ], [ 113.18788147, -7.82660007 ], [ 113.18811035, -7.82672024 ], [ 113.18856812, -7.82675982 ], [ 113.18908691, -7.82682085 ], [ 113.18924713, -7.82683992 ], [ 113.18985748, -7.82691002 ], [ 113.19039154, -7.82695007 ], [ 113.19059753, -7.82694006 ], [ 113.19078064, -7.82685995 ], [ 113.19106293, -7.8266201 ], [ 113.19114685, -7.82651663 ], [ 113.19125366, -7.82638979 ], [ 113.19146729, -7.82561016 ], [ 113.19151306, -7.82535982 ], [ 113.19152832, -7.82512999 ], [ 113.19161224, -7.82454014 ], [ 113.19165039, -7.82440996 ], [ 113.19219208, -7.82429981 ], [ 113.19233704, -7.82425022 ], [ 113.19246674, -7.82414007 ], [ 113.19255829, -7.8239398 ], [ 113.19271088, -7.82326984 ], [ 113.19277954, -7.82310009 ], [ 113.19320679, -7.82271004 ], [ 113.19342041, -7.82252979 ], [ 113.19350433, -7.82241535 ], [ 113.19386292, -7.82281017 ], [ 113.19469452, -7.82331371 ], [ 113.19528961, -7.82276869 ], [ 113.19542694, -7.8227005 ], [ 113.19617462, -7.82305765 ], [ 113.19674683, -7.82327366 ], [ 113.19810486, -7.82059956 ], [ 113.19816589, -7.82048559 ], [ 113.19830322, -7.82022524 ], [ 113.1984024, -7.82005548 ], [ 113.19860077, -7.81968212 ], [ 113.19904327, -7.81886721 ], [ 113.19917297, -7.81862926 ], [ 113.19927216, -7.8184371 ], [ 113.19933319, -7.81832409 ], [ 113.19944763, -7.81817484 ], [ 113.20175171, -7.81965446 ], [ 113.20441437, -7.81984568 ], [ 113.20503235, -7.81993628 ], [ 113.20539856, -7.81998491 ], [ 113.20563507, -7.81866169 ], [ 113.20635986, -7.81733894 ], [ 113.20639801, -7.81726599 ], [ 113.20693207, -7.8168211 ], [ 113.20704651, -7.81645727 ], [ 113.20726776, -7.81631804 ], [ 113.2074585, -7.81607723 ], [ 113.20761871, -7.81592703 ], [ 113.20765686, -7.81583929 ], [ 113.20773315, -7.81568289 ], [ 113.2077713, -7.81558466 ], [ 113.20783997, -7.81548214 ], [ 113.207901, -7.81528139 ], [ 113.20800018, -7.81497478 ], [ 113.20802307, -7.81476879 ], [ 113.20831299, -7.81481743 ], [ 113.20872498, -7.81497812 ], [ 113.20900726, -7.81507635 ], [ 113.2088623, -7.81541681 ], [ 113.20809174, -7.81678963 ], [ 113.20972443, -7.81748438 ], [ 113.21005249, -7.81769753 ], [ 113.21131134, -7.81818533 ], [ 113.21213531, -7.81842327 ], [ 113.21213531, -7.81892824 ], [ 113.21242523, -7.81911612 ], [ 113.21285248, -7.81933212 ], [ 113.21333313, -7.81949091 ], [ 113.2137146, -7.81969118 ], [ 113.21408081, -7.8198266 ], [ 113.21442413, -7.81991339 ], [ 113.21474457, -7.8200655 ], [ 113.2148819, -7.82014942 ], [ 113.2148056, -7.82028532 ], [ 113.2147522, -7.82037592 ], [ 113.21473694, -7.82055235 ], [ 113.21479034, -7.82100105 ], [ 113.2149353, -7.82180691 ], [ 113.21495056, -7.82206774 ], [ 113.21497345, -7.82250786 ], [ 113.21508026, -7.82267284 ], [ 113.21525574, -7.82294226 ], [ 113.21535492, -7.82309294 ], [ 113.21550751, -7.82351971 ], [ 113.21551514, -7.8237915 ], [ 113.2154541, -7.82399845 ], [ 113.21542358, -7.82412434 ], [ 113.2154007, -7.82422495 ], [ 113.21536255, -7.82431936 ], [ 113.2153244, -7.82441235 ], [ 113.21520996, -7.82451677 ], [ 113.21489716, -7.82465792 ], [ 113.21453094, -7.82485008 ], [ 113.2144165, -7.82490873 ], [ 113.21398163, -7.82519007 ], [ 113.21389008, -7.8252821 ], [ 113.21382141, -7.82534981 ], [ 113.21376038, -7.82551003 ], [ 113.21365356, -7.82570744 ], [ 113.21373749, -7.82585669 ], [ 113.21396637, -7.82599545 ], [ 113.21456146, -7.82617187 ], [ 113.21470642, -7.82615995 ], [ 113.21482849, -7.82637978 ], [ 113.21482849, -7.82649994 ], [ 113.2147522, -7.82665014 ], [ 113.21470642, -7.82672024 ], [ 113.21452332, -7.82702732 ], [ 113.21424866, -7.82746506 ], [ 113.21405029, -7.82778978 ], [ 113.21360779, -7.82853985 ], [ 113.21330261, -7.82889986 ], [ 113.21307373, -7.82906008 ], [ 113.21286011, -7.82918644 ], [ 113.21257782, -7.82919788 ], [ 113.21250153, -7.82921743 ], [ 113.21233368, -7.82925892 ], [ 113.2121048, -7.82936001 ], [ 113.21187592, -7.82957125 ], [ 113.21138763, -7.83008289 ], [ 113.21117401, -7.83014393 ], [ 113.21096802, -7.830235 ], [ 113.21065521, -7.83023643 ], [ 113.21037292, -7.83023787 ], [ 113.2101059, -7.83025885 ], [ 113.20985413, -7.83044052 ], [ 113.20967865, -7.83081055 ], [ 113.20954895, -7.83113098 ], [ 113.2094574, -7.83147097 ], [ 113.20935822, -7.83171558 ], [ 113.20915985, -7.83221769 ], [ 113.20904541, -7.83251143 ], [ 113.20870209, -7.83340979 ], [ 113.20855713, -7.83370209 ], [ 113.2082901, -7.83380365 ], [ 113.20794678, -7.83390999 ], [ 113.20764923, -7.83416986 ], [ 113.20758057, -7.83438015 ], [ 113.20746613, -7.83445692 ], [ 113.20744324, -7.83470678 ], [ 113.20733643, -7.83518648 ], [ 113.20724487, -7.83545637 ], [ 113.20729828, -7.83576584 ], [ 113.2073822, -7.83616495 ], [ 113.20743561, -7.83640432 ], [ 113.2075119, -7.83651352 ], [ 113.20780182, -7.83651209 ], [ 113.20797729, -7.83657122 ], [ 113.20808411, -7.8366704 ], [ 113.20807648, -7.8367548 ], [ 113.20807648, -7.83684015 ], [ 113.20810699, -7.83702946 ], [ 113.20806885, -7.83718967 ], [ 113.20793915, -7.83749008 ], [ 113.20799255, -7.83772945 ], [ 113.20811462, -7.83823776 ], [ 113.20822144, -7.8384099 ], [ 113.20810699, -7.83865976 ], [ 113.20783234, -7.83886814 ], [ 113.20758057, -7.83932734 ], [ 113.20746613, -7.83952951 ], [ 113.20736694, -7.8396697 ], [ 113.20729065, -7.83990955 ], [ 113.20728302, -7.84026909 ], [ 113.20760345, -7.84046698 ], [ 113.20794678, -7.84054518 ], [ 113.20834351, -7.84066296 ], [ 113.20842743, -7.8407526 ], [ 113.20851135, -7.84085131 ], [ 113.20852661, -7.84098005 ], [ 113.20844269, -7.84120178 ], [ 113.20828247, -7.84131241 ], [ 113.20799255, -7.84139395 ], [ 113.2075882, -7.84144592 ], [ 113.20730591, -7.84150696 ], [ 113.20706177, -7.84176826 ], [ 113.20702362, -7.84210777 ], [ 113.20696259, -7.84271717 ], [ 113.20679474, -7.84296751 ], [ 113.20640564, -7.84312963 ], [ 113.20610046, -7.84341049 ], [ 113.20585632, -7.84358168 ], [ 113.20549011, -7.84381342 ], [ 113.20514679, -7.84414434 ], [ 113.2050705, -7.84450436 ], [ 113.20504761, -7.84499407 ], [ 113.20487976, -7.84567356 ], [ 113.20488739, -7.84601307 ], [ 113.20467377, -7.8462038 ], [ 113.20446777, -7.84631491 ], [ 113.20436859, -7.84653521 ], [ 113.2044754, -7.84672403 ], [ 113.20470428, -7.84683275 ], [ 113.2052536, -7.8468399 ], [ 113.20532227, -7.84695244 ], [ 113.20536041, -7.84710979 ], [ 113.20529175, -7.84721994 ], [ 113.20518494, -7.84736967 ], [ 113.2050705, -7.84747982 ], [ 113.20488739, -7.84759092 ], [ 113.20469666, -7.84756994 ], [ 113.20444489, -7.84760284 ], [ 113.20436096, -7.8477931 ], [ 113.20435333, -7.84789419 ], [ 113.20435333, -7.84814262 ], [ 113.20471191, -7.84831047 ], [ 113.20484161, -7.84844875 ], [ 113.20492554, -7.84852934 ], [ 113.20474243, -7.84874964 ], [ 113.20458221, -7.84873056 ], [ 113.204422, -7.84884119 ], [ 113.20422363, -7.84890223 ], [ 113.20393372, -7.84877396 ], [ 113.20388031, -7.8484745 ], [ 113.20371246, -7.8483758 ], [ 113.20355225, -7.8483367 ], [ 113.20333099, -7.8483777 ], [ 113.20316315, -7.84849834 ], [ 113.20309448, -7.84861851 ], [ 113.20307922, -7.84876871 ], [ 113.20301819, -7.84908009 ], [ 113.20291901, -7.84928989 ], [ 113.20272827, -7.84952021 ], [ 113.20200348, -7.85026979 ], [ 113.20166779, -7.85038328 ], [ 113.20163727, -7.85063314 ], [ 113.20166779, -7.85090256 ], [ 113.20188141, -7.85118103 ], [ 113.20187378, -7.85146093 ], [ 113.20167542, -7.85153151 ], [ 113.20134735, -7.85161352 ], [ 113.20095062, -7.85149574 ], [ 113.20071411, -7.85131693 ], [ 113.20044708, -7.85106897 ], [ 113.20026398, -7.8510499 ], [ 113.20001984, -7.85098124 ], [ 113.1998291, -7.85106993 ], [ 113.1996994, -7.85124016 ], [ 113.19937897, -7.85147381 ], [ 113.19948578, -7.8516531 ], [ 113.199646, -7.85184193 ], [ 113.19972229, -7.85200977 ], [ 113.19963837, -7.85217142 ], [ 113.19953918, -7.85238171 ], [ 113.19923401, -7.85247326 ], [ 113.19891357, -7.85245991 ], [ 113.19879913, -7.85254526 ], [ 113.19853973, -7.85270643 ], [ 113.19841003, -7.85282993 ], [ 113.19819641, -7.85301781 ], [ 113.19824219, -7.85329723 ], [ 113.1985321, -7.85374498 ], [ 113.19859314, -7.85398006 ], [ 113.19847107, -7.85429001 ], [ 113.19815063, -7.85506487 ], [ 113.19793701, -7.8552947 ], [ 113.19779205, -7.85576582 ], [ 113.19777679, -7.85585785 ], [ 113.19772339, -7.85621548 ], [ 113.19779205, -7.85635471 ], [ 113.19800568, -7.85639381 ], [ 113.19824219, -7.85625267 ], [ 113.19847107, -7.85608149 ], [ 113.1986618, -7.85610056 ], [ 113.19877625, -7.85615015 ], [ 113.19885254, -7.85626316 ], [ 113.19898987, -7.85660839 ], [ 113.19896698, -7.85692787 ], [ 113.19896698, -7.85708761 ], [ 113.1988678, -7.85719013 ], [ 113.19867706, -7.85727882 ], [ 113.19837952, -7.85733032 ], [ 113.19812012, -7.8572917 ], [ 113.19808197, -7.85743189 ], [ 113.19804382, -7.85762167 ], [ 113.19818115, -7.85788059 ], [ 113.19842529, -7.85808897 ], [ 113.19860077, -7.8582201 ], [ 113.1985321, -7.8583498 ], [ 113.19842529, -7.85855579 ], [ 113.19823456, -7.8586874 ], [ 113.19815063, -7.85875368 ], [ 113.19892883, -7.85886049 ], [ 113.19998932, -7.85900593 ], [ 113.20024109, -7.85902929 ], [ 113.20081329, -7.85911608 ], [ 113.20144653, -7.85922718 ], [ 113.20200348, -7.85940456 ], [ 113.20296478, -7.85960436 ], [ 113.20339966, -7.85966587 ], [ 113.20394135, -7.85976267 ], [ 113.20439911, -7.8598423 ], [ 113.20469666, -7.8599143 ], [ 113.20485687, -7.85991335 ], [ 113.20516205, -7.86009169 ], [ 113.20555115, -7.86008978 ], [ 113.20587921, -7.86010408 ], [ 113.20641327, -7.8601017 ], [ 113.20683289, -7.8601079 ], [ 113.20761108, -7.86017704 ], [ 113.20801544, -7.86024046 ], [ 113.20802307, -7.86033869 ], [ 113.20813751, -7.86035442 ], [ 113.2084198, -7.86038589 ], [ 113.20865631, -7.86043072 ], [ 113.20883179, -7.86046553 ], [ 113.2089386, -7.86048508 ], [ 113.2096405, -7.86061668 ], [ 113.21014404, -7.86048985 ], [ 113.21029663, -7.86051273 ], [ 113.21096802, -7.86053944 ], [ 113.21191406, -7.86073256 ], [ 113.2125473, -7.86086035 ], [ 113.21392059, -7.86116266 ], [ 113.21472168, -7.86126852 ], [ 113.2151413, -7.86138582 ], [ 113.21551514, -7.86142397 ], [ 113.21590424, -7.86146212 ], [ 113.21609497, -7.86144114 ], [ 113.21626282, -7.86205912 ], [ 113.21736145, -7.86209345 ], [ 113.21825409, -7.86209869 ], [ 113.21865082, -7.86206627 ], [ 113.2188797, -7.86206532 ], [ 113.22068024, -7.86223984 ], [ 113.22133636, -7.86258984 ], [ 113.22168732, -7.86277008 ], [ 113.2218399, -7.86290121 ], [ 113.22261047, -7.8635602 ], [ 113.22226715, -7.86407995 ], [ 113.22194672, -7.86434555 ], [ 113.22153473, -7.86486721 ], [ 113.22136688, -7.86534739 ], [ 113.22130585, -7.86570692 ], [ 113.22145081, -7.86605549 ], [ 113.22138214, -7.86624575 ], [ 113.22123718, -7.86645603 ], [ 113.22107697, -7.86666679 ], [ 113.22064972, -7.8668685 ], [ 113.22032928, -7.86710978 ], [ 113.2202301, -7.86733007 ], [ 113.2201004, -7.86754036 ], [ 113.2201767, -7.86786985 ], [ 113.22029877, -7.86815882 ], [ 113.22052765, -7.86845684 ], [ 113.22085571, -7.86855793 ], [ 113.22090912, -7.86872005 ], [ 113.22084808, -7.86884022 ], [ 113.22074127, -7.86893988 ], [ 113.22055817, -7.86898994 ], [ 113.2203598, -7.86907005 ], [ 113.22012329, -7.86918783 ], [ 113.21994019, -7.86939859 ], [ 113.21994781, -7.8696084 ], [ 113.22006226, -7.86972761 ], [ 113.22016907, -7.86983681 ], [ 113.2204895, -7.87001467 ], [ 113.22075653, -7.87008333 ], [ 113.22093964, -7.87019205 ], [ 113.22102356, -7.87040138 ], [ 113.22096252, -7.87060118 ], [ 113.2208786, -7.87072182 ], [ 113.2208252, -7.87087154 ], [ 113.22073364, -7.8712616 ], [ 113.22029877, -7.87153339 ], [ 113.22029114, -7.87203264 ], [ 113.22029877, -7.87234211 ], [ 113.22032166, -7.87268162 ], [ 113.22039032, -7.87294102 ], [ 113.22039795, -7.87316036 ], [ 113.22032166, -7.87338018 ], [ 113.22024536, -7.87355089 ], [ 113.22001648, -7.87361193 ], [ 113.21970367, -7.87356377 ], [ 113.2194519, -7.87358475 ], [ 113.2191925, -7.87347651 ], [ 113.21907806, -7.87357712 ], [ 113.21896362, -7.87368011 ], [ 113.21891022, -7.87378979 ], [ 113.21881104, -7.87377024 ], [ 113.21865845, -7.8736701 ], [ 113.21845245, -7.87362003 ], [ 113.21828461, -7.87366104 ], [ 113.21818542, -7.87363148 ], [ 113.21806335, -7.8737402 ], [ 113.21794891, -7.87388992 ], [ 113.21781158, -7.87400293 ], [ 113.21757507, -7.87402439 ], [ 113.21737671, -7.87392998 ], [ 113.21718597, -7.87396622 ], [ 113.21707153, -7.8741169 ], [ 113.21711731, -7.87434626 ], [ 113.21718597, -7.87457561 ], [ 113.21723938, -7.87477493 ], [ 113.21730804, -7.87495422 ], [ 113.21736145, -7.87524366 ], [ 113.21741486, -7.87553263 ], [ 113.21751404, -7.87580204 ], [ 113.21777344, -7.87598991 ], [ 113.21782684, -7.87622023 ], [ 113.21780396, -7.87633801 ], [ 113.21768951, -7.87645006 ], [ 113.21757507, -7.87647295 ], [ 113.21736145, -7.87663126 ], [ 113.21720123, -7.87679195 ], [ 113.21705627, -7.87699986 ], [ 113.21691132, -7.87704992 ], [ 113.21669006, -7.87709188 ], [ 113.21639252, -7.87710238 ], [ 113.21604919, -7.87703753 ], [ 113.21575165, -7.87700748 ], [ 113.2154541, -7.87706709 ], [ 113.21520233, -7.87716627 ], [ 113.21489716, -7.87731028 ], [ 113.21450806, -7.87751293 ], [ 113.21401978, -7.87767553 ], [ 113.21367645, -7.8777442 ], [ 113.21343231, -7.87778044 ], [ 113.21315765, -7.87787199 ], [ 113.21290588, -7.87797356 ], [ 113.21273041, -7.87803888 ], [ 113.21237946, -7.87820005 ], [ 113.21217346, -7.87840986 ], [ 113.21201324, -7.87865019 ], [ 113.21188354, -7.87881851 ], [ 113.21169281, -7.87894011 ], [ 113.21130371, -7.87910986 ], [ 113.21109009, -7.87919092 ], [ 113.21092224, -7.87942123 ], [ 113.21085358, -7.87991762 ], [ 113.21085358, -7.88007545 ], [ 113.21083832, -7.88030481 ], [ 113.21089172, -7.88054991 ], [ 113.21076202, -7.88068342 ], [ 113.21059418, -7.88072443 ], [ 113.21047974, -7.88075161 ], [ 113.21038818, -7.88085461 ], [ 113.21040344, -7.88107681 ], [ 113.21047211, -7.88127232 ], [ 113.21045685, -7.88141918 ], [ 113.21031189, -7.88157558 ], [ 113.21021271, -7.88174105 ], [ 113.21025085, -7.88183403 ], [ 113.21034241, -7.88194036 ], [ 113.21043396, -7.88204241 ], [ 113.21057892, -7.88217068 ], [ 113.21065521, -7.88235712 ], [ 113.21066284, -7.88243008 ], [ 113.21053314, -7.88250923 ], [ 113.21035767, -7.88247013 ], [ 113.21022797, -7.88250017 ], [ 113.20999908, -7.88268995 ], [ 113.21014404, -7.8829298 ], [ 113.21026611, -7.88312054 ], [ 113.21029663, -7.88339186 ], [ 113.21031189, -7.88349819 ], [ 113.21029663, -7.88368988 ], [ 113.21016693, -7.88383007 ], [ 113.20993805, -7.8839674 ], [ 113.21001434, -7.88408279 ], [ 113.21022797, -7.88416195 ], [ 113.21045685, -7.8842721 ], [ 113.21053314, -7.88440084 ], [ 113.21051788, -7.88450289 ], [ 113.21041107, -7.88461018 ], [ 113.21029663, -7.88471317 ], [ 113.21012115, -7.88473225 ], [ 113.21007538, -7.88483047 ], [ 113.21019745, -7.88498974 ], [ 113.21035767, -7.88508224 ], [ 113.21048737, -7.88521528 ], [ 113.2105484, -7.88535309 ], [ 113.21056366, -7.88550854 ], [ 113.21059418, -7.88600683 ], [ 113.21061707, -7.88627386 ], [ 113.21060944, -7.88660765 ], [ 113.21063995, -7.8868165 ], [ 113.21068573, -7.88723898 ], [ 113.21077728, -7.88743448 ], [ 113.21080017, -7.88758993 ], [ 113.21077728, -7.88779497 ], [ 113.21054077, -7.88785839 ], [ 113.21052551, -7.88809443 ], [ 113.21057892, -7.88837433 ], [ 113.21058655, -7.88867283 ], [ 113.21057129, -7.88897562 ], [ 113.21052551, -7.88914061 ], [ 113.21044159, -7.88932323 ], [ 113.21028137, -7.88971138 ], [ 113.20996857, -7.89028692 ], [ 113.2095871, -7.89075613 ], [ 113.20937347, -7.89097977 ], [ 113.20921326, -7.89105988 ], [ 113.20897675, -7.89106655 ], [ 113.20891571, -7.89118242 ], [ 113.20896912, -7.89135599 ], [ 113.20903778, -7.89147139 ], [ 113.20903015, -7.89160919 ], [ 113.208992, -7.89171171 ], [ 113.20892334, -7.89177895 ], [ 113.20881653, -7.89182854 ], [ 113.20867157, -7.89178991 ], [ 113.20855713, -7.89177179 ], [ 113.20848846, -7.89184809 ], [ 113.20843506, -7.89204216 ], [ 113.20844269, -7.89229345 ], [ 113.20839691, -7.8927474 ], [ 113.20828247, -7.89292622 ], [ 113.20820618, -7.89302444 ], [ 113.20811462, -7.89309359 ], [ 113.20791626, -7.89321804 ], [ 113.20780945, -7.89330673 ], [ 113.20779419, -7.89340496 ], [ 113.20788574, -7.89353323 ], [ 113.20801544, -7.89362526 ], [ 113.20813751, -7.89368343 ], [ 113.20810699, -7.89376831 ], [ 113.20806122, -7.89385271 ], [ 113.20795441, -7.89393854 ], [ 113.20787811, -7.89409065 ], [ 113.20778656, -7.8942337 ], [ 113.20778656, -7.89448977 ], [ 113.20774841, -7.89455652 ], [ 113.20768738, -7.89473581 ], [ 113.20764923, -7.89494991 ], [ 113.20768738, -7.8951354 ], [ 113.20780182, -7.89535284 ], [ 113.20806122, -7.89570427 ], [ 113.20797729, -7.89575386 ], [ 113.20783234, -7.89574575 ], [ 113.20767212, -7.89569521 ], [ 113.20760345, -7.89579964 ], [ 113.20750427, -7.89595222 ], [ 113.20750427, -7.89620113 ], [ 113.20751953, -7.89651728 ], [ 113.20755768, -7.89677048 ], [ 113.20756531, -7.8969574 ], [ 113.20752716, -7.89704275 ], [ 113.20741272, -7.89722347 ], [ 113.20729065, -7.89728117 ], [ 113.20714569, -7.89731026 ], [ 113.2070694, -7.89735842 ], [ 113.20705414, -7.89743423 ], [ 113.20703125, -7.89751005 ], [ 113.20703125, -7.89758587 ], [ 113.20705414, -7.89767122 ], [ 113.20713806, -7.8977375 ], [ 113.20726776, -7.89783144 ], [ 113.20739746, -7.89784956 ], [ 113.20755005, -7.89794016 ], [ 113.20751953, -7.89804411 ], [ 113.2073822, -7.89818096 ], [ 113.20713043, -7.89844513 ], [ 113.2070694, -7.89858675 ], [ 113.20709229, -7.89870548 ], [ 113.20719147, -7.89880037 ], [ 113.2073288, -7.8988266 ], [ 113.20743561, -7.89889812 ], [ 113.20748138, -7.89901686 ], [ 113.20748901, -7.89926958 ], [ 113.20742798, -7.89953136 ], [ 113.20727539, -7.89969397 ], [ 113.20718384, -7.89986372 ], [ 113.20717621, -7.90000677 ], [ 113.20722961, -7.90019321 ], [ 113.20730591, -7.9005332 ], [ 113.20735931, -7.90065861 ], [ 113.20745087, -7.90069723 ], [ 113.20763397, -7.90078783 ], [ 113.20776367, -7.90094185 ], [ 113.20801544, -7.90128899 ], [ 113.20810699, -7.90142059 ], [ 113.20822906, -7.90146017 ], [ 113.20858765, -7.90152597 ], [ 113.20864868, -7.90165377 ], [ 113.20864868, -7.90182638 ], [ 113.20858765, -7.90207815 ], [ 113.20847321, -7.90226936 ], [ 113.20828247, -7.90257931 ], [ 113.20827484, -7.90273714 ], [ 113.20834351, -7.90290117 ], [ 113.20852661, -7.90313482 ], [ 113.20876312, -7.90339565 ], [ 113.20884705, -7.90348339 ], [ 113.20882416, -7.90360689 ], [ 113.20870209, -7.9037528 ], [ 113.20846558, -7.90408802 ], [ 113.2082901, -7.90446091 ], [ 113.2082901, -7.904634 ], [ 113.20835114, -7.90479469 ], [ 113.20843506, -7.90483999 ], [ 113.20851135, -7.90485668 ], [ 113.20900726, -7.90492678 ], [ 113.20910645, -7.90502405 ], [ 113.20918274, -7.9052 ], [ 113.20916748, -7.90534925 ], [ 113.20904541, -7.90570164 ], [ 113.20880127, -7.9063859 ], [ 113.20880127, -7.90667772 ], [ 113.2088623, -7.90687943 ], [ 113.20887756, -7.907022 ], [ 113.20880127, -7.90712166 ], [ 113.2087326, -7.90725422 ], [ 113.20876312, -7.90736389 ], [ 113.20888519, -7.90749073 ], [ 113.20903778, -7.90748072 ], [ 113.20977783, -7.90733337 ], [ 113.21007538, -7.9073534 ], [ 113.21053314, -7.9074769 ], [ 113.21082306, -7.90759659 ], [ 113.21096802, -7.90774918 ], [ 113.21111298, -7.90800619 ], [ 113.21111298, -7.90817022 ], [ 113.21103668, -7.90832329 ], [ 113.21070099, -7.90892506 ], [ 113.21069336, -7.90910816 ], [ 113.21076202, -7.9092555 ], [ 113.21085358, -7.90928268 ], [ 113.21096039, -7.90924072 ], [ 113.21112061, -7.90916586 ], [ 113.21144104, -7.90901709 ], [ 113.21153259, -7.90910149 ], [ 113.21156311, -7.90923166 ], [ 113.21167755, -7.9097414 ], [ 113.21181488, -7.9099102 ], [ 113.21182251, -7.91000223 ], [ 113.21174622, -7.91015244 ], [ 113.21164703, -7.91038656 ], [ 113.21166992, -7.91051722 ], [ 113.21176147, -7.91063595 ], [ 113.21194458, -7.91088152 ], [ 113.21195984, -7.91103554 ], [ 113.21189117, -7.9112196 ], [ 113.21175385, -7.91141558 ], [ 113.21154785, -7.9115591 ], [ 113.21131897, -7.91174316 ], [ 113.2111969, -7.91192532 ], [ 113.21098328, -7.91232538 ], [ 113.21083832, -7.91256094 ], [ 113.21078491, -7.91277933 ], [ 113.2108078, -7.91299391 ], [ 113.21092224, -7.91328955 ], [ 113.21102142, -7.91354942 ], [ 113.21095276, -7.91366291 ], [ 113.21068573, -7.91388464 ], [ 113.21045685, -7.91412497 ], [ 113.21043396, -7.91427422 ], [ 113.21046448, -7.9145112 ], [ 113.21046448, -7.91468287 ], [ 113.21038818, -7.914855 ], [ 113.210289, -7.91494226 ], [ 113.21017456, -7.91494465 ], [ 113.21005249, -7.91497517 ], [ 113.20991516, -7.91509295 ], [ 113.20968628, -7.91538811 ], [ 113.20962524, -7.91556787 ], [ 113.20954132, -7.91583061 ], [ 113.20941162, -7.91591501 ], [ 113.20927429, -7.91591644 ], [ 113.20845032, -7.91581917 ], [ 113.20803833, -7.91586733 ], [ 113.20777893, -7.91596651 ], [ 113.20767975, -7.91608 ], [ 113.20766449, -7.91620111 ], [ 113.2076416, -7.91643476 ], [ 113.20748138, -7.91659355 ], [ 113.20726013, -7.91686249 ], [ 113.20722961, -7.91701746 ], [ 113.20728302, -7.91719627 ], [ 113.20746613, -7.91747904 ], [ 113.20755768, -7.91770315 ], [ 113.20755005, -7.91783476 ], [ 113.20742798, -7.91801262 ], [ 113.20713806, -7.91830254 ], [ 113.20674133, -7.91869259 ], [ 113.20655823, -7.91886902 ], [ 113.20643616, -7.91920662 ], [ 113.20637512, -7.91935396 ], [ 113.20610046, -7.91977882 ], [ 113.20610809, -7.91989708 ], [ 113.20619202, -7.91999769 ], [ 113.20655823, -7.92038631 ], [ 113.20664215, -7.92061138 ], [ 113.20664215, -7.92082024 ], [ 113.20657349, -7.92098808 ], [ 113.2065506, -7.9211421 ], [ 113.206604, -7.92128134 ], [ 113.20674896, -7.92143917 ], [ 113.20697021, -7.92167759 ], [ 113.20700073, -7.92182875 ], [ 113.20695496, -7.92203903 ], [ 113.20674133, -7.92297506 ], [ 113.20677948, -7.9236517 ], [ 113.20683289, -7.92394304 ], [ 113.20680237, -7.92409849 ], [ 113.20662689, -7.92459965 ], [ 113.20657349, -7.9247551 ], [ 113.2064209, -7.9251771 ], [ 113.20629883, -7.92586994 ], [ 113.20620728, -7.92636347 ], [ 113.20607758, -7.92693186 ], [ 113.20595551, -7.9270196 ], [ 113.20569611, -7.92711115 ] ] ] ] } },
{ "type": "Feature", "properties": { "GID_0": "IDN", "NAME_0": "Indonesia", "GID_1": "IDN.11_1", "NAME_1": "Jawa Timur", "NL_NAME_1": null, "GID_2": "IDN.11.30_1", "NAME_2": "Probolinggo", "NL_NAME_2": null, "GID_3": "IDN.11.30.2_1", "NAME_3": "Banyuanyar", "VARNAME_3": null, "NL_NAME_3": null, "TYPE_3": "Kecamatan", "ENGTYPE_3": "Sub-district", "CC_3": "3513070", "HASC_3": null }, "geometry": { "type": "MultiPolygon", "coordinates": [ [ [ [ 113.30492401, -7.92662477 ], [ 113.30439758, -7.92666292 ], [ 113.30319214, -7.92688751 ], [ 113.30191803, -7.92724895 ], [ 113.30161285, -7.92736483 ], [ 113.30085754, -7.92746925 ], [ 113.30033112, -7.92751551 ], [ 113.29962921, -7.92758322 ], [ 113.29872894, -7.92757225 ], [ 113.29806519, -7.92750549 ], [ 113.29685211, -7.92729521 ], [ 113.2963562, -7.92733002 ], [ 113.29502869, -7.92775774 ], [ 113.29538727, -7.92683983 ], [ 113.29517365, -7.92663383 ], [ 113.29516602, -7.92652893 ], [ 113.29502869, -7.92627001 ], [ 113.29496765, -7.92607021 ], [ 113.29495239, -7.92573071 ], [ 113.29495239, -7.92564011 ], [ 113.29463196, -7.9248023 ], [ 113.29438782, -7.92448997 ], [ 113.29405212, -7.92410994 ], [ 113.29370117, -7.92362022 ], [ 113.29341888, -7.92347002 ], [ 113.29245758, -7.92304993 ], [ 113.29222107, -7.92292023 ], [ 113.29205322, -7.92275 ], [ 113.29193115, -7.9225502 ], [ 113.29164124, -7.92202997 ], [ 113.29122162, -7.92183018 ], [ 113.291008, -7.92172003 ], [ 113.29075623, -7.92148018 ], [ 113.29048157, -7.92114019 ], [ 113.29016113, -7.92065001 ], [ 113.28990173, -7.9200902 ], [ 113.28984833, -7.91989899 ], [ 113.28975677, -7.91960001 ], [ 113.28952789, -7.9191699 ], [ 113.28926086, -7.91882992 ], [ 113.28914642, -7.91863012 ], [ 113.28914642, -7.91839981 ], [ 113.28919983, -7.91822004 ], [ 113.28923035, -7.91814995 ], [ 113.28923798, -7.91804981 ], [ 113.28919983, -7.9177599 ], [ 113.28908539, -7.91736364 ], [ 113.28900146, -7.91720009 ], [ 113.28887177, -7.91708994 ], [ 113.28864288, -7.91701984 ], [ 113.28849792, -7.91692019 ], [ 113.28842926, -7.91677999 ], [ 113.28839111, -7.91650009 ], [ 113.28829193, -7.91586018 ], [ 113.28823853, -7.91574097 ], [ 113.28813171, -7.91548014 ], [ 113.28775787, -7.91482019 ], [ 113.28771973, -7.91471004 ], [ 113.28768158, -7.91450977 ], [ 113.28762054, -7.91443014 ], [ 113.28752899, -7.91443014 ], [ 113.28739166, -7.91449022 ], [ 113.2869873, -7.91465998 ], [ 113.28688049, -7.91455984 ], [ 113.28676605, -7.91443777 ], [ 113.28656006, -7.91420984 ], [ 113.28650665, -7.91413021 ], [ 113.28649139, -7.91403008 ], [ 113.28652191, -7.91363001 ], [ 113.28656769, -7.91350985 ], [ 113.28675842, -7.9131999 ], [ 113.28678894, -7.91299009 ], [ 113.28684998, -7.91267014 ], [ 113.28703308, -7.91179991 ], [ 113.28701019, -7.91120005 ], [ 113.28703308, -7.91110754 ], [ 113.28707886, -7.9108901 ], [ 113.28710938, -7.91060019 ], [ 113.28717041, -7.91035748 ], [ 113.2871933, -7.91027021 ], [ 113.28726959, -7.90996742 ], [ 113.28730774, -7.90983009 ], [ 113.28726196, -7.90942001 ], [ 113.28730011, -7.90920019 ], [ 113.28736115, -7.90875006 ], [ 113.28727722, -7.9085598 ], [ 113.28723145, -7.90837002 ], [ 113.2870636, -7.90734005 ], [ 113.28704834, -7.90712023 ], [ 113.28703308, -7.90678978 ], [ 113.28700256, -7.90592003 ], [ 113.28717804, -7.90470982 ], [ 113.28717804, -7.90391016 ], [ 113.287323, -7.90235996 ], [ 113.28751373, -7.90199995 ], [ 113.28765106, -7.90164995 ], [ 113.28775024, -7.90115404 ], [ 113.28780365, -7.90092993 ], [ 113.28778839, -7.90063 ], [ 113.28762817, -7.89989996 ], [ 113.2875824, -7.89968252 ], [ 113.28751373, -7.89937258 ], [ 113.28746033, -7.89912987 ], [ 113.28710175, -7.89805984 ], [ 113.28681946, -7.8973999 ], [ 113.28677368, -7.89707994 ], [ 113.28672791, -7.89676237 ], [ 113.28672028, -7.89668989 ], [ 113.28662872, -7.89648008 ], [ 113.28646088, -7.89618015 ], [ 113.28639984, -7.89604521 ], [ 113.28601837, -7.89520979 ], [ 113.28600311, -7.89507246 ], [ 113.28598022, -7.8948698 ], [ 113.28604889, -7.89436007 ], [ 113.28611755, -7.89392996 ], [ 113.28617096, -7.89344311 ], [ 113.28620148, -7.89315987 ], [ 113.28623199, -7.89284992 ], [ 113.28618622, -7.89257002 ], [ 113.28592682, -7.89167976 ], [ 113.28585052, -7.89127016 ], [ 113.28588867, -7.89110994 ], [ 113.28600311, -7.89097977 ], [ 113.28643036, -7.89061022 ], [ 113.28646851, -7.89045 ], [ 113.28649902, -7.89002562 ], [ 113.28659058, -7.88993979 ], [ 113.28668213, -7.88971996 ], [ 113.28681946, -7.88955021 ], [ 113.28703308, -7.88932991 ], [ 113.28722382, -7.88901997 ], [ 113.28727722, -7.88892984 ], [ 113.28739929, -7.88853121 ], [ 113.28752136, -7.88764 ], [ 113.28752136, -7.88691998 ], [ 113.28755951, -7.88662004 ], [ 113.28778076, -7.8859601 ], [ 113.28775024, -7.88574982 ], [ 113.28771973, -7.88546991 ], [ 113.28762817, -7.88507986 ], [ 113.28743744, -7.88467979 ], [ 113.28733826, -7.88446999 ], [ 113.28727722, -7.88431978 ], [ 113.28720856, -7.88414001 ], [ 113.28716278, -7.88369131 ], [ 113.28696442, -7.88365746 ], [ 113.28677368, -7.88244534 ], [ 113.28692627, -7.88222265 ], [ 113.2869339, -7.88154268 ], [ 113.28673553, -7.88095188 ], [ 113.28688049, -7.88052225 ], [ 113.28741455, -7.88013506 ], [ 113.28766632, -7.87945318 ], [ 113.28778076, -7.87894964 ], [ 113.28794098, -7.87859392 ], [ 113.28826904, -7.87820768 ], [ 113.28826141, -7.87779045 ], [ 113.28874969, -7.87736177 ], [ 113.28895569, -7.87725735 ], [ 113.28901672, -7.87712383 ], [ 113.28908539, -7.87688684 ], [ 113.28907013, -7.87675381 ], [ 113.28902435, -7.87657642 ], [ 113.28898621, -7.87636995 ], [ 113.28905487, -7.87623644 ], [ 113.28913116, -7.87607336 ], [ 113.28911591, -7.87592554 ], [ 113.28910065, -7.8757925 ], [ 113.28918457, -7.87562943 ], [ 113.28933716, -7.87548065 ], [ 113.28964233, -7.8751092 ], [ 113.28961945, -7.87486315 ], [ 113.28952026, -7.87475491 ], [ 113.28945923, -7.87447405 ], [ 113.28945923, -7.87428188 ], [ 113.2895813, -7.87402964 ], [ 113.28985596, -7.87348127 ], [ 113.29012299, -7.87336493 ], [ 113.29013062, -7.87322998 ], [ 113.29019928, -7.87271976 ], [ 113.2901535, -7.87110996 ], [ 113.29003143, -7.87050009 ], [ 113.2899704, -7.87021017 ], [ 113.28994751, -7.86935997 ], [ 113.28991699, -7.86882019 ], [ 113.28987122, -7.86859989 ], [ 113.28978729, -7.86844015 ], [ 113.28964996, -7.86831999 ], [ 113.28952026, -7.86827993 ], [ 113.28939056, -7.86830997 ], [ 113.28929138, -7.86841011 ], [ 113.28923798, -7.8685298 ], [ 113.28913879, -7.86857986 ], [ 113.28904724, -7.86855984 ], [ 113.28878784, -7.86823988 ], [ 113.28865051, -7.86780977 ], [ 113.28858185, -7.86744022 ], [ 113.28858948, -7.86729002 ], [ 113.28864288, -7.86720991 ], [ 113.28883362, -7.86721992 ], [ 113.28894806, -7.86722994 ], [ 113.28901672, -7.86716986 ], [ 113.28878784, -7.86595011 ], [ 113.28846741, -7.86514997 ], [ 113.28818512, -7.86441851 ], [ 113.2881012, -7.8641901 ], [ 113.28807068, -7.86404562 ], [ 113.28798676, -7.86362171 ], [ 113.2879715, -7.86355019 ], [ 113.28791809, -7.86343002 ], [ 113.28787231, -7.86329985 ], [ 113.28778839, -7.86310005 ], [ 113.28755951, -7.86245012 ], [ 113.28749847, -7.86174011 ], [ 113.28746033, -7.86131001 ], [ 113.28739166, -7.86105013 ], [ 113.28721619, -7.86092997 ], [ 113.2869873, -7.8607502 ], [ 113.28675842, -7.86066008 ], [ 113.28662109, -7.8605299 ], [ 113.28650665, -7.8603301 ], [ 113.28637695, -7.85941982 ], [ 113.28639984, -7.85914993 ], [ 113.28656769, -7.85867023 ], [ 113.28663635, -7.85842991 ], [ 113.28663635, -7.85828018 ], [ 113.28649902, -7.85800982 ], [ 113.28633881, -7.85777998 ], [ 113.28624725, -7.85749006 ], [ 113.28629303, -7.85672998 ], [ 113.28635406, -7.85634422 ], [ 113.28661346, -7.85572004 ], [ 113.28671265, -7.85544014 ], [ 113.28672028, -7.8552599 ], [ 113.28649139, -7.85482979 ], [ 113.28645325, -7.85471439 ], [ 113.28624725, -7.8540802 ], [ 113.28608704, -7.85376978 ], [ 113.28595734, -7.85353994 ], [ 113.28594208, -7.85341978 ], [ 113.28601837, -7.85323 ], [ 113.28668213, -7.85271978 ], [ 113.28690338, -7.85256004 ], [ 113.28704071, -7.85239983 ], [ 113.28710938, -7.85224009 ], [ 113.28710938, -7.8520999 ], [ 113.28691864, -7.85188007 ], [ 113.28681946, -7.85176992 ], [ 113.28679657, -7.85166979 ], [ 113.28697968, -7.8513999 ], [ 113.28714752, -7.85115004 ], [ 113.28723907, -7.85091019 ], [ 113.28723907, -7.85072994 ], [ 113.28717804, -7.85055017 ], [ 113.2870636, -7.85039997 ], [ 113.28662872, -7.85016012 ], [ 113.28649902, -7.85007 ], [ 113.28645325, -7.84997988 ], [ 113.28649902, -7.84985018 ], [ 113.28653717, -7.84975004 ], [ 113.28649902, -7.84964991 ], [ 113.2858429, -7.84945011 ], [ 113.28530884, -7.84920979 ], [ 113.28514862, -7.84910011 ], [ 113.2849884, -7.84888983 ], [ 113.284935, -7.84871054 ], [ 113.28479767, -7.84829998 ], [ 113.28469086, -7.84790993 ], [ 113.28457642, -7.84763002 ], [ 113.28411865, -7.84713888 ], [ 113.28405762, -7.84708023 ], [ 113.2838974, -7.84687996 ], [ 113.28370667, -7.84649992 ], [ 113.28356934, -7.84625006 ], [ 113.28338623, -7.84606981 ], [ 113.28294373, -7.84601021 ], [ 113.2828064, -7.84599018 ], [ 113.28270721, -7.84587145 ], [ 113.28269196, -7.84572554 ], [ 113.28266144, -7.84549999 ], [ 113.2826004, -7.84497023 ], [ 113.28253937, -7.84473991 ], [ 113.28246307, -7.84446001 ], [ 113.28238678, -7.84423351 ], [ 113.28179169, -7.84231997 ], [ 113.28144073, -7.84145021 ], [ 113.28127289, -7.84113979 ], [ 113.28113556, -7.84102106 ], [ 113.28102875, -7.84092999 ], [ 113.27931976, -7.8407402 ], [ 113.27913666, -7.84071016 ], [ 113.27879333, -7.84046984 ], [ 113.27857971, -7.84027004 ], [ 113.27851868, -7.84013557 ], [ 113.27841949, -7.83992004 ], [ 113.27825165, -7.83946991 ], [ 113.27822113, -7.8393712 ], [ 113.27809143, -7.83887005 ], [ 113.27806854, -7.83866978 ], [ 113.27803802, -7.83845997 ], [ 113.27812958, -7.83748102 ], [ 113.27819061, -7.83688021 ], [ 113.27819824, -7.83590984 ], [ 113.27823639, -7.8357501 ], [ 113.27825165, -7.83561993 ], [ 113.27818298, -7.83519983 ], [ 113.27813721, -7.83481979 ], [ 113.27809906, -7.83453989 ], [ 113.27832794, -7.83427 ], [ 113.27852631, -7.83427 ], [ 113.2792511, -7.83441019 ], [ 113.28005981, -7.83452988 ], [ 113.28054047, -7.8344698 ], [ 113.28079224, -7.83420992 ], [ 113.28121948, -7.83337021 ], [ 113.28143311, -7.83289003 ], [ 113.28191376, -7.83146 ], [ 113.28198242, -7.83127022 ], [ 113.28222656, -7.8303299 ], [ 113.28220367, -7.82954979 ], [ 113.28205109, -7.82937002 ], [ 113.28198242, -7.82926989 ], [ 113.28199005, -7.82886982 ], [ 113.28205109, -7.82837009 ], [ 113.28209686, -7.82826996 ], [ 113.28218842, -7.82823992 ], [ 113.28231812, -7.82826996 ], [ 113.28237915, -7.82820988 ], [ 113.28237152, -7.82803011 ], [ 113.28222656, -7.82740021 ], [ 113.28222656, -7.82723999 ], [ 113.28227997, -7.82713985 ], [ 113.2824173, -7.82711983 ], [ 113.28253937, -7.82711983 ], [ 113.28291321, -7.82647991 ], [ 113.28314209, -7.82566023 ], [ 113.28320313, -7.82549 ], [ 113.28328705, -7.82547998 ], [ 113.28337097, -7.82546997 ], [ 113.28369141, -7.82543993 ], [ 113.28405762, -7.82543039 ], [ 113.28524017, -7.82539988 ], [ 113.28514099, -7.82503986 ], [ 113.28518677, -7.82454014 ], [ 113.28540039, -7.82410002 ], [ 113.28555298, -7.82391977 ], [ 113.2857132, -7.82382011 ], [ 113.28585815, -7.82383013 ], [ 113.28607941, -7.82390022 ], [ 113.28617859, -7.82399988 ], [ 113.28617096, -7.82409 ], [ 113.28614044, -7.82430983 ], [ 113.28618622, -7.82440996 ], [ 113.28627777, -7.82442999 ], [ 113.28646851, -7.82437992 ], [ 113.2868576, -7.82426977 ], [ 113.28713989, -7.82427979 ], [ 113.28733063, -7.82433987 ], [ 113.28751373, -7.82437992 ], [ 113.2877121, -7.82431984 ], [ 113.28782654, -7.82431984 ], [ 113.28791046, -7.82440996 ], [ 113.2881546, -7.82467413 ], [ 113.2882843, -7.82370043 ], [ 113.28839874, -7.82285309 ], [ 113.28843689, -7.82263756 ], [ 113.28861237, -7.82259369 ], [ 113.28971863, -7.82281733 ], [ 113.29031372, -7.82292891 ], [ 113.29060364, -7.82304192 ], [ 113.29077148, -7.82312727 ], [ 113.29097748, -7.8230257 ], [ 113.29134369, -7.82266474 ], [ 113.29153442, -7.82259226 ], [ 113.29184723, -7.82259035 ], [ 113.29192352, -7.82261896 ], [ 113.29203796, -7.82273293 ], [ 113.29325867, -7.822999 ], [ 113.29338074, -7.82302713 ], [ 113.29354858, -7.82341337 ], [ 113.2936554, -7.82352781 ], [ 113.29389954, -7.82348347 ], [ 113.29450989, -7.82310009 ], [ 113.29460907, -7.82304335 ], [ 113.29493713, -7.82285976 ], [ 113.29570007, -7.82269001 ], [ 113.29580688, -7.82269955 ], [ 113.29613495, -7.82272959 ], [ 113.29624939, -7.82230902 ], [ 113.29656982, -7.82216501 ], [ 113.2978363, -7.82139349 ], [ 113.29849243, -7.82124758 ], [ 113.29866791, -7.82126474 ], [ 113.30102539, -7.82150078 ], [ 113.30102539, -7.82130527 ], [ 113.30125427, -7.82116175 ], [ 113.30145264, -7.82096481 ], [ 113.30153656, -7.820858 ], [ 113.30178833, -7.82069635 ], [ 113.30198669, -7.8205533 ], [ 113.30212402, -7.82029295 ], [ 113.30236053, -7.82036066 ], [ 113.30258179, -7.82043409 ], [ 113.30277252, -7.82047319 ], [ 113.30312347, -7.82062054 ], [ 113.30332184, -7.82068253 ], [ 113.30367279, -7.82072639 ], [ 113.3039093, -7.82077122 ], [ 113.30419159, -7.82094193 ], [ 113.30451965, -7.82107782 ], [ 113.30451202, -7.82121181 ], [ 113.30448914, -7.82158899 ], [ 113.30493164, -7.82158661 ], [ 113.30502319, -7.82139111 ], [ 113.30509949, -7.82118368 ], [ 113.30518341, -7.82103539 ], [ 113.30515289, -7.82143974 ], [ 113.30511475, -7.8217597 ], [ 113.30486298, -7.82198715 ], [ 113.30480194, -7.82216978 ], [ 113.30477905, -7.82224226 ], [ 113.30497742, -7.82308865 ], [ 113.3055191, -7.82317066 ], [ 113.30586243, -7.82353592 ], [ 113.3058548, -7.82373095 ], [ 113.30599213, -7.82376003 ], [ 113.30631256, -7.82379675 ], [ 113.306427, -7.8238101 ], [ 113.30805206, -7.82384014 ], [ 113.30860901, -7.82384014 ], [ 113.30872345, -7.82383108 ], [ 113.30869293, -7.82329464 ], [ 113.30874634, -7.8232379 ], [ 113.30902863, -7.82317972 ], [ 113.30940247, -7.82317781 ], [ 113.30957031, -7.82323313 ], [ 113.30971527, -7.82331705 ], [ 113.30981445, -7.8233366 ], [ 113.30987549, -7.82375765 ], [ 113.31002808, -7.82374001 ], [ 113.310112, -7.82372999 ], [ 113.31134033, -7.82359982 ], [ 113.31243896, -7.82366991 ], [ 113.31388855, -7.82370996 ], [ 113.31456757, -7.82376003 ], [ 113.31475067, -7.82335997 ], [ 113.31517029, -7.82342005 ], [ 113.31549072, -7.82343388 ], [ 113.31587982, -7.82345009 ], [ 113.31587982, -7.8232398 ], [ 113.31590271, -7.82306004 ], [ 113.31594849, -7.82284021 ], [ 113.31601715, -7.82250977 ], [ 113.31619263, -7.82188988 ], [ 113.31626892, -7.82148981 ], [ 113.31624603, -7.8212595 ], [ 113.31634521, -7.82104826 ], [ 113.31669617, -7.82054329 ], [ 113.31708527, -7.81976223 ], [ 113.31723022, -7.81935596 ], [ 113.3174057, -7.81877089 ], [ 113.31748199, -7.81799173 ], [ 113.31747437, -7.8178792 ], [ 113.31744385, -7.81744051 ], [ 113.31748199, -7.81701803 ], [ 113.31764984, -7.81656313 ], [ 113.31773376, -7.81625986 ], [ 113.31793213, -7.81595993 ], [ 113.31826782, -7.81550169 ], [ 113.3183136, -7.81544018 ], [ 113.31846619, -7.81520987 ], [ 113.31859589, -7.81531525 ], [ 113.31919861, -7.8158102 ], [ 113.31939697, -7.81547976 ], [ 113.31956482, -7.81511688 ], [ 113.31962585, -7.81491661 ], [ 113.31971741, -7.81459713 ], [ 113.31974792, -7.81448555 ], [ 113.31977844, -7.81435394 ], [ 113.31984711, -7.81417751 ], [ 113.3199234, -7.81401062 ], [ 113.32003021, -7.81387663 ], [ 113.32009888, -7.81369066 ], [ 113.32016754, -7.81336212 ], [ 113.32028198, -7.81311893 ], [ 113.32048035, -7.8126893 ], [ 113.32058716, -7.81223154 ], [ 113.3205719, -7.81184149 ], [ 113.32060242, -7.81162214 ], [ 113.32057953, -7.81138897 ], [ 113.32072449, -7.81143427 ], [ 113.32084656, -7.8115325 ], [ 113.320961, -7.81153202 ], [ 113.32102966, -7.81176281 ], [ 113.32130432, -7.81187677 ], [ 113.32150269, -7.81191778 ], [ 113.32159424, -7.81193399 ], [ 113.32159424, -7.8120327 ], [ 113.32168579, -7.8121686 ], [ 113.32175446, -7.81228256 ], [ 113.32176208, -7.81252527 ], [ 113.32182312, -7.81268263 ], [ 113.32184601, -7.812819 ], [ 113.32185364, -7.81318665 ], [ 113.32186127, -7.81333351 ], [ 113.32192993, -7.81343842 ], [ 113.32205963, -7.8135004 ], [ 113.32222748, -7.81356287 ], [ 113.32228088, -7.81363583 ], [ 113.32235718, -7.81364584 ], [ 113.32249451, -7.81376076 ], [ 113.32252502, -7.81390762 ], [ 113.32266998, -7.8139596 ], [ 113.32278442, -7.81392717 ], [ 113.32287598, -7.81393433 ], [ 113.32301331, -7.81394196 ], [ 113.32323456, -7.81416655 ], [ 113.32345581, -7.81427002 ], [ 113.32352448, -7.81436825 ], [ 113.32360077, -7.81443262 ], [ 113.32366943, -7.8145566 ], [ 113.32369995, -7.81466246 ], [ 113.32373047, -7.8147316 ], [ 113.32381439, -7.81483269 ], [ 113.32392883, -7.81487799 ], [ 113.32398987, -7.8148365 ], [ 113.32409668, -7.81484509 ], [ 113.32424927, -7.81495047 ], [ 113.32444763, -7.81510592 ], [ 113.32454681, -7.81527615 ], [ 113.32457733, -7.8154006 ], [ 113.32473755, -7.81548262 ], [ 113.32481384, -7.81565762 ], [ 113.3249054, -7.81570339 ], [ 113.32512665, -7.81581306 ], [ 113.32529449, -7.81591797 ], [ 113.32539368, -7.81597757 ], [ 113.32548523, -7.81603718 ], [ 113.32565308, -7.81607771 ], [ 113.32585144, -7.81619501 ], [ 113.32594299, -7.8162775 ], [ 113.32605743, -7.81630993 ], [ 113.32628632, -7.81638002 ], [ 113.32640076, -7.81653023 ], [ 113.32653046, -7.81662989 ], [ 113.32672119, -7.81667852 ], [ 113.32688141, -7.81669998 ], [ 113.32720947, -7.8167367 ], [ 113.3274231, -7.81676006 ], [ 113.32787323, -7.81705999 ], [ 113.32807159, -7.81711006 ], [ 113.32823181, -7.8171401 ], [ 113.32830048, -7.81724024 ], [ 113.32842255, -7.81738997 ], [ 113.32872009, -7.81759357 ], [ 113.32888794, -7.81768847 ], [ 113.32907104, -7.81778002 ], [ 113.32924652, -7.81783009 ], [ 113.32942963, -7.81791019 ], [ 113.3298111, -7.81817007 ], [ 113.33023071, -7.81864977 ], [ 113.33049774, -7.8187499 ], [ 113.33054352, -7.81887007 ], [ 113.330513, -7.81905985 ], [ 113.33049011, -7.81931019 ], [ 113.33055878, -7.8194499 ], [ 113.33078766, -7.8197298 ], [ 113.33098602, -7.82001209 ], [ 113.33113098, -7.82048988 ], [ 113.33126068, -7.82075167 ], [ 113.33058167, -7.82234383 ], [ 113.33049774, -7.82238007 ], [ 113.33039093, -7.82266998 ], [ 113.32984924, -7.82252979 ], [ 113.32975006, -7.82285023 ], [ 113.32936859, -7.82278013 ], [ 113.32933807, -7.82292318 ], [ 113.32927704, -7.82315016 ], [ 113.32907867, -7.82444191 ], [ 113.32884216, -7.82507992 ], [ 113.32852173, -7.82590008 ], [ 113.32758331, -7.82832003 ], [ 113.32727051, -7.82890987 ], [ 113.32711029, -7.82937002 ], [ 113.32492828, -7.82895994 ], [ 113.32536316, -7.82991123 ], [ 113.32588959, -7.8310709 ], [ 113.32610321, -7.83155012 ], [ 113.32637024, -7.83227015 ], [ 113.32649994, -7.83268023 ], [ 113.32657623, -7.83342981 ], [ 113.32631683, -7.83340597 ], [ 113.32636261, -7.83407736 ], [ 113.32637787, -7.8348341 ], [ 113.32641602, -7.83590651 ], [ 113.32643127, -7.83649492 ], [ 113.32675171, -7.83639812 ], [ 113.32683563, -7.83637714 ], [ 113.3269577, -7.83643961 ], [ 113.32733154, -7.83672142 ], [ 113.32847595, -7.83753252 ], [ 113.32859802, -7.83761835 ], [ 113.32949066, -7.83818102 ], [ 113.3297348, -7.83830595 ], [ 113.33032227, -7.83853388 ], [ 113.33231354, -7.83917809 ], [ 113.33380127, -7.8396616 ], [ 113.33485413, -7.84000158 ], [ 113.33535767, -7.84007215 ], [ 113.33621216, -7.84047747 ], [ 113.33666229, -7.8406539 ], [ 113.33694458, -7.84089375 ], [ 113.33752441, -7.84134293 ], [ 113.33805847, -7.84178114 ], [ 113.33827209, -7.84194851 ], [ 113.33847809, -7.84201002 ], [ 113.33869934, -7.84196806 ], [ 113.33885193, -7.84192419 ], [ 113.33905029, -7.8419323 ], [ 113.33930206, -7.84194279 ], [ 113.33946228, -7.84186792 ], [ 113.33999634, -7.84141302 ], [ 113.34062958, -7.84113646 ], [ 113.34107971, -7.84098673 ], [ 113.34127045, -7.84100676 ], [ 113.34141541, -7.84102678 ], [ 113.34152222, -7.84107876 ], [ 113.34165955, -7.84120321 ], [ 113.34171295, -7.84145021 ], [ 113.34181976, -7.84165001 ], [ 113.34183502, -7.84192371 ], [ 113.34184265, -7.84208012 ], [ 113.34188843, -7.84221983 ], [ 113.34197998, -7.84240675 ], [ 113.3421402, -7.84274006 ], [ 113.3421936, -7.84307003 ], [ 113.34230804, -7.84313011 ], [ 113.34243774, -7.84311008 ], [ 113.34262848, -7.84299994 ], [ 113.34279633, -7.84293985 ], [ 113.34288788, -7.84300995 ], [ 113.34300995, -7.84320021 ], [ 113.3430481, -7.84337997 ], [ 113.34300232, -7.84358978 ], [ 113.34287262, -7.84369993 ], [ 113.34274292, -7.84383011 ], [ 113.34274292, -7.84391022 ], [ 113.34282684, -7.84400988 ], [ 113.34291077, -7.84413004 ], [ 113.34288788, -7.84429979 ], [ 113.34282684, -7.8446002 ], [ 113.34288025, -7.84486008 ], [ 113.34274292, -7.84528017 ], [ 113.34277344, -7.84554005 ], [ 113.34207153, -7.84578991 ], [ 113.3409729, -7.84588003 ], [ 113.33979797, -7.84588003 ], [ 113.33917999, -7.84583998 ], [ 113.33889008, -7.84582376 ], [ 113.33847046, -7.84579992 ], [ 113.33734131, -7.84571981 ], [ 113.3360672, -7.84579992 ], [ 113.3351593, -7.84571981 ], [ 113.33448792, -7.84563017 ], [ 113.33418274, -7.84595013 ], [ 113.33384705, -7.84626007 ], [ 113.33338165, -7.84660006 ], [ 113.3330307, -7.84688997 ], [ 113.33226776, -7.84761 ], [ 113.3321991, -7.84768009 ], [ 113.33200073, -7.84791994 ], [ 113.33193207, -7.84809017 ], [ 113.33187866, -7.84849977 ], [ 113.33185577, -7.84895229 ], [ 113.33184052, -7.84925985 ], [ 113.33182526, -7.84954357 ], [ 113.33181, -7.84977007 ], [ 113.33178711, -7.85020018 ], [ 113.33174133, -7.85047007 ], [ 113.33154297, -7.85125017 ], [ 113.33151245, -7.85185003 ], [ 113.33145142, -7.85268021 ], [ 113.33144379, -7.85305023 ], [ 113.33152008, -7.85344982 ], [ 113.3312912, -7.85342598 ], [ 113.33045959, -7.85334015 ], [ 113.32967377, -7.85323 ], [ 113.3296814, -7.8530302 ], [ 113.32919312, -7.85298014 ], [ 113.32904816, -7.85297012 ], [ 113.32926178, -7.85373259 ], [ 113.32929993, -7.85386992 ], [ 113.32965851, -7.8551302 ], [ 113.32969666, -7.85531378 ], [ 113.32981873, -7.85588264 ], [ 113.32994843, -7.85648012 ], [ 113.32997131, -7.85664511 ], [ 113.32997894, -7.85671997 ], [ 113.33000946, -7.85679007 ], [ 113.33003998, -7.85693979 ], [ 113.33007813, -7.85718012 ], [ 113.33011627, -7.85743999 ], [ 113.33029938, -7.85853004 ], [ 113.33045959, -7.85938978 ], [ 113.33061981, -7.86025 ], [ 113.33071899, -7.86069012 ], [ 113.33100128, -7.86188984 ], [ 113.33119202, -7.86267853 ], [ 113.33123016, -7.86285019 ], [ 113.33139038, -7.86327982 ], [ 113.33235168, -7.8632102 ], [ 113.33334351, -7.86299992 ], [ 113.33383942, -7.86290979 ], [ 113.3343811, -7.86281013 ], [ 113.33548737, -7.86271 ], [ 113.33566284, -7.86268997 ], [ 113.33641052, -7.86258984 ], [ 113.33653259, -7.86257648 ], [ 113.33695984, -7.86253023 ], [ 113.33740234, -7.86246014 ], [ 113.33783722, -7.86240005 ], [ 113.33837128, -7.86224985 ], [ 113.33886719, -7.86209011 ], [ 113.33912659, -7.86201 ], [ 113.33963013, -7.86178017 ], [ 113.34005737, -7.86152983 ], [ 113.34031677, -7.86126995 ], [ 113.3405838, -7.86096001 ], [ 113.34065247, -7.86077976 ], [ 113.34069824, -7.86062002 ], [ 113.34076691, -7.85969019 ], [ 113.34091187, -7.85929012 ], [ 113.34111023, -7.85893011 ], [ 113.34143829, -7.85896015 ], [ 113.3420105, -7.85880995 ], [ 113.34233856, -7.85873985 ], [ 113.34266663, -7.85873985 ], [ 113.34288788, -7.85877991 ], [ 113.3431015, -7.85889006 ], [ 113.34319305, -7.85899019 ], [ 113.34322357, -7.8593998 ], [ 113.34322357, -7.85979986 ], [ 113.34324646, -7.8599 ], [ 113.34375, -7.86002016 ], [ 113.34396362, -7.86007023 ], [ 113.34406281, -7.86012983 ], [ 113.34410095, -7.86032009 ], [ 113.34401703, -7.86077976 ], [ 113.34397888, -7.86090994 ], [ 113.34461212, -7.86096001 ], [ 113.34529877, -7.86105013 ], [ 113.34532166, -7.86112022 ], [ 113.34542084, -7.86139011 ], [ 113.34535217, -7.86148977 ], [ 113.34529114, -7.86176014 ], [ 113.34519196, -7.86215019 ], [ 113.34506989, -7.86258984 ], [ 113.34490204, -7.86335993 ], [ 113.34455109, -7.86377573 ], [ 113.3451004, -7.86386585 ], [ 113.3451767, -7.86428547 ], [ 113.34621429, -7.86462355 ], [ 113.34621429, -7.86504316 ], [ 113.34648895, -7.86538553 ], [ 113.3465271, -7.86580515 ], [ 113.34664154, -7.86614847 ], [ 113.34668732, -7.86683559 ], [ 113.34653473, -7.86733532 ], [ 113.34645844, -7.86760044 ], [ 113.3463974, -7.86819983 ], [ 113.34638977, -7.86828804 ], [ 113.34631348, -7.86893749 ], [ 113.34635162, -7.86924314 ], [ 113.34647369, -7.8694334 ], [ 113.34651184, -7.86970043 ], [ 113.34648132, -7.87084627 ], [ 113.34625244, -7.87157297 ], [ 113.34644318, -7.87183905 ], [ 113.34702301, -7.87195015 ], [ 113.3470993, -7.87229347 ], [ 113.34702301, -7.87286663 ], [ 113.34706879, -7.87324858 ], [ 113.34706879, -7.87363005 ], [ 113.34706879, -7.87385941 ], [ 113.34707642, -7.87447023 ], [ 113.34700012, -7.8746233 ], [ 113.34692383, -7.87477684 ], [ 113.34588623, -7.8746295 ], [ 113.34574127, -7.87543249 ], [ 113.3418808, -7.87508631 ], [ 113.34188843, -7.87650442 ], [ 113.34199524, -7.87763071 ], [ 113.34184265, -7.87900448 ], [ 113.34207916, -7.87914085 ], [ 113.3421936, -7.8792944 ], [ 113.34231567, -7.87951374 ], [ 113.34237671, -7.87972689 ], [ 113.34260559, -7.88001728 ], [ 113.34280396, -7.88017178 ], [ 113.34290314, -7.88050127 ], [ 113.34292603, -7.88063955 ], [ 113.34294128, -7.88073444 ], [ 113.34326172, -7.88104343 ], [ 113.34345245, -7.88115883 ], [ 113.34375, -7.88139057 ], [ 113.34390259, -7.88193369 ], [ 113.34392548, -7.88243866 ], [ 113.34397888, -7.88295555 ], [ 113.34399414, -7.88309908 ], [ 113.34404755, -7.88335133 ], [ 113.34428406, -7.88381624 ], [ 113.34430695, -7.88410759 ], [ 113.34423065, -7.88469076 ], [ 113.34472656, -7.88515425 ], [ 113.34495544, -7.88528919 ], [ 113.34503937, -7.88546324 ], [ 113.34505463, -7.88563824 ], [ 113.34503937, -7.88608503 ], [ 113.34500122, -7.88637686 ], [ 113.34675598, -7.88619232 ], [ 113.34811401, -7.8857193 ], [ 113.34825134, -7.88592005 ], [ 113.34877777, -7.88673019 ], [ 113.34908295, -7.88746023 ], [ 113.34909058, -7.88834 ], [ 113.34893036, -7.88905001 ], [ 113.34854126, -7.88972998 ], [ 113.34783173, -7.89042997 ], [ 113.34738922, -7.89063978 ], [ 113.34705353, -7.8908 ], [ 113.34684753, -7.89098978 ], [ 113.34658051, -7.8910203 ], [ 113.34632111, -7.89104986 ], [ 113.34584045, -7.89108992 ], [ 113.34528351, -7.89108992 ], [ 113.3443985, -7.89099979 ], [ 113.34346771, -7.89098978 ], [ 113.34280396, -7.89105606 ], [ 113.34238434, -7.89113522 ], [ 113.34205627, -7.89120007 ], [ 113.34126282, -7.89133978 ], [ 113.34059906, -7.89141989 ], [ 113.33998108, -7.89145994 ], [ 113.33972168, -7.89134979 ], [ 113.33968353, -7.89127016 ], [ 113.33969116, -7.89092016 ], [ 113.33966827, -7.89073992 ], [ 113.3395462, -7.89042997 ], [ 113.33927155, -7.88998985 ], [ 113.33899689, -7.88976002 ], [ 113.33892059, -7.88972998 ], [ 113.33872223, -7.88963985 ], [ 113.33853149, -7.88951015 ], [ 113.33834076, -7.88928986 ], [ 113.33827209, -7.88915825 ], [ 113.33824921, -7.88897467 ], [ 113.33824921, -7.8888998 ], [ 113.33824921, -7.88873005 ], [ 113.33823395, -7.88841009 ], [ 113.33821106, -7.88808012 ], [ 113.33818054, -7.88794994 ], [ 113.33798981, -7.88753986 ], [ 113.33786011, -7.88727999 ], [ 113.33770752, -7.88711023 ], [ 113.33765411, -7.88703632 ], [ 113.33750153, -7.88683987 ], [ 113.33746338, -7.88667011 ], [ 113.33747864, -7.88654995 ], [ 113.33750916, -7.88626003 ], [ 113.33746338, -7.88600016 ], [ 113.33738708, -7.88557005 ], [ 113.33734894, -7.88534021 ], [ 113.33722687, -7.88513994 ], [ 113.33714294, -7.88500977 ], [ 113.33706665, -7.8849802 ], [ 113.3370285, -7.88491011 ], [ 113.33690643, -7.88476992 ], [ 113.33660889, -7.88446999 ], [ 113.33661652, -7.88404989 ], [ 113.33676147, -7.88373995 ], [ 113.33680725, -7.88359022 ], [ 113.33679962, -7.88345003 ], [ 113.33670807, -7.88332987 ], [ 113.3365097, -7.88314247 ], [ 113.33643341, -7.88298988 ], [ 113.33637238, -7.88255978 ], [ 113.33637238, -7.88225985 ], [ 113.33654785, -7.88167 ], [ 113.33659363, -7.88150978 ], [ 113.33651733, -7.8812499 ], [ 113.33638763, -7.88059998 ], [ 113.3363266, -7.88035011 ], [ 113.33624268, -7.88017988 ], [ 113.33609009, -7.8800602 ], [ 113.33579254, -7.87997007 ], [ 113.33551788, -7.87989998 ], [ 113.33531952, -7.87977982 ], [ 113.33503723, -7.87944984 ], [ 113.33498383, -7.87938833 ], [ 113.33470154, -7.87905979 ], [ 113.3345108, -7.87889004 ], [ 113.33426666, -7.8787899 ], [ 113.333992, -7.87876987 ], [ 113.3338089, -7.87920237 ], [ 113.33358002, -7.87949276 ], [ 113.33291626, -7.87995386 ], [ 113.33224487, -7.88036728 ], [ 113.33172607, -7.88059902 ], [ 113.33009338, -7.88071632 ], [ 113.32930756, -7.88074446 ], [ 113.32810211, -7.88082361 ], [ 113.32748413, -7.88082695 ], [ 113.32720947, -7.88082838 ], [ 113.32596588, -7.88083553 ], [ 113.32587433, -7.88082838 ], [ 113.32466125, -7.88073444 ], [ 113.32366943, -7.88056469 ], [ 113.32334137, -7.88060999 ], [ 113.3230896, -7.88053989 ], [ 113.32302094, -7.88044977 ], [ 113.32283783, -7.88036013 ], [ 113.32276154, -7.88022995 ], [ 113.32279205, -7.87991953 ], [ 113.32280731, -7.8797698 ], [ 113.32280731, -7.87948132 ], [ 113.32308197, -7.87899208 ], [ 113.32398224, -7.87771082 ], [ 113.32416534, -7.87680674 ], [ 113.32429504, -7.87645721 ], [ 113.32437897, -7.87589073 ], [ 113.3243103, -7.87582159 ], [ 113.3241272, -7.87550116 ], [ 113.32392883, -7.87516356 ], [ 113.32377625, -7.87490988 ], [ 113.3234024, -7.87450552 ], [ 113.32315063, -7.87431622 ], [ 113.32306671, -7.87425137 ], [ 113.32232666, -7.87402964 ], [ 113.32211304, -7.87393427 ], [ 113.32185364, -7.87376165 ], [ 113.32159424, -7.87347698 ], [ 113.32159424, -7.87315273 ], [ 113.32165527, -7.87291956 ], [ 113.32165527, -7.87249851 ], [ 113.32167053, -7.87230253 ], [ 113.3216629, -7.87203169 ], [ 113.32163239, -7.87172365 ], [ 113.32162476, -7.87156439 ], [ 113.32161713, -7.87149 ], [ 113.32141876, -7.87132549 ], [ 113.32128143, -7.87132645 ], [ 113.32080078, -7.87123871 ], [ 113.32048035, -7.87111998 ], [ 113.32026672, -7.87094069 ], [ 113.32015228, -7.870821 ], [ 113.31996918, -7.87074661 ], [ 113.31978607, -7.87056732 ], [ 113.31988525, -7.86982918 ], [ 113.31991577, -7.8697238 ], [ 113.31997681, -7.86951256 ], [ 113.32009125, -7.86900043 ], [ 113.32009125, -7.86874437 ], [ 113.32009125, -7.86836815 ], [ 113.32012177, -7.86800671 ], [ 113.32008362, -7.86758566 ], [ 113.32000732, -7.86717939 ], [ 113.31997681, -7.86701441 ], [ 113.31990051, -7.86680412 ], [ 113.31990051, -7.86672735 ], [ 113.31980896, -7.86658287 ], [ 113.31981659, -7.86639214 ], [ 113.31981659, -7.86630964 ], [ 113.31983185, -7.86619377 ], [ 113.31987, -7.86606932 ], [ 113.3199234, -7.86598635 ], [ 113.32006836, -7.8659277 ], [ 113.3203125, -7.86592627 ], [ 113.32062531, -7.86592436 ], [ 113.32079315, -7.86594009 ], [ 113.32093048, -7.86597252 ], [ 113.32103729, -7.86601305 ], [ 113.32111359, -7.86605406 ], [ 113.32122803, -7.86616898 ], [ 113.32124329, -7.86595011 ], [ 113.32128906, -7.86579227 ], [ 113.32135773, -7.86555004 ], [ 113.32138824, -7.86517 ], [ 113.3214035, -7.86477995 ], [ 113.32141876, -7.8645401 ], [ 113.32121277, -7.86424017 ], [ 113.32123566, -7.86391401 ], [ 113.3212738, -7.86337996 ], [ 113.32084656, -7.86337996 ], [ 113.32010651, -7.86331987 ], [ 113.31964111, -7.86327982 ], [ 113.31873322, -7.86317015 ], [ 113.31846619, -7.86310005 ], [ 113.31797028, -7.86280012 ], [ 113.31728363, -7.86245012 ], [ 113.31726074, -7.86234999 ], [ 113.31706238, -7.86223984 ], [ 113.31690216, -7.86214018 ], [ 113.31652832, -7.86203003 ], [ 113.31627655, -7.8618598 ], [ 113.31555176, -7.86175013 ], [ 113.31519318, -7.8617301 ], [ 113.31443787, -7.86184978 ], [ 113.31378937, -7.86201 ], [ 113.31336975, -7.86213875 ], [ 113.31532288, -7.86417913 ], [ 113.31642914, -7.86683226 ], [ 113.3170929, -7.86921597 ], [ 113.31743622, -7.87149334 ], [ 113.31747437, -7.87257624 ], [ 113.31749725, -7.87344599 ], [ 113.31750488, -7.87409735 ], [ 113.3174057, -7.87545443 ], [ 113.31729889, -7.87654018 ], [ 113.31716156, -7.87708235 ], [ 113.31697845, -7.87778997 ], [ 113.31648254, -7.87892103 ], [ 113.31638336, -7.87913609 ], [ 113.31628418, -7.87936783 ], [ 113.31590271, -7.87984085 ], [ 113.31541443, -7.88045788 ], [ 113.31380463, -7.88166428 ], [ 113.31373596, -7.88171482 ], [ 113.31157684, -7.88406038 ], [ 113.31082916, -7.88547277 ], [ 113.31118774, -7.88567019 ], [ 113.31156158, -7.88585997 ], [ 113.31186676, -7.88618994 ], [ 113.31201935, -7.88633013 ], [ 113.31208801, -7.8863802 ], [ 113.31242371, -7.88641024 ], [ 113.31272125, -7.88646984 ], [ 113.31286621, -7.88657999 ], [ 113.31311035, -7.88686991 ], [ 113.31324005, -7.88721991 ], [ 113.3132782, -7.88734007 ], [ 113.3134079, -7.8874402 ], [ 113.31356812, -7.8874898 ], [ 113.31388855, -7.88741016 ], [ 113.31400299, -7.88739014 ], [ 113.31450653, -7.88764 ], [ 113.31459045, -7.88767004 ], [ 113.31510162, -7.88785982 ], [ 113.31539154, -7.88795996 ], [ 113.31546783, -7.88799 ], [ 113.31552887, -7.88804007 ], [ 113.31561279, -7.88816977 ], [ 113.31559753, -7.88829994 ], [ 113.3155899, -7.88855982 ], [ 113.31562805, -7.88913012 ], [ 113.31565094, -7.88944006 ], [ 113.31533051, -7.88973999 ], [ 113.31497955, -7.88993979 ], [ 113.31450653, -7.89020014 ], [ 113.31417084, -7.89041948 ], [ 113.31401825, -7.8905201 ], [ 113.31345367, -7.89068985 ], [ 113.31240845, -7.89073992 ], [ 113.31160736, -7.89048004 ], [ 113.31128693, -7.89023018 ], [ 113.3110733, -7.89006996 ], [ 113.31021881, -7.88986015 ], [ 113.30937195, -7.88985014 ], [ 113.30818176, -7.88986015 ], [ 113.30732727, -7.88993979 ], [ 113.30683899, -7.88998985 ], [ 113.30634308, -7.89006996 ], [ 113.30583191, -7.89019012 ], [ 113.30548859, -7.89027023 ], [ 113.30519867, -7.89034081 ], [ 113.30496216, -7.89039993 ], [ 113.30448914, -7.89054012 ], [ 113.30393982, -7.89070988 ], [ 113.30343628, -7.89089012 ], [ 113.30304718, -7.89105988 ], [ 113.30252075, -7.89132023 ], [ 113.30196381, -7.89164019 ], [ 113.30152893, -7.89189005 ], [ 113.30117798, -7.89211988 ], [ 113.3009491, -7.89229012 ], [ 113.30065155, -7.89262009 ], [ 113.30052948, -7.89307022 ], [ 113.30049133, -7.89331007 ], [ 113.30049133, -7.89346981 ], [ 113.30053711, -7.89362001 ], [ 113.3008194, -7.89386988 ], [ 113.30092621, -7.89400005 ], [ 113.30098724, -7.89414978 ], [ 113.30103302, -7.89471006 ], [ 113.30098724, -7.89505005 ], [ 113.30091858, -7.89529991 ], [ 113.3010025, -7.89574003 ], [ 113.30106354, -7.8961401 ], [ 113.30106354, -7.89625978 ], [ 113.30113983, -7.89659977 ], [ 113.3010788, -7.89673996 ], [ 113.30092621, -7.89699984 ], [ 113.30075836, -7.89728022 ], [ 113.3006897, -7.89748001 ], [ 113.30063629, -7.89820004 ], [ 113.30065918, -7.89854002 ], [ 113.30095673, -7.89968014 ], [ 113.30101013, -7.90010977 ], [ 113.30101776, -7.90036011 ], [ 113.30106354, -7.90057993 ], [ 113.30104828, -7.90069199 ], [ 113.30105591, -7.90094852 ], [ 113.30104065, -7.90133667 ], [ 113.30097961, -7.90172529 ], [ 113.30092621, -7.9019618 ], [ 113.30072784, -7.90246916 ], [ 113.30069733, -7.90287447 ], [ 113.30066681, -7.90311241 ], [ 113.30064392, -7.90327978 ], [ 113.30059814, -7.90388727 ], [ 113.30060577, -7.90435982 ], [ 113.30063629, -7.9048152 ], [ 113.30064392, -7.90527105 ], [ 113.30064392, -7.90565872 ], [ 113.30064392, -7.90592909 ], [ 113.30068207, -7.90650225 ], [ 113.30063629, -7.90690756 ], [ 113.30063629, -7.9073801 ], [ 113.30062866, -7.90762663 ], [ 113.30062103, -7.9078021 ], [ 113.3006897, -7.90832472 ], [ 113.30072784, -7.9088645 ], [ 113.30065155, -7.90957403 ], [ 113.30049896, -7.91026211 ], [ 113.30057526, -7.91072273 ], [ 113.30059052, -7.91079998 ], [ 113.30062866, -7.9114399 ], [ 113.30049896, -7.91266012 ], [ 113.30045319, -7.91289997 ], [ 113.30043793, -7.91298008 ], [ 113.30042267, -7.91312981 ], [ 113.30030823, -7.91357994 ], [ 113.3000412, -7.91466999 ], [ 113.29997253, -7.91492987 ], [ 113.29994965, -7.91507006 ], [ 113.29994202, -7.91575003 ], [ 113.29994965, -7.91599989 ], [ 113.30001831, -7.91615009 ], [ 113.30019379, -7.91634989 ], [ 113.30042267, -7.91646004 ], [ 113.30075073, -7.91651011 ], [ 113.30107117, -7.91662979 ], [ 113.30162048, -7.91711998 ], [ 113.30171204, -7.91729021 ], [ 113.30174255, -7.91735983 ], [ 113.30178833, -7.91770983 ], [ 113.30182648, -7.91804981 ], [ 113.30191803, -7.91843557 ], [ 113.30197144, -7.9186902 ], [ 113.30207825, -7.91907978 ], [ 113.30220032, -7.91929007 ], [ 113.30267334, -7.91989994 ], [ 113.30293274, -7.92020988 ], [ 113.30290222, -7.92045021 ], [ 113.30303955, -7.92078018 ], [ 113.30332184, -7.92113018 ], [ 113.30342102, -7.92122555 ], [ 113.30354309, -7.92130995 ], [ 113.30364227, -7.92134142 ], [ 113.30400848, -7.92141008 ], [ 113.30465698, -7.92174006 ], [ 113.30549622, -7.92231989 ], [ 113.30596161, -7.9227581 ], [ 113.30612183, -7.92291021 ], [ 113.30635834, -7.92325926 ], [ 113.30658722, -7.92359018 ], [ 113.30680084, -7.92412996 ], [ 113.30684662, -7.92463017 ], [ 113.30683136, -7.92511988 ], [ 113.3066864, -7.92580986 ], [ 113.30645752, -7.92657995 ], [ 113.30558014, -7.92657661 ], [ 113.30492401, -7.92662477 ] ] ] ] } },
{ "type": "Feature", "properties": { "GID_0": "IDN", "NAME_0": "Indonesia", "GID_1": "IDN.11_1", "NAME_1": "Jawa Timur", "NL_NAME_1": null, "GID_2": "IDN.11.30_1", "NAME_2": "Probolinggo", "NL_NAME_2": null, "GID_3": "IDN.11.30.3_1", "NAME_3": "Besuk", "VARNAME_3": null, "NL_NAME_3": null, "TYPE_3": "Kecamatan", "ENGTYPE_3": "Sub-district", "CC_3": "3513140", "HASC_3": null }, "geometry": { "type": "MultiPolygon", "coordinates": [ [ [ [ 113.502388, -7.83154011 ], [ 113.50151062, -7.83231783 ], [ 113.50083923, -7.83291054 ], [ 113.5, -7.83365011 ], [ 113.49949646, -7.83400011 ], [ 113.49922943, -7.83422852 ], [ 113.49906158, -7.83437014 ], [ 113.49852753, -7.83468008 ], [ 113.49812317, -7.83486986 ], [ 113.49765015, -7.83491993 ], [ 113.49723053, -7.83486986 ], [ 113.49677277, -7.83482981 ], [ 113.49640656, -7.83481979 ], [ 113.49588776, -7.83483982 ], [ 113.4955368, -7.83487988 ], [ 113.49504089, -7.83497 ], [ 113.49453735, -7.83508873 ], [ 113.49432373, -7.83520985 ], [ 113.49404907, -7.83541012 ], [ 113.49388885, -7.83551979 ], [ 113.49372101, -7.83555984 ], [ 113.49334717, -7.83556986 ], [ 113.49306488, -7.83557463 ], [ 113.4927597, -7.83557987 ], [ 113.49230194, -7.83560991 ], [ 113.49205017, -7.83570004 ], [ 113.49176788, -7.83586979 ], [ 113.49143982, -7.83616018 ], [ 113.49102783, -7.83662987 ], [ 113.49056244, -7.83716297 ], [ 113.4903183, -7.83760977 ], [ 113.49018097, -7.83814001 ], [ 113.49002838, -7.83882999 ], [ 113.48989105, -7.83950996 ], [ 113.4897995, -7.84012985 ], [ 113.48977661, -7.8407402 ], [ 113.4897995, -7.84132004 ], [ 113.48985291, -7.84197998 ], [ 113.48996735, -7.84248018 ], [ 113.49008942, -7.84295988 ], [ 113.48990631, -7.84295988 ], [ 113.48983765, -7.84316015 ], [ 113.48980713, -7.84328985 ], [ 113.48977661, -7.84343004 ], [ 113.48925781, -7.84336996 ], [ 113.4889679, -7.8432498 ], [ 113.48895264, -7.84309006 ], [ 113.48889923, -7.84174013 ], [ 113.48877716, -7.84153986 ], [ 113.48858643, -7.84132004 ], [ 113.48842621, -7.8412199 ], [ 113.48802948, -7.84097004 ], [ 113.48782349, -7.84072018 ], [ 113.48757172, -7.84032011 ], [ 113.48751831, -7.84006023 ], [ 113.48753357, -7.83985996 ], [ 113.48758698, -7.83966017 ], [ 113.48770142, -7.83934021 ], [ 113.48774719, -7.83908987 ], [ 113.48851013, -7.83886003 ], [ 113.48834991, -7.83820009 ], [ 113.4883194, -7.8380599 ], [ 113.4881134, -7.83726978 ], [ 113.48806, -7.83695984 ], [ 113.48806, -7.83665991 ], [ 113.48806, -7.83605003 ], [ 113.48806763, -7.83588982 ], [ 113.48766327, -7.83584976 ], [ 113.48748016, -7.8358202 ], [ 113.48741913, -7.8357501 ], [ 113.48745728, -7.83548021 ], [ 113.4874115, -7.83533001 ], [ 113.48773193, -7.83497477 ], [ 113.48786163, -7.83482981 ], [ 113.48790741, -7.83471012 ], [ 113.4879837, -7.83438015 ], [ 113.48796844, -7.83390999 ], [ 113.48793793, -7.83368015 ], [ 113.48786926, -7.8334198 ], [ 113.48777771, -7.83292007 ], [ 113.4878006, -7.83280993 ], [ 113.48782349, -7.83261013 ], [ 113.48777008, -7.83240986 ], [ 113.48757172, -7.83201981 ], [ 113.48724365, -7.83159018 ], [ 113.48683929, -7.8312602 ], [ 113.48668671, -7.83119011 ], [ 113.48578644, -7.83071995 ], [ 113.48561096, -7.83059978 ], [ 113.48548126, -7.83041906 ], [ 113.48536682, -7.83016014 ], [ 113.48529816, -7.8298502 ], [ 113.48522186, -7.82928991 ], [ 113.48522186, -7.8289299 ], [ 113.48523712, -7.82882977 ], [ 113.48529816, -7.82865 ], [ 113.48545074, -7.82813978 ], [ 113.48542786, -7.82788992 ], [ 113.48535919, -7.82776022 ], [ 113.4852066, -7.82765007 ], [ 113.48490143, -7.82751989 ], [ 113.48461914, -7.82735014 ], [ 113.48458862, -7.82725 ], [ 113.48458862, -7.8270402 ], [ 113.48462677, -7.82686996 ], [ 113.48465729, -7.82655001 ], [ 113.48459625, -7.82620001 ], [ 113.48451996, -7.82605362 ], [ 113.48446655, -7.82597017 ], [ 113.48428345, -7.82552004 ], [ 113.48422241, -7.82524014 ], [ 113.48426056, -7.82497978 ], [ 113.48441315, -7.82471991 ], [ 113.48464203, -7.82442999 ], [ 113.48477173, -7.82432985 ], [ 113.48506927, -7.8242898 ], [ 113.48519135, -7.82419014 ], [ 113.48536682, -7.82392979 ], [ 113.4854126, -7.82372999 ], [ 113.48545837, -7.82336998 ], [ 113.4855423, -7.82322979 ], [ 113.48573303, -7.82290983 ], [ 113.48577118, -7.82263994 ], [ 113.48571777, -7.82235003 ], [ 113.48571014, -7.82217979 ], [ 113.4858017, -7.82201004 ], [ 113.48609924, -7.82149982 ], [ 113.48612213, -7.82140017 ], [ 113.48628998, -7.82134008 ], [ 113.48652649, -7.82123995 ], [ 113.48660278, -7.82120991 ], [ 113.48655701, -7.82110977 ], [ 113.48639679, -7.8207202 ], [ 113.4863205, -7.82024384 ], [ 113.48634338, -7.81982994 ], [ 113.48645782, -7.8194499 ], [ 113.4865036, -7.81933022 ], [ 113.48651886, -7.81920004 ], [ 113.48651886, -7.8190999 ], [ 113.48651123, -7.81886005 ], [ 113.4864502, -7.81850004 ], [ 113.48634338, -7.81830978 ], [ 113.48613739, -7.81806993 ], [ 113.48610687, -7.81798983 ], [ 113.48607635, -7.81792021 ], [ 113.48596191, -7.81788015 ], [ 113.48586273, -7.81785011 ], [ 113.485672, -7.81777 ], [ 113.48542023, -7.8176384 ], [ 113.48512268, -7.81742001 ], [ 113.48480988, -7.81720018 ], [ 113.48448944, -7.81699324 ], [ 113.48419952, -7.81688976 ], [ 113.4838562, -7.81676006 ], [ 113.48339081, -7.8166399 ], [ 113.48290253, -7.81655979 ], [ 113.48259735, -7.8165102 ], [ 113.4821167, -7.81648016 ], [ 113.48175049, -7.81647015 ], [ 113.48120117, -7.81645012 ], [ 113.48078156, -7.81643009 ], [ 113.4802475, -7.81639004 ], [ 113.4798584, -7.81632996 ], [ 113.47942352, -7.81620979 ], [ 113.4788208, -7.81609011 ], [ 113.47815704, -7.81594992 ], [ 113.47763824, -7.81583977 ], [ 113.47720337, -7.81576014 ], [ 113.47667694, -7.81573009 ], [ 113.47627258, -7.81570816 ], [ 113.47612, -7.81570005 ], [ 113.47599792, -7.81570005 ], [ 113.47579956, -7.81570005 ], [ 113.47525024, -7.81573009 ], [ 113.47476196, -7.81574011 ], [ 113.47425842, -7.81573009 ], [ 113.47373199, -7.81571007 ], [ 113.47344208, -7.81567001 ], [ 113.47322845, -7.81564999 ], [ 113.47284698, -7.81555986 ], [ 113.47260284, -7.81547022 ], [ 113.47223663, -7.81532001 ], [ 113.47184753, -7.81516981 ], [ 113.47142792, -7.81497002 ], [ 113.47064972, -7.81463003 ], [ 113.46990967, -7.81437016 ], [ 113.4692688, -7.81413984 ], [ 113.46881866, -7.81403017 ], [ 113.46833038, -7.81393003 ], [ 113.46762085, -7.81379986 ], [ 113.46710205, -7.8137002 ], [ 113.4667511, -7.81361008 ], [ 113.46587372, -7.81341982 ], [ 113.46484375, -7.81322002 ], [ 113.46411133, -7.81306982 ], [ 113.46340179, -7.81292009 ], [ 113.46296692, -7.81283998 ], [ 113.46260834, -7.81279993 ], [ 113.46205139, -7.81276989 ], [ 113.4615097, -7.81271982 ], [ 113.46095276, -7.81261015 ], [ 113.46024323, -7.81240988 ], [ 113.45963287, -7.81218004 ], [ 113.45881653, -7.81178999 ], [ 113.45825195, -7.81158018 ], [ 113.45765686, -7.81139994 ], [ 113.45722198, -7.81126022 ], [ 113.45677948, -7.81108999 ], [ 113.45555115, -7.80965996 ], [ 113.45522308, -7.80921984 ], [ 113.45539856, -7.80914021 ], [ 113.45540619, -7.80878019 ], [ 113.45545197, -7.80834007 ], [ 113.45545959, -7.80771017 ], [ 113.45549774, -7.80736017 ], [ 113.45559692, -7.80651999 ], [ 113.45565796, -7.80615997 ], [ 113.45571899, -7.80574989 ], [ 113.45584869, -7.80496979 ], [ 113.45586395, -7.80489349 ], [ 113.45597076, -7.80423021 ], [ 113.45603943, -7.80362988 ], [ 113.45610046, -7.8031702 ], [ 113.45610809, -7.80248022 ], [ 113.45606995, -7.80190992 ], [ 113.45606995, -7.80172014 ], [ 113.45599365, -7.80084991 ], [ 113.45599365, -7.80032015 ], [ 113.45593262, -7.800179 ], [ 113.45588684, -7.8000598 ], [ 113.45574951, -7.79976988 ], [ 113.45558167, -7.79961014 ], [ 113.45522308, -7.79931021 ], [ 113.45494843, -7.79892015 ], [ 113.45478058, -7.79869986 ], [ 113.45462799, -7.79855013 ], [ 113.45456696, -7.79847002 ], [ 113.45449829, -7.79837894 ], [ 113.45432281, -7.79817581 ], [ 113.45394897, -7.79775 ], [ 113.45378113, -7.79756021 ], [ 113.45374298, -7.79747009 ], [ 113.45355225, -7.7972002 ], [ 113.45339966, -7.79705 ], [ 113.45330811, -7.7969799 ], [ 113.45301056, -7.79682016 ], [ 113.45278931, -7.79664993 ], [ 113.45269012, -7.79654741 ], [ 113.45252991, -7.79638004 ], [ 113.45252991, -7.79622984 ], [ 113.45263672, -7.79530001 ], [ 113.45207214, -7.79507017 ], [ 113.45146942, -7.79476833 ], [ 113.45140076, -7.7947402 ], [ 113.44941711, -7.79378986 ], [ 113.4493103, -7.79361916 ], [ 113.4492569, -7.79354 ], [ 113.44904327, -7.79287004 ], [ 113.44892883, -7.7926302 ], [ 113.44888306, -7.79257011 ], [ 113.44864655, -7.79230022 ], [ 113.44802856, -7.79162216 ], [ 113.44779968, -7.79136992 ], [ 113.44774628, -7.79129982 ], [ 113.44772339, -7.79114008 ], [ 113.44773865, -7.79083014 ], [ 113.44776154, -7.79062366 ], [ 113.44780731, -7.79006004 ], [ 113.44789886, -7.78939009 ], [ 113.44792938, -7.78909731 ], [ 113.44796753, -7.7887001 ], [ 113.44802856, -7.78814983 ], [ 113.44808197, -7.78782988 ], [ 113.44809723, -7.78766012 ], [ 113.44818115, -7.78697014 ], [ 113.44824982, -7.78652 ], [ 113.44837952, -7.78591251 ], [ 113.44828033, -7.78556013 ], [ 113.44812775, -7.78523016 ], [ 113.44792938, -7.78480005 ], [ 113.44756317, -7.78431988 ], [ 113.44715118, -7.78389978 ], [ 113.44654083, -7.78357983 ], [ 113.44592285, -7.7834301 ], [ 113.44525909, -7.78328991 ], [ 113.44407654, -7.78322983 ], [ 113.44278717, -7.78316021 ], [ 113.44207001, -7.78304005 ], [ 113.44207001, -7.78277016 ], [ 113.44204712, -7.78221989 ], [ 113.44200897, -7.78120995 ], [ 113.4420166, -7.78086519 ], [ 113.4420166, -7.78076982 ], [ 113.44203186, -7.78044987 ], [ 113.44206238, -7.78018999 ], [ 113.44206238, -7.77986002 ], [ 113.44204712, -7.77956009 ], [ 113.44203186, -7.77930021 ], [ 113.44199371, -7.77895021 ], [ 113.44197845, -7.77851009 ], [ 113.44197083, -7.77815008 ], [ 113.44200134, -7.77775002 ], [ 113.44203949, -7.77741003 ], [ 113.44204712, -7.77710772 ], [ 113.44261932, -7.77688122 ], [ 113.44297791, -7.77539015 ], [ 113.44309998, -7.77510548 ], [ 113.44309235, -7.77498341 ], [ 113.44321442, -7.77426577 ], [ 113.44334412, -7.77362871 ], [ 113.44339752, -7.77326441 ], [ 113.44299316, -7.77306414 ], [ 113.44306183, -7.77236557 ], [ 113.44311523, -7.77205944 ], [ 113.44354248, -7.77211428 ], [ 113.44425201, -7.77203369 ], [ 113.44464874, -7.77203131 ], [ 113.4450531, -7.7719717 ], [ 113.44535065, -7.77190018 ], [ 113.44535065, -7.77169991 ], [ 113.44537354, -7.77162981 ], [ 113.44545746, -7.77163982 ], [ 113.44586182, -7.77169228 ], [ 113.44650269, -7.77180004 ], [ 113.44724274, -7.77189302 ], [ 113.44776917, -7.77195978 ], [ 113.4485321, -7.77207994 ], [ 113.44924164, -7.77220011 ], [ 113.45001984, -7.77231979 ], [ 113.45095825, -7.77244997 ], [ 113.45108795, -7.77270985 ], [ 113.45137024, -7.77328014 ], [ 113.45162201, -7.77373981 ], [ 113.45178223, -7.77404594 ], [ 113.45184326, -7.77416229 ], [ 113.45179749, -7.77462721 ], [ 113.45178986, -7.77605724 ], [ 113.45198059, -7.77607107 ], [ 113.45248413, -7.77610922 ], [ 113.45293427, -7.77616262 ], [ 113.45314026, -7.77621746 ], [ 113.45350647, -7.77642536 ], [ 113.45370483, -7.7764945 ], [ 113.45405579, -7.77657652 ], [ 113.45466614, -7.77655888 ], [ 113.45489502, -7.77655077 ], [ 113.4551239, -7.77654219 ], [ 113.45580292, -7.77648258 ], [ 113.45657349, -7.77642202 ], [ 113.45705414, -7.7764473 ], [ 113.45768738, -7.77658367 ], [ 113.45813751, -7.77656698 ], [ 113.45827484, -7.77655506 ], [ 113.45841217, -7.77654362 ], [ 113.45848846, -7.77653694 ], [ 113.45875549, -7.77660561 ], [ 113.45889282, -7.77674484 ], [ 113.45906067, -7.77684212 ], [ 113.45922089, -7.77684116 ], [ 113.4593277, -7.77699471 ], [ 113.45935822, -7.77713442 ], [ 113.45940399, -7.77738667 ], [ 113.45950317, -7.77751207 ], [ 113.46050262, -7.77781487 ], [ 113.46125031, -7.77796459 ], [ 113.46196747, -7.77815676 ], [ 113.46238708, -7.7782383 ], [ 113.46251678, -7.77823734 ], [ 113.46250916, -7.77792835 ], [ 113.46253967, -7.77767992 ], [ 113.46261597, -7.77777243 ], [ 113.46279144, -7.77787018 ], [ 113.46295929, -7.77795458 ], [ 113.46386719, -7.77841997 ], [ 113.46482849, -7.77887011 ], [ 113.46530151, -7.77907991 ], [ 113.4655304, -7.77916002 ], [ 113.46565247, -7.77921009 ], [ 113.46566772, -7.77942991 ], [ 113.46617889, -7.77938986 ], [ 113.46704102, -7.77968979 ], [ 113.46733093, -7.77996016 ], [ 113.46752167, -7.78008986 ], [ 113.46770477, -7.78014517 ], [ 113.46785736, -7.78078985 ], [ 113.4679184, -7.78108978 ], [ 113.46798706, -7.78138018 ], [ 113.46824646, -7.78209019 ], [ 113.46831512, -7.78215885 ], [ 113.46846008, -7.78231001 ], [ 113.46875763, -7.78241014 ], [ 113.46907806, -7.78243017 ], [ 113.46941376, -7.78239012 ], [ 113.46984863, -7.78236008 ], [ 113.47036743, -7.78228998 ], [ 113.4708786, -7.78218985 ], [ 113.47155762, -7.78196001 ], [ 113.47212219, -7.78171015 ], [ 113.47241211, -7.78148985 ], [ 113.4726181, -7.78126001 ], [ 113.47276306, -7.78103018 ], [ 113.4724884, -7.78080988 ], [ 113.47241974, -7.78065014 ], [ 113.47245789, -7.78047991 ], [ 113.47255707, -7.78032017 ], [ 113.47276306, -7.7799902 ], [ 113.47271729, -7.77988005 ], [ 113.47265625, -7.77972984 ], [ 113.47257233, -7.77955008 ], [ 113.47264862, -7.77937984 ], [ 113.47283173, -7.77903986 ], [ 113.47283173, -7.77886009 ], [ 113.47276306, -7.77862978 ], [ 113.47270203, -7.77839994 ], [ 113.47264099, -7.77820015 ], [ 113.47257233, -7.77817011 ], [ 113.47241211, -7.77823019 ], [ 113.47216797, -7.77826023 ], [ 113.47190857, -7.77822018 ], [ 113.47171783, -7.77811003 ], [ 113.47158051, -7.7779398 ], [ 113.47154999, -7.77778006 ], [ 113.47158051, -7.77752018 ], [ 113.47168732, -7.77719021 ], [ 113.47187042, -7.77687979 ], [ 113.47203064, -7.77658987 ], [ 113.47212219, -7.77628994 ], [ 113.472229, -7.77605009 ], [ 113.4723587, -7.77559996 ], [ 113.4723587, -7.77541018 ], [ 113.47228241, -7.77525997 ], [ 113.47206879, -7.77505016 ], [ 113.47186279, -7.77493 ], [ 113.47167969, -7.77488995 ], [ 113.47158813, -7.77496004 ], [ 113.47148132, -7.77513981 ], [ 113.47133636, -7.77549982 ], [ 113.47106934, -7.77616978 ], [ 113.47094727, -7.77629995 ], [ 113.47077942, -7.77637005 ], [ 113.47064972, -7.77632999 ], [ 113.47048187, -7.77619982 ], [ 113.47006989, -7.77574015 ], [ 113.46954346, -7.77511024 ], [ 113.46954346, -7.7750001 ], [ 113.46961975, -7.77493 ], [ 113.46974945, -7.77487993 ], [ 113.46994019, -7.77479982 ], [ 113.46997833, -7.77467012 ], [ 113.47003937, -7.77418995 ], [ 113.47013855, -7.77383995 ], [ 113.47019958, -7.7730999 ], [ 113.47013092, -7.77301979 ], [ 113.46999359, -7.77296019 ], [ 113.46981049, -7.7729702 ], [ 113.46968842, -7.77294016 ], [ 113.46964264, -7.77285004 ], [ 113.46965027, -7.77271986 ], [ 113.46977234, -7.77220011 ], [ 113.46971893, -7.77201986 ], [ 113.46965027, -7.77177 ], [ 113.46964264, -7.77168989 ], [ 113.46961975, -7.77158165 ], [ 113.46961212, -7.77151012 ], [ 113.4694519, -7.77105999 ], [ 113.4691391, -7.77045012 ], [ 113.46896362, -7.7700901 ], [ 113.4686203, -7.76953983 ], [ 113.4683075, -7.76927996 ], [ 113.46781158, -7.7688899 ], [ 113.46727753, -7.76849985 ], [ 113.46716309, -7.7684598 ], [ 113.46694183, -7.76846981 ], [ 113.46697235, -7.76811981 ], [ 113.46697235, -7.76779985 ], [ 113.4668808, -7.76753998 ], [ 113.46672058, -7.76725006 ], [ 113.466362, -7.76686001 ], [ 113.46614075, -7.76671982 ], [ 113.46594238, -7.76666021 ], [ 113.46575165, -7.76668978 ], [ 113.46559143, -7.76678991 ], [ 113.46536255, -7.76690006 ], [ 113.46524048, -7.76680994 ], [ 113.46505737, -7.76666355 ], [ 113.46492767, -7.76656008 ], [ 113.46478271, -7.76652002 ], [ 113.46411896, -7.76644993 ], [ 113.46398926, -7.76628017 ], [ 113.46395111, -7.76613998 ], [ 113.46398163, -7.76592016 ], [ 113.46399689, -7.76572323 ], [ 113.46401215, -7.76556015 ], [ 113.46396637, -7.76512003 ], [ 113.46392059, -7.76499844 ], [ 113.46385956, -7.76485014 ], [ 113.46382904, -7.76462984 ], [ 113.46389771, -7.7643199 ], [ 113.46391296, -7.76410007 ], [ 113.46382904, -7.76395988 ], [ 113.46369171, -7.76386976 ], [ 113.46325684, -7.76358986 ], [ 113.46331024, -7.76340008 ], [ 113.46331024, -7.76330662 ], [ 113.46331024, -7.76321983 ], [ 113.46320343, -7.76288986 ], [ 113.46305847, -7.76277018 ], [ 113.46282196, -7.76255989 ], [ 113.46278381, -7.76227617 ], [ 113.46276855, -7.76212978 ], [ 113.46256256, -7.76177979 ], [ 113.46240234, -7.76154232 ], [ 113.46195221, -7.76083994 ], [ 113.46166229, -7.76057005 ], [ 113.46144104, -7.76046991 ], [ 113.46131897, -7.76046991 ], [ 113.46102905, -7.76050997 ], [ 113.46086121, -7.7603302 ], [ 113.46070099, -7.76023006 ], [ 113.46040344, -7.76008987 ], [ 113.46031189, -7.76000786 ], [ 113.46018982, -7.75989008 ], [ 113.45986176, -7.75954008 ], [ 113.45966339, -7.75950575 ], [ 113.45925903, -7.75943995 ], [ 113.45903778, -7.7592802 ], [ 113.45896149, -7.75921249 ], [ 113.45848083, -7.75880003 ], [ 113.45819092, -7.75868988 ], [ 113.45774841, -7.75846004 ], [ 113.45728302, -7.75814009 ], [ 113.45674896, -7.75763988 ], [ 113.45632935, -7.75678015 ], [ 113.4562912, -7.75653982 ], [ 113.45626068, -7.75643015 ], [ 113.45623016, -7.75634003 ], [ 113.45626831, -7.75609016 ], [ 113.45628357, -7.75568008 ], [ 113.45626831, -7.75547981 ], [ 113.45606995, -7.75494003 ], [ 113.4560318, -7.7547102 ], [ 113.45604706, -7.75446987 ], [ 113.4560318, -7.75424004 ], [ 113.45607758, -7.75404978 ], [ 113.45612335, -7.75379992 ], [ 113.45630646, -7.75367022 ], [ 113.45677185, -7.75354004 ], [ 113.45688629, -7.75351 ], [ 113.45768738, -7.75328016 ], [ 113.45800018, -7.75314999 ], [ 113.45825958, -7.75297022 ], [ 113.45836639, -7.75284004 ], [ 113.4584198, -7.75278997 ], [ 113.45892334, -7.75287819 ], [ 113.45916748, -7.75283432 ], [ 113.45946503, -7.75283241 ], [ 113.46002197, -7.7528863 ], [ 113.46035004, -7.75295544 ], [ 113.46063232, -7.75295401 ], [ 113.46084595, -7.75298119 ], [ 113.46103668, -7.75307989 ], [ 113.46115112, -7.75313568 ], [ 113.46131897, -7.75322008 ], [ 113.46160126, -7.75323248 ], [ 113.46195984, -7.75327301 ], [ 113.46220398, -7.75328588 ], [ 113.46266174, -7.7532692 ], [ 113.46338654, -7.75334644 ], [ 113.46354675, -7.75336361 ], [ 113.46368408, -7.75338078 ], [ 113.46408844, -7.75343132 ], [ 113.46472931, -7.75345612 ], [ 113.46472931, -7.75361252 ], [ 113.46565247, -7.75353622 ], [ 113.46573639, -7.75357819 ], [ 113.46640778, -7.75354576 ], [ 113.46763611, -7.75362396 ], [ 113.46844482, -7.75361919 ], [ 113.46871185, -7.75356865 ], [ 113.46901703, -7.75364161 ], [ 113.4693985, -7.75361204 ], [ 113.46959686, -7.75368071 ], [ 113.46970367, -7.75365973 ], [ 113.46992493, -7.75366783 ], [ 113.47008514, -7.75365782 ], [ 113.4702301, -7.75361061 ], [ 113.47036743, -7.75360966 ], [ 113.47052765, -7.7535882 ], [ 113.47065735, -7.75355005 ], [ 113.47061157, -7.75338984 ], [ 113.47057343, -7.75328016 ], [ 113.4702301, -7.75194311 ], [ 113.47015381, -7.75163984 ], [ 113.47009277, -7.75141001 ], [ 113.47003937, -7.75121021 ], [ 113.46997833, -7.75095463 ], [ 113.469841, -7.75041771 ], [ 113.46974945, -7.75 ], [ 113.46929169, -7.74797916 ], [ 113.46907806, -7.74705982 ], [ 113.46855927, -7.74447012 ], [ 113.46829224, -7.74324989 ], [ 113.46826935, -7.74315977 ], [ 113.46823883, -7.74302006 ], [ 113.46839142, -7.74304008 ], [ 113.47026825, -7.74324989 ], [ 113.47078705, -7.74329996 ], [ 113.47134399, -7.74336958 ], [ 113.47154999, -7.74350023 ], [ 113.47168732, -7.74356985 ], [ 113.47183228, -7.74363995 ], [ 113.4720993, -7.74366999 ], [ 113.47290039, -7.74358988 ], [ 113.47344208, -7.74349022 ], [ 113.47370148, -7.74338007 ], [ 113.47380066, -7.74336004 ], [ 113.47386169, -7.74350977 ], [ 113.47403717, -7.7438302 ], [ 113.47413635, -7.74388981 ], [ 113.4743576, -7.74389982 ], [ 113.47467041, -7.74381018 ], [ 113.47489929, -7.74378014 ], [ 113.47504425, -7.74380398 ], [ 113.47514343, -7.74382019 ], [ 113.47560883, -7.7439189 ], [ 113.47595215, -7.74398994 ], [ 113.47644806, -7.74393988 ], [ 113.47668457, -7.7439208 ], [ 113.47693634, -7.74389982 ], [ 113.47711945, -7.74404001 ], [ 113.47724152, -7.7441926 ], [ 113.47731018, -7.74427986 ], [ 113.47779846, -7.74474001 ], [ 113.47827148, -7.74524021 ], [ 113.47846222, -7.74550009 ], [ 113.47852325, -7.74559021 ], [ 113.47856903, -7.74566698 ], [ 113.47866058, -7.74572992 ], [ 113.4786911, -7.74669695 ], [ 113.47904968, -7.74683857 ], [ 113.47933197, -7.74693012 ], [ 113.47926331, -7.74715233 ], [ 113.47911072, -7.74763536 ], [ 113.47904205, -7.74785995 ], [ 113.47927094, -7.74789 ], [ 113.47985077, -7.74793005 ], [ 113.48001862, -7.74794006 ], [ 113.48023987, -7.74800014 ], [ 113.48065186, -7.7480402 ], [ 113.48126984, -7.74806499 ], [ 113.48124695, -7.74830008 ], [ 113.48124695, -7.74870014 ], [ 113.48127747, -7.74944019 ], [ 113.48136139, -7.74971008 ], [ 113.48143768, -7.74976015 ], [ 113.48164368, -7.74981022 ], [ 113.481987, -7.74982023 ], [ 113.48242188, -7.7498498 ], [ 113.48253632, -7.7498498 ], [ 113.48258972, -7.74989986 ], [ 113.48258972, -7.75 ], [ 113.48259735, -7.75019789 ], [ 113.48259735, -7.75033998 ], [ 113.48259735, -7.75100517 ], [ 113.48287964, -7.75100899 ], [ 113.48284912, -7.75108433 ], [ 113.48287201, -7.75125742 ], [ 113.48279572, -7.75135279 ], [ 113.4828186, -7.75145245 ], [ 113.48287201, -7.7515521 ], [ 113.48286438, -7.75168705 ], [ 113.4828949, -7.75183725 ], [ 113.48295593, -7.75188208 ], [ 113.48310089, -7.75193405 ], [ 113.48326874, -7.75199318 ], [ 113.48337555, -7.75203037 ], [ 113.48342133, -7.75213575 ], [ 113.48342133, -7.75225592 ], [ 113.48342133, -7.75234652 ], [ 113.48339081, -7.75242186 ], [ 113.48326874, -7.75249004 ], [ 113.48306274, -7.75253677 ], [ 113.48300934, -7.7525897 ], [ 113.48300934, -7.75268793 ], [ 113.48301697, -7.75280809 ], [ 113.4832077, -7.75286722 ], [ 113.48330688, -7.7530551 ], [ 113.48332977, -7.75336361 ], [ 113.48329163, -7.7536726 ], [ 113.48327637, -7.75397396 ], [ 113.48327637, -7.75430536 ], [ 113.4832077, -7.7543664 ], [ 113.4828949, -7.75433779 ], [ 113.48288727, -7.75418711 ], [ 113.48288727, -7.75363731 ], [ 113.48274231, -7.75349522 ], [ 113.48249054, -7.75349951 ], [ 113.48246002, -7.75413084 ], [ 113.48245239, -7.75430298 ], [ 113.48245239, -7.75453997 ], [ 113.48245239, -7.75476933 ], [ 113.48262787, -7.75480127 ], [ 113.4829483, -7.75482416 ], [ 113.48318481, -7.75483704 ], [ 113.48347473, -7.75482798 ], [ 113.48365021, -7.75486279 ], [ 113.48383331, -7.75492811 ], [ 113.48397827, -7.7549901 ], [ 113.48410797, -7.75508976 ], [ 113.48412323, -7.75523329 ], [ 113.48414612, -7.75549126 ], [ 113.48413849, -7.75569105 ], [ 113.48410797, -7.75592899 ], [ 113.48404694, -7.75599384 ], [ 113.48394012, -7.75610924 ], [ 113.48373413, -7.75616074 ], [ 113.48350525, -7.75614786 ], [ 113.48318481, -7.75614262 ], [ 113.48291016, -7.7561655 ], [ 113.48259735, -7.75611639 ], [ 113.48232269, -7.75611353 ], [ 113.48223877, -7.75611401 ], [ 113.48197174, -7.75612736 ], [ 113.48188782, -7.75618792 ], [ 113.4818573, -7.75627756 ], [ 113.48188019, -7.75683355 ], [ 113.48190308, -7.75701237 ], [ 113.48190308, -7.75719213 ], [ 113.48191833, -7.75749683 ], [ 113.48192596, -7.75780153 ], [ 113.48191071, -7.75808239 ], [ 113.48191071, -7.75847721 ], [ 113.48191833, -7.7590971 ], [ 113.48234558, -7.75909519 ], [ 113.48284149, -7.75903034 ], [ 113.48311615, -7.75893736 ], [ 113.48361969, -7.75885153 ], [ 113.48387146, -7.7588253 ], [ 113.48430634, -7.75879812 ], [ 113.48466492, -7.75885391 ], [ 113.48491669, -7.7588191 ], [ 113.48511505, -7.75882769 ], [ 113.48537445, -7.75883913 ], [ 113.48603821, -7.7588625 ], [ 113.48643494, -7.75881863 ], [ 113.48671722, -7.75878382 ], [ 113.48701477, -7.75865793 ], [ 113.48709106, -7.75861597 ], [ 113.48723602, -7.75860691 ], [ 113.48755646, -7.75855494 ], [ 113.48778534, -7.7585454 ], [ 113.48801422, -7.75839472 ], [ 113.48817444, -7.75836086 ], [ 113.48852539, -7.75828409 ], [ 113.48873901, -7.75824165 ], [ 113.48903656, -7.75823164 ], [ 113.48920441, -7.75816393 ], [ 113.48939514, -7.7581048 ], [ 113.48966217, -7.75800371 ], [ 113.48984528, -7.75796843 ], [ 113.48973846, -7.75812435 ], [ 113.48976898, -7.75835133 ], [ 113.48993683, -7.75867319 ], [ 113.4899826, -7.75878668 ], [ 113.49022675, -7.75874996 ], [ 113.49034119, -7.75906992 ], [ 113.49046326, -7.75923157 ], [ 113.49050903, -7.75930023 ], [ 113.49056244, -7.75938988 ], [ 113.49056244, -7.75958014 ], [ 113.49050903, -7.75976992 ], [ 113.49054718, -7.75987005 ], [ 113.49066162, -7.75994015 ], [ 113.4911499, -7.75996017 ], [ 113.49149323, -7.75996017 ], [ 113.49185181, -7.76003981 ], [ 113.49211884, -7.76020002 ], [ 113.49217987, -7.76025009 ], [ 113.49275208, -7.76053095 ], [ 113.49292755, -7.76062012 ], [ 113.49315643, -7.76071978 ], [ 113.49375916, -7.7610302 ], [ 113.49404144, -7.76121998 ], [ 113.49420166, -7.76141977 ], [ 113.49433899, -7.76172018 ], [ 113.49442291, -7.76204014 ], [ 113.49442291, -7.76222992 ], [ 113.49434662, -7.76240015 ], [ 113.4941864, -7.76262999 ], [ 113.494133, -7.76293993 ], [ 113.494133, -7.76313019 ], [ 113.49424744, -7.76341009 ], [ 113.49430847, -7.76349306 ], [ 113.49491119, -7.76430988 ], [ 113.49501801, -7.76446009 ], [ 113.49514771, -7.76489019 ], [ 113.49526215, -7.76516008 ], [ 113.49543762, -7.76530266 ], [ 113.49569702, -7.7655201 ], [ 113.49590302, -7.76568985 ], [ 113.49600983, -7.76584005 ], [ 113.49601746, -7.7660799 ], [ 113.49606323, -7.76635981 ], [ 113.49601746, -7.76652002 ], [ 113.49594879, -7.76673985 ], [ 113.49591064, -7.76690817 ], [ 113.49585724, -7.76715994 ], [ 113.49578857, -7.76733017 ], [ 113.49568176, -7.76744986 ], [ 113.49546814, -7.76749992 ], [ 113.49520874, -7.76754999 ], [ 113.49511719, -7.76760006 ], [ 113.49513245, -7.76772833 ], [ 113.49514771, -7.76791 ], [ 113.49526978, -7.76820993 ], [ 113.49539185, -7.76849985 ], [ 113.4954834, -7.76872015 ], [ 113.49552917, -7.76914978 ], [ 113.49555969, -7.76959991 ], [ 113.49565125, -7.76997995 ], [ 113.4957428, -7.77024984 ], [ 113.4957428, -7.77062988 ], [ 113.4957428, -7.77146196 ], [ 113.4957962, -7.77190256 ], [ 113.49581909, -7.77207994 ], [ 113.49593353, -7.7723999 ], [ 113.49609375, -7.77266979 ], [ 113.49645233, -7.77312994 ], [ 113.49684906, -7.77353001 ], [ 113.49730682, -7.77388 ], [ 113.49788666, -7.77423 ], [ 113.49832916, -7.77449989 ], [ 113.49880219, -7.77472019 ], [ 113.49897003, -7.77477407 ], [ 113.49898529, -7.77526569 ], [ 113.498909, -7.77733183 ], [ 113.49897003, -7.77801418 ], [ 113.49917603, -7.7806201 ], [ 113.4994278, -7.78378487 ], [ 113.49932861, -7.78406 ], [ 113.49916077, -7.78458023 ], [ 113.49904633, -7.78494978 ], [ 113.49903107, -7.78543997 ], [ 113.49913788, -7.78571987 ], [ 113.49919891, -7.78591013 ], [ 113.49925232, -7.7860899 ], [ 113.49926758, -7.78628016 ], [ 113.49933624, -7.78679991 ], [ 113.49938965, -7.78697014 ], [ 113.49951935, -7.78725004 ], [ 113.49976349, -7.78754997 ], [ 113.49983215, -7.78760815 ], [ 113.5, -7.78774977 ], [ 113.50016785, -7.78792667 ], [ 113.50035095, -7.78811979 ], [ 113.50054932, -7.78837013 ], [ 113.50066376, -7.788486 ], [ 113.50067902, -7.78872013 ], [ 113.50063324, -7.78892994 ], [ 113.50050354, -7.78913021 ], [ 113.50022888, -7.78973007 ], [ 113.50022888, -7.79000998 ], [ 113.5002594, -7.79076004 ], [ 113.50036621, -7.79156017 ], [ 113.50047302, -7.79203987 ], [ 113.50054932, -7.79216003 ], [ 113.50105286, -7.79251003 ], [ 113.50190735, -7.7929101 ], [ 113.50221252, -7.79312992 ], [ 113.50244141, -7.79358006 ], [ 113.50250244, -7.79437542 ], [ 113.50229645, -7.79548979 ], [ 113.50223541, -7.79660749 ], [ 113.50223541, -7.79670954 ], [ 113.50241852, -7.79761982 ], [ 113.50241089, -7.79789019 ], [ 113.50240326, -7.79822779 ], [ 113.50240326, -7.79879999 ], [ 113.50240326, -7.79988337 ], [ 113.50240326, -7.80027008 ], [ 113.50234222, -7.80104303 ], [ 113.50231934, -7.80136013 ], [ 113.50231934, -7.80173016 ], [ 113.50269318, -7.80245018 ], [ 113.50323486, -7.80291271 ], [ 113.50332642, -7.80298996 ], [ 113.50396729, -7.80353022 ], [ 113.50424957, -7.80453014 ], [ 113.50428009, -7.8050499 ], [ 113.50444794, -7.80569983 ], [ 113.50456238, -7.80619001 ], [ 113.50463867, -7.80639982 ], [ 113.50479889, -7.80682993 ], [ 113.50506592, -7.80732059 ], [ 113.50514221, -7.80744982 ], [ 113.50544739, -7.80791998 ], [ 113.50556946, -7.80816984 ], [ 113.5058136, -7.80854988 ], [ 113.50601196, -7.80880022 ], [ 113.50595856, -7.80884981 ], [ 113.50588989, -7.80890989 ], [ 113.50566864, -7.8091898 ], [ 113.50544739, -7.80939007 ], [ 113.50483704, -7.81016016 ], [ 113.50478363, -7.81024981 ], [ 113.50466156, -7.81052017 ], [ 113.50456238, -7.81099987 ], [ 113.50450897, -7.81133986 ], [ 113.50431824, -7.81165981 ], [ 113.50401306, -7.81209993 ], [ 113.5033493, -7.8131299 ], [ 113.50327301, -7.81321001 ], [ 113.50309753, -7.81324005 ], [ 113.50299835, -7.81326008 ], [ 113.50219727, -7.81329012 ], [ 113.50192261, -7.81329012 ], [ 113.50167084, -7.81329012 ], [ 113.50144958, -7.81327057 ], [ 113.50097656, -7.81323004 ], [ 113.50084686, -7.81321001 ], [ 113.50063324, -7.81321001 ], [ 113.50048828, -7.81323004 ], [ 113.50035858, -7.81324005 ], [ 113.50001526, -7.81336451 ], [ 113.49980927, -7.81343985 ], [ 113.4994812, -7.81371021 ], [ 113.49929047, -7.81393003 ], [ 113.49913025, -7.81408978 ], [ 113.49851227, -7.81476021 ], [ 113.4984436, -7.81482983 ], [ 113.49816132, -7.81511021 ], [ 113.49807739, -7.81518984 ], [ 113.49771881, -7.81571007 ], [ 113.49754333, -7.81607008 ], [ 113.49738312, -7.81648016 ], [ 113.49725342, -7.81679106 ], [ 113.4970932, -7.81722164 ], [ 113.49704742, -7.81740665 ], [ 113.49701691, -7.81748009 ], [ 113.49693298, -7.81773996 ], [ 113.49688721, -7.81784964 ], [ 113.49684143, -7.81843758 ], [ 113.49682617, -7.81930923 ], [ 113.49681854, -7.81943512 ], [ 113.49681091, -7.81957912 ], [ 113.49671936, -7.81999683 ], [ 113.49669647, -7.82006884 ], [ 113.4965744, -7.82047653 ], [ 113.49646759, -7.82079601 ], [ 113.4963913, -7.82104158 ], [ 113.49620819, -7.82150936 ], [ 113.4960022, -7.82219744 ], [ 113.49594879, -7.82254744 ], [ 113.49597168, -7.8230567 ], [ 113.49600983, -7.82332659 ], [ 113.49610901, -7.82355881 ], [ 113.49614716, -7.8238287 ], [ 113.49612427, -7.82420921 ], [ 113.49597931, -7.82466412 ], [ 113.49593353, -7.82476759 ], [ 113.49588013, -7.82488537 ], [ 113.49588776, -7.8250742 ], [ 113.49638367, -7.82520294 ], [ 113.49681091, -7.82531738 ], [ 113.49684906, -7.825387 ], [ 113.49701691, -7.82572508 ], [ 113.49750519, -7.825912 ], [ 113.49760437, -7.82575083 ], [ 113.49777985, -7.82567692 ], [ 113.49801636, -7.82570457 ], [ 113.49810028, -7.82585001 ], [ 113.49826813, -7.82603931 ], [ 113.49841309, -7.8261261 ], [ 113.49858856, -7.82613945 ], [ 113.49874878, -7.82615328 ], [ 113.49889374, -7.82599163 ], [ 113.49906921, -7.82575655 ], [ 113.49929047, -7.82566786 ], [ 113.49941254, -7.82563019 ], [ 113.49965668, -7.82572985 ], [ 113.49977875, -7.82576656 ], [ 113.49978638, -7.82597017 ], [ 113.49977875, -7.82626009 ], [ 113.49971008, -7.82645988 ], [ 113.49952698, -7.82670021 ], [ 113.49920654, -7.82702017 ], [ 113.49910736, -7.82718992 ], [ 113.49932861, -7.82733011 ], [ 113.4996109, -7.82742977 ], [ 113.5, -7.82750988 ], [ 113.50071716, -7.82807016 ], [ 113.50102234, -7.82863998 ], [ 113.50140381, -7.8292799 ], [ 113.5018692, -7.83004999 ], [ 113.50192261, -7.83019018 ], [ 113.50227356, -7.83119011 ], [ 113.502388, -7.83154011 ] ] ] ] } },
{ "type": "Feature", "properties": { "GID_0": "IDN", "NAME_0": "Indonesia", "GID_1": "IDN.11_1", "NAME_1": "Jawa Timur", "NL_NAME_1": null, "GID_2": "IDN.11.30_1", "NAME_2": "Probolinggo", "NL_NAME_2": null, "GID_3": "IDN.11.30.4_1", "NAME_3": "Dringu", "VARNAME_3": null, "NL_NAME_3": null, "TYPE_3": "Kecamatan", "ENGTYPE_3": "Sub-district", "CC_3": "3513200", "HASC_3": null }, "geometry": { "type": "MultiPolygon", "coordinates": [ [ [ [ 113.28151703, -7.81849003 ], [ 113.28101349, -7.81870985 ], [ 113.28063965, -7.81894016 ], [ 113.280159, -7.81920004 ], [ 113.27953339, -7.81961012 ], [ 113.27934265, -7.81965017 ], [ 113.2791214, -7.81964016 ], [ 113.27870178, -7.81960011 ], [ 113.27832031, -7.81968021 ], [ 113.27758026, -7.81992006 ], [ 113.27687836, -7.82032013 ], [ 113.27532959, -7.8210144 ], [ 113.27484131, -7.8212347 ], [ 113.27445984, -7.82143021 ], [ 113.2741394, -7.82194996 ], [ 113.27403259, -7.82259989 ], [ 113.27384186, -7.82366991 ], [ 113.27368164, -7.82456017 ], [ 113.27362061, -7.82551003 ], [ 113.2735672, -7.82624006 ], [ 113.27352142, -7.82713985 ], [ 113.27348328, -7.82799006 ], [ 113.27337646, -7.8289299 ], [ 113.27333069, -7.8295002 ], [ 113.27324677, -7.83023024 ], [ 113.27295685, -7.83058977 ], [ 113.27198029, -7.83062983 ], [ 113.27134705, -7.83061981 ], [ 113.27002716, -7.83068991 ], [ 113.26907349, -7.83072996 ], [ 113.26809692, -7.83078003 ], [ 113.26737213, -7.83081007 ], [ 113.26715088, -7.83082008 ], [ 113.26696777, -7.83082008 ], [ 113.26686859, -7.83082008 ], [ 113.26541138, -7.83081007 ], [ 113.26470947, -7.83080006 ], [ 113.26257324, -7.83074999 ], [ 113.2624588, -7.83074999 ], [ 113.26165771, -7.83078003 ], [ 113.26147461, -7.8307724 ], [ 113.26119232, -7.83033991 ], [ 113.26114655, -7.83000994 ], [ 113.26113129, -7.82988977 ], [ 113.26151276, -7.82774019 ], [ 113.26165009, -7.82660007 ], [ 113.26183319, -7.82526016 ], [ 113.26222229, -7.82363987 ], [ 113.26215363, -7.82357979 ], [ 113.26126099, -7.82282019 ], [ 113.26046753, -7.82233 ], [ 113.25968933, -7.82195091 ], [ 113.25959015, -7.82189989 ], [ 113.25906372, -7.82164001 ], [ 113.25861359, -7.82142019 ], [ 113.25792694, -7.82095003 ], [ 113.25733948, -7.8207202 ], [ 113.2568512, -7.82053995 ], [ 113.25675201, -7.82041979 ], [ 113.25669861, -7.82036018 ], [ 113.25669098, -7.81993008 ], [ 113.25691986, -7.81847 ], [ 113.25702667, -7.81780005 ], [ 113.25701141, -7.81725979 ], [ 113.25679016, -7.81639004 ], [ 113.25668335, -7.81603003 ], [ 113.2565918, -7.81592989 ], [ 113.25649261, -7.8158102 ], [ 113.25639343, -7.81582022 ], [ 113.25630951, -7.81590986 ], [ 113.25623322, -7.81614017 ], [ 113.25617218, -7.81627989 ], [ 113.25605774, -7.81649017 ], [ 113.2558136, -7.8167901 ], [ 113.25566864, -7.8168602 ], [ 113.25518799, -7.81696987 ], [ 113.25453949, -7.81712008 ], [ 113.25454712, -7.81688023 ], [ 113.2545929, -7.8166399 ], [ 113.25460815, -7.81643009 ], [ 113.25450897, -7.81637001 ], [ 113.25434875, -7.81636 ], [ 113.25406647, -7.81631994 ], [ 113.2538681, -7.81644011 ], [ 113.253685, -7.81655502 ], [ 113.25328064, -7.81677008 ], [ 113.25287628, -7.81693983 ], [ 113.25279236, -7.81690979 ], [ 113.25258636, -7.81685019 ], [ 113.25144196, -7.81713009 ], [ 113.25133514, -7.81746531 ], [ 113.25124359, -7.81777 ], [ 113.25121307, -7.81858015 ], [ 113.25121307, -7.81926012 ], [ 113.251297, -7.81996012 ], [ 113.25135803, -7.82061005 ], [ 113.25128937, -7.82139015 ], [ 113.25095367, -7.82211018 ], [ 113.25086975, -7.82256985 ], [ 113.25099182, -7.82270002 ], [ 113.25110626, -7.82287979 ], [ 113.251091, -7.82296991 ], [ 113.25086212, -7.82342005 ], [ 113.25048828, -7.82401991 ], [ 113.25054169, -7.82421017 ], [ 113.25064087, -7.82462978 ], [ 113.25060272, -7.82475996 ], [ 113.25051117, -7.82490015 ], [ 113.25022125, -7.82528019 ], [ 113.25028229, -7.82537985 ], [ 113.25055695, -7.82562017 ], [ 113.2508316, -7.82590008 ], [ 113.25093842, -7.82607985 ], [ 113.25093079, -7.82620001 ], [ 113.25083923, -7.82626009 ], [ 113.25007629, -7.82660007 ], [ 113.25, -7.82664013 ], [ 113.24964142, -7.82680988 ], [ 113.24939728, -7.82693005 ], [ 113.24920654, -7.82707977 ], [ 113.24893188, -7.82741022 ], [ 113.24880981, -7.82748985 ], [ 113.24874115, -7.82745981 ], [ 113.24862671, -7.82734013 ], [ 113.2485199, -7.82711983 ], [ 113.24842834, -7.82695007 ], [ 113.24784851, -7.82659006 ], [ 113.24761963, -7.82632017 ], [ 113.24726105, -7.82559013 ], [ 113.24674225, -7.82528019 ], [ 113.246521, -7.82515001 ], [ 113.24627686, -7.82503986 ], [ 113.24623871, -7.82452011 ], [ 113.24639893, -7.82396984 ], [ 113.24652863, -7.82339001 ], [ 113.24658966, -7.82321262 ], [ 113.24674225, -7.82277012 ], [ 113.24668121, -7.82229996 ], [ 113.24675751, -7.82165003 ], [ 113.24681854, -7.82109022 ], [ 113.24685669, -7.82059002 ], [ 113.2469635, -7.82000017 ], [ 113.24698639, -7.81941986 ], [ 113.24701691, -7.81905985 ], [ 113.24700928, -7.81869984 ], [ 113.24688721, -7.81853008 ], [ 113.24636841, -7.81822014 ], [ 113.2456665, -7.81792021 ], [ 113.24513245, -7.81780005 ], [ 113.24459839, -7.81762981 ], [ 113.243927, -7.81751013 ], [ 113.24337769, -7.81736994 ], [ 113.24299622, -7.81712008 ], [ 113.24255371, -7.81697989 ], [ 113.24230194, -7.81683016 ], [ 113.24185944, -7.81676006 ], [ 113.24154663, -7.81669998 ], [ 113.2412262, -7.81654978 ], [ 113.24080658, -7.81640005 ], [ 113.2405014, -7.81626987 ], [ 113.24018097, -7.81614017 ], [ 113.23972321, -7.81600285 ], [ 113.23960876, -7.81596994 ], [ 113.23952484, -7.81593323 ], [ 113.2392807, -7.81583834 ], [ 113.23919678, -7.81559992 ], [ 113.23921967, -7.81545019 ], [ 113.23929596, -7.81530142 ], [ 113.23920441, -7.81473923 ], [ 113.23896027, -7.81434631 ], [ 113.2387619, -7.81345987 ], [ 113.23865509, -7.81274223 ], [ 113.23828125, -7.8115468 ], [ 113.23825836, -7.81143904 ], [ 113.237854, -7.81095743 ], [ 113.23765564, -7.81070518 ], [ 113.2375412, -7.81062126 ], [ 113.23742676, -7.81043863 ], [ 113.23742676, -7.8103261 ], [ 113.23737335, -7.81021357 ], [ 113.23715973, -7.81017256 ], [ 113.23719025, -7.81005955 ], [ 113.23719025, -7.80986261 ], [ 113.23707581, -7.80973625 ], [ 113.23704529, -7.80962372 ], [ 113.23706055, -7.80953932 ], [ 113.23711395, -7.80946875 ], [ 113.23711395, -7.80929947 ], [ 113.23711395, -7.8091445 ], [ 113.23713684, -7.80903196 ], [ 113.23718262, -7.80887651 ], [ 113.23716736, -7.80876398 ], [ 113.23716736, -7.80866528 ], [ 113.23716736, -7.80855274 ], [ 113.2371521, -7.80846834 ], [ 113.2371521, -7.80827951 ], [ 113.24001312, -7.80875063 ], [ 113.24020386, -7.80770302 ], [ 113.23986816, -7.80730152 ], [ 113.23974609, -7.80709219 ], [ 113.23976898, -7.80688238 ], [ 113.23948669, -7.80613184 ], [ 113.23955536, -7.80574799 ], [ 113.23943329, -7.80566072 ], [ 113.23912048, -7.80555582 ], [ 113.23898315, -7.80532885 ], [ 113.23892975, -7.80492735 ], [ 113.23859406, -7.80442095 ], [ 113.2379837, -7.80408955 ], [ 113.23809052, -7.80365276 ], [ 113.23836517, -7.80287981 ], [ 113.2383194, -7.80228043 ], [ 113.23703766, -7.80026817 ], [ 113.23723602, -7.79948044 ], [ 113.23707581, -7.79851294 ], [ 113.2374649, -7.79834175 ], [ 113.23826599, -7.79845047 ], [ 113.23843384, -7.7989707 ], [ 113.23838806, -7.79961777 ], [ 113.23920441, -7.79987478 ], [ 113.23984528, -7.80006981 ], [ 113.24008179, -7.80014038 ], [ 113.2401123, -7.80003309 ], [ 113.2403717, -7.79932308 ], [ 113.24050903, -7.7988615 ], [ 113.24053955, -7.79877424 ], [ 113.24100494, -7.79819202 ], [ 113.24088287, -7.79812717 ], [ 113.24082947, -7.79803228 ], [ 113.24085236, -7.79791641 ], [ 113.24107361, -7.79774046 ], [ 113.24115753, -7.79764032 ], [ 113.24120331, -7.79754925 ], [ 113.24125671, -7.79743958 ], [ 113.24130249, -7.79736567 ], [ 113.24150085, -7.79698133 ], [ 113.241539, -7.79677773 ], [ 113.24229431, -7.79555225 ], [ 113.24236298, -7.79534054 ], [ 113.24192047, -7.7953434 ], [ 113.24147034, -7.79527235 ], [ 113.24138641, -7.79525709 ], [ 113.24090576, -7.79516792 ], [ 113.24016571, -7.79500961 ], [ 113.23929596, -7.79486609 ], [ 113.23872375, -7.79459906 ], [ 113.23874664, -7.79440355 ], [ 113.23861694, -7.7942462 ], [ 113.23854065, -7.79405546 ], [ 113.23854065, -7.793787 ], [ 113.23828125, -7.79333162 ], [ 113.23797607, -7.79292822 ], [ 113.23787689, -7.79268026 ], [ 113.23771667, -7.79240847 ], [ 113.2376709, -7.7919364 ], [ 113.23735809, -7.79120016 ], [ 113.23719025, -7.79083586 ], [ 113.2371521, -7.79064083 ], [ 113.23709106, -7.79035473 ], [ 113.23705292, -7.79004526 ], [ 113.23693085, -7.78961611 ], [ 113.23703003, -7.78921413 ], [ 113.2371521, -7.7887001 ], [ 113.23714447, -7.78785944 ], [ 113.23725891, -7.78722382 ], [ 113.23722076, -7.78648281 ], [ 113.23734283, -7.78601027 ], [ 113.23742676, -7.78534031 ], [ 113.23742676, -7.78467846 ], [ 113.23756409, -7.78384733 ], [ 113.23744202, -7.78336287 ], [ 113.23751831, -7.78329945 ], [ 113.23752594, -7.78315735 ], [ 113.23729706, -7.78263569 ], [ 113.23720551, -7.78242731 ], [ 113.23713684, -7.78225422 ], [ 113.23710632, -7.78218603 ], [ 113.23708344, -7.78201056 ], [ 113.23730469, -7.78167725 ], [ 113.23712921, -7.78150845 ], [ 113.23701477, -7.78146791 ], [ 113.23674774, -7.78139687 ], [ 113.23596191, -7.78117561 ], [ 113.23582458, -7.78111792 ], [ 113.23538971, -7.78092575 ], [ 113.23525238, -7.78086233 ], [ 113.23483276, -7.78077602 ], [ 113.23439789, -7.7806797 ], [ 113.23401642, -7.78054237 ], [ 113.2339859, -7.78040695 ], [ 113.23403931, -7.77999544 ], [ 113.23408508, -7.77951574 ], [ 113.23417664, -7.77922487 ], [ 113.23419952, -7.7791543 ], [ 113.23430634, -7.77850485 ], [ 113.23453522, -7.77833128 ], [ 113.2346344, -7.77804327 ], [ 113.23478699, -7.77790403 ], [ 113.23498535, -7.77771854 ], [ 113.23508453, -7.77689981 ], [ 113.23511505, -7.77637529 ], [ 113.23519135, -7.77619314 ], [ 113.23524475, -7.77592564 ], [ 113.23548889, -7.77519894 ], [ 113.23574066, -7.77497005 ], [ 113.23593903, -7.77486038 ], [ 113.23628998, -7.77474594 ], [ 113.23658752, -7.77441216 ], [ 113.23667908, -7.77417231 ], [ 113.23693848, -7.773489 ], [ 113.23699188, -7.7732935 ], [ 113.23695374, -7.77320814 ], [ 113.23656464, -7.77238083 ], [ 113.23591614, -7.77183867 ], [ 113.23511505, -7.77117109 ], [ 113.23433685, -7.77040148 ], [ 113.23436737, -7.77030325 ], [ 113.23457336, -7.76965904 ], [ 113.23480988, -7.76891232 ], [ 113.23486328, -7.76847792 ], [ 113.23491669, -7.76808357 ], [ 113.23499298, -7.76753998 ], [ 113.23504639, -7.76712751 ], [ 113.23493958, -7.76706696 ], [ 113.23464203, -7.76689768 ], [ 113.23459625, -7.76675797 ], [ 113.23453522, -7.76656771 ], [ 113.23443604, -7.76654196 ], [ 113.23448181, -7.76639938 ], [ 113.23461151, -7.76597834 ], [ 113.23464966, -7.76583862 ], [ 113.23474884, -7.76550388 ], [ 113.23487091, -7.76519299 ], [ 113.23490906, -7.76510286 ], [ 113.23503876, -7.7650156 ], [ 113.23524475, -7.76489115 ], [ 113.23564148, -7.76465273 ], [ 113.23584747, -7.76456881 ], [ 113.23626709, -7.76440096 ], [ 113.23642731, -7.7638936 ], [ 113.23627472, -7.76364708 ], [ 113.2363739, -7.76336384 ], [ 113.23653412, -7.76291704 ], [ 113.23657227, -7.76271439 ], [ 113.23498535, -7.7620883 ], [ 113.2350235, -7.76201296 ], [ 113.23509216, -7.76126575 ], [ 113.23513031, -7.7609024 ], [ 113.23513794, -7.76077986 ], [ 113.23516846, -7.76033401 ], [ 113.23521423, -7.75996208 ], [ 113.23523712, -7.75983381 ], [ 113.2352829, -7.75955868 ], [ 113.2347641, -7.75941801 ], [ 113.23446655, -7.75933886 ], [ 113.23448944, -7.75925016 ], [ 113.23413086, -7.75900126 ], [ 113.23417664, -7.75877666 ], [ 113.23419952, -7.75858641 ], [ 113.23421478, -7.75834894 ], [ 113.23427582, -7.75830746 ], [ 113.23429871, -7.75820637 ], [ 113.234375, -7.75803518 ], [ 113.23440552, -7.75794077 ], [ 113.23442841, -7.7578249 ], [ 113.23445129, -7.75767136 ], [ 113.23448944, -7.75756311 ], [ 113.23451996, -7.75749207 ], [ 113.23455048, -7.75739527 ], [ 113.23460388, -7.75729132 ], [ 113.23465729, -7.75710535 ], [ 113.2346344, -7.75700188 ], [ 113.23468018, -7.7566967 ], [ 113.23455048, -7.75664711 ], [ 113.23394012, -7.75640774 ], [ 113.23345184, -7.75625086 ], [ 113.23325348, -7.75616455 ], [ 113.23290253, -7.7560482 ], [ 113.23274231, -7.75599432 ], [ 113.23215485, -7.75600338 ], [ 113.23229218, -7.75534487 ], [ 113.23214722, -7.75524426 ], [ 113.23242188, -7.75444841 ], [ 113.23269653, -7.75354385 ], [ 113.2326889, -7.75325918 ], [ 113.2327652, -7.75298023 ], [ 113.23304749, -7.75270033 ], [ 113.23316193, -7.75231647 ], [ 113.233078, -7.75230742 ], [ 113.23316193, -7.75204134 ], [ 113.2331543, -7.7518816 ], [ 113.23324585, -7.75166321 ], [ 113.23340607, -7.7514267 ], [ 113.23348236, -7.75115824 ], [ 113.23361206, -7.75079584 ], [ 113.23377228, -7.75045681 ], [ 113.23381805, -7.75020027 ], [ 113.23386383, -7.75002527 ], [ 113.23418427, -7.75015163 ], [ 113.23426056, -7.74977827 ], [ 113.23432922, -7.74943972 ], [ 113.2345047, -7.74931049 ], [ 113.23477936, -7.7490859 ], [ 113.23488617, -7.74889851 ], [ 113.23497772, -7.74868011 ], [ 113.23521423, -7.74853516 ], [ 113.23527527, -7.7484293 ], [ 113.23537445, -7.74825287 ], [ 113.235466, -7.74812746 ], [ 113.235672, -7.74786615 ], [ 113.23574829, -7.74773455 ], [ 113.23563385, -7.7471242 ], [ 113.2355957, -7.74682808 ], [ 113.23561859, -7.74659348 ], [ 113.23574066, -7.74626827 ], [ 113.23578644, -7.74617243 ], [ 113.23586273, -7.74600649 ], [ 113.23600006, -7.74540901 ], [ 113.23608398, -7.74518108 ], [ 113.23617554, -7.74422932 ], [ 113.2361908, -7.74403572 ], [ 113.23639679, -7.74348307 ], [ 113.23656464, -7.74308538 ], [ 113.23661804, -7.7427969 ], [ 113.23662567, -7.74219751 ], [ 113.23661041, -7.7420454 ], [ 113.23682404, -7.74118233 ], [ 113.23691559, -7.74076796 ], [ 113.23700714, -7.74048567 ], [ 113.23706055, -7.74040842 ], [ 113.23719788, -7.74030638 ], [ 113.23734283, -7.74045992 ], [ 113.23745728, -7.74083996 ], [ 113.23750305, -7.74096012 ], [ 113.23766327, -7.74107981 ], [ 113.23787689, -7.74125004 ], [ 113.2379837, -7.74139977 ], [ 113.2379837, -7.74167013 ], [ 113.23799133, -7.74181986 ], [ 113.23812866, -7.74201012 ], [ 113.23854828, -7.74223995 ], [ 113.23877716, -7.74234009 ], [ 113.23887634, -7.7423501 ], [ 113.23893738, -7.74214983 ], [ 113.2390976, -7.74162006 ], [ 113.23914337, -7.74147987 ], [ 113.23922729, -7.74138021 ], [ 113.24137115, -7.74173021 ], [ 113.24152374, -7.7417798 ], [ 113.24154663, -7.74189997 ], [ 113.24156189, -7.74201012 ], [ 113.24162292, -7.74209023 ], [ 113.24178314, -7.74210978 ], [ 113.24195862, -7.74201012 ], [ 113.24208069, -7.74193001 ], [ 113.24220276, -7.74191999 ], [ 113.2423172, -7.74199009 ], [ 113.24243927, -7.7421999 ], [ 113.24253845, -7.74290991 ], [ 113.24255371, -7.74336004 ], [ 113.2425766, -7.74349022 ], [ 113.24299622, -7.74378014 ], [ 113.24305725, -7.7438302 ], [ 113.24358368, -7.74406004 ], [ 113.2438736, -7.74417019 ], [ 113.24420166, -7.74406004 ], [ 113.24437714, -7.74400997 ], [ 113.24462128, -7.7440834 ], [ 113.24474335, -7.74412012 ], [ 113.24495697, -7.74431992 ], [ 113.24516296, -7.74460983 ], [ 113.24524689, -7.74479008 ], [ 113.2457962, -7.7449398 ], [ 113.24623871, -7.7452302 ], [ 113.24646759, -7.7453599 ], [ 113.24687958, -7.74545002 ], [ 113.24768829, -7.74547005 ], [ 113.24782562, -7.74547577 ], [ 113.24791718, -7.74548006 ], [ 113.24832916, -7.74553013 ], [ 113.24859619, -7.7455101 ], [ 113.24878693, -7.74544001 ], [ 113.24900055, -7.74527979 ], [ 113.24904633, -7.74521017 ], [ 113.24899292, -7.74510002 ], [ 113.24889374, -7.74498987 ], [ 113.24886322, -7.7448802 ], [ 113.24949646, -7.74394989 ], [ 113.24986267, -7.74329996 ], [ 113.24989319, -7.74322987 ], [ 113.25, -7.74298 ], [ 113.25007629, -7.74280977 ], [ 113.25015259, -7.74269009 ], [ 113.25026703, -7.74259996 ], [ 113.25055695, -7.74253988 ], [ 113.25112915, -7.74258995 ], [ 113.25167084, -7.74257994 ], [ 113.25224304, -7.74253988 ], [ 113.25243378, -7.74249983 ], [ 113.25328064, -7.74224997 ], [ 113.25363922, -7.7421298 ], [ 113.25376892, -7.7421298 ], [ 113.25398254, -7.74229002 ], [ 113.25402069, -7.74236012 ], [ 113.25411987, -7.74241018 ], [ 113.2542038, -7.74240017 ], [ 113.25428772, -7.74229002 ], [ 113.25435638, -7.74225998 ], [ 113.2545929, -7.7423501 ], [ 113.25480652, -7.74250984 ], [ 113.25498199, -7.74263 ], [ 113.25509644, -7.74339008 ], [ 113.25509644, -7.74529982 ], [ 113.25507355, -7.74566984 ], [ 113.25498962, -7.7462101 ], [ 113.25475311, -7.74727011 ], [ 113.25469971, -7.74771976 ], [ 113.25473022, -7.74840021 ], [ 113.25479126, -7.74882984 ], [ 113.25502777, -7.74961996 ], [ 113.25517273, -7.75 ], [ 113.25521088, -7.75011015 ], [ 113.25540161, -7.75052023 ], [ 113.25546265, -7.7506299 ], [ 113.25556183, -7.75081015 ], [ 113.25566101, -7.75098991 ], [ 113.25582123, -7.75138998 ], [ 113.25598145, -7.75180006 ], [ 113.25634003, -7.75262022 ], [ 113.25647736, -7.75298023 ], [ 113.25682068, -7.75407982 ], [ 113.25700378, -7.75444984 ], [ 113.2574234, -7.75528002 ], [ 113.25750732, -7.75544977 ], [ 113.25769043, -7.75575018 ], [ 113.25789642, -7.75608015 ], [ 113.2583313, -7.75654984 ], [ 113.25853729, -7.75678015 ], [ 113.25865936, -7.75691986 ], [ 113.2589035, -7.75720978 ], [ 113.2591095, -7.75748014 ], [ 113.2594223, -7.75793982 ], [ 113.2596817, -7.75825977 ], [ 113.25995636, -7.75867987 ], [ 113.26058197, -7.75936985 ], [ 113.26081848, -7.75981998 ], [ 113.26093292, -7.76011992 ], [ 113.26104736, -7.76028013 ], [ 113.26117706, -7.76037979 ], [ 113.26152802, -7.76057005 ], [ 113.26174927, -7.76074982 ], [ 113.26212311, -7.76139021 ], [ 113.26229858, -7.76161003 ], [ 113.26252747, -7.76191998 ], [ 113.26264191, -7.76206017 ], [ 113.26268005, -7.76231003 ], [ 113.26267242, -7.76260996 ], [ 113.26270294, -7.76271009 ], [ 113.26304626, -7.76302004 ], [ 113.26320648, -7.7631402 ], [ 113.26325226, -7.76324987 ], [ 113.26316071, -7.76374006 ], [ 113.26320648, -7.76406002 ], [ 113.26320648, -7.76420021 ], [ 113.2631073, -7.76433992 ], [ 113.26281738, -7.76452017 ], [ 113.2627182, -7.7645998 ], [ 113.26265717, -7.76468992 ], [ 113.26268768, -7.76476002 ], [ 113.26299286, -7.76480007 ], [ 113.2635498, -7.76493979 ], [ 113.26392365, -7.76500988 ], [ 113.2641983, -7.76508999 ], [ 113.2647171, -7.7654376 ], [ 113.26506042, -7.76566982 ], [ 113.26525116, -7.76586008 ], [ 113.26535034, -7.76601982 ], [ 113.26554108, -7.76644993 ], [ 113.26598358, -7.76706982 ], [ 113.26641846, -7.76771021 ], [ 113.26759338, -7.76961994 ], [ 113.26779938, -7.77000999 ], [ 113.26821136, -7.77102995 ], [ 113.26831055, -7.77139997 ], [ 113.26846313, -7.7719202 ], [ 113.26867676, -7.77270985 ], [ 113.26886749, -7.77311993 ], [ 113.26912689, -7.77353001 ], [ 113.26940155, -7.77383995 ], [ 113.26959229, -7.77401018 ], [ 113.26976776, -7.77408981 ], [ 113.26997375, -7.7740798 ], [ 113.27031708, -7.77396011 ], [ 113.27046204, -7.77391005 ], [ 113.27057648, -7.77393007 ], [ 113.27073669, -7.77406979 ], [ 113.27085114, -7.77427006 ], [ 113.27097321, -7.77475977 ], [ 113.27101898, -7.77516985 ], [ 113.27101135, -7.77549982 ], [ 113.27097321, -7.77599001 ], [ 113.27101135, -7.77642012 ], [ 113.27113342, -7.77680016 ], [ 113.27131653, -7.7771101 ], [ 113.27153778, -7.77728987 ], [ 113.27163696, -7.77738476 ], [ 113.27184296, -7.77757978 ], [ 113.2719574, -7.77769995 ], [ 113.27213287, -7.77776003 ], [ 113.27229309, -7.77771997 ], [ 113.27259827, -7.77755022 ], [ 113.27282715, -7.77742004 ], [ 113.27313995, -7.77734995 ], [ 113.27332306, -7.77734995 ], [ 113.27348328, -7.77740002 ], [ 113.27362061, -7.77754021 ], [ 113.27368927, -7.77769995 ], [ 113.2736969, -7.77805996 ], [ 113.27364349, -7.77855015 ], [ 113.27349854, -7.77922535 ], [ 113.27358246, -7.77939701 ], [ 113.27364349, -7.77948236 ], [ 113.27360535, -7.7796731 ], [ 113.2734375, -7.77965307 ], [ 113.27319336, -7.77961016 ], [ 113.2729187, -7.77959871 ], [ 113.27292633, -7.77983332 ], [ 113.27295685, -7.77992439 ], [ 113.27316284, -7.78015518 ], [ 113.27317047, -7.78023338 ], [ 113.27305603, -7.78032255 ], [ 113.27276611, -7.78056908 ], [ 113.27275085, -7.78071785 ], [ 113.2727356, -7.78082132 ], [ 113.27263641, -7.78101778 ], [ 113.27281189, -7.78212023 ], [ 113.27558899, -7.78722239 ], [ 113.2760849, -7.78827429 ], [ 113.27615356, -7.78889322 ], [ 113.27576447, -7.790205 ], [ 113.27526855, -7.79214573 ], [ 113.27567291, -7.79244471 ], [ 113.27557373, -7.79283047 ], [ 113.27581024, -7.7932477 ], [ 113.27584839, -7.79391718 ], [ 113.27581787, -7.7953105 ], [ 113.27592468, -7.7955575 ], [ 113.27626038, -7.79584026 ], [ 113.27631378, -7.79590654 ], [ 113.27610779, -7.79636002 ], [ 113.27606201, -7.7970295 ], [ 113.27615356, -7.7974143 ], [ 113.27650452, -7.79786444 ], [ 113.27661133, -7.79826546 ], [ 113.27638245, -7.79973984 ], [ 113.27635193, -7.8002758 ], [ 113.27643585, -7.80091143 ], [ 113.27674866, -7.80179691 ], [ 113.27713776, -7.80248117 ], [ 113.27735901, -7.80284834 ], [ 113.2780304, -7.80389929 ], [ 113.27866364, -7.80525208 ], [ 113.27923584, -7.80647087 ], [ 113.27980042, -7.80779028 ], [ 113.28018951, -7.80910587 ], [ 113.28025055, -7.80929756 ], [ 113.28027344, -7.8094244 ], [ 113.28012085, -7.80941677 ], [ 113.28011322, -7.80966616 ], [ 113.28013611, -7.80989408 ], [ 113.28009796, -7.81006289 ], [ 113.28005219, -7.810287 ], [ 113.28004456, -7.8105278 ], [ 113.28001404, -7.81072664 ], [ 113.28064728, -7.81077814 ], [ 113.2806778, -7.81122589 ], [ 113.28065491, -7.81149054 ], [ 113.28051758, -7.81169271 ], [ 113.28038025, -7.81194544 ], [ 113.28023529, -7.81216002 ], [ 113.28025818, -7.8122859 ], [ 113.28050232, -7.81249857 ], [ 113.28063965, -7.8126111 ], [ 113.28065491, -7.81274986 ], [ 113.28057861, -7.81286335 ], [ 113.28044891, -7.8128891 ], [ 113.28034973, -7.81290245 ], [ 113.28022003, -7.81290293 ], [ 113.28012848, -7.81428862 ], [ 113.28007507, -7.81457424 ], [ 113.27988434, -7.81562471 ], [ 113.2798233, -7.81634092 ], [ 113.27981567, -7.81641817 ], [ 113.27985382, -7.81665659 ], [ 113.27983856, -7.81676006 ], [ 113.27992249, -7.8172102 ], [ 113.2800293, -7.81722021 ], [ 113.28038025, -7.8172698 ], [ 113.28057098, -7.81740999 ], [ 113.28079987, -7.81759977 ], [ 113.28108215, -7.81781006 ], [ 113.2811203, -7.81795979 ], [ 113.2811203, -7.81829977 ], [ 113.28121948, -7.81838989 ], [ 113.28134918, -7.81843996 ], [ 113.28151703, -7.81849003 ] ] ] ] } },
{ "type": "Feature", "properties": { "GID_0": "IDN", "NAME_0": "Indonesia", "GID_1": "IDN.11_1", "NAME_1": "Jawa Timur", "NL_NAME_1": null, "GID_2": "IDN.11.30_1", "NAME_2": "Probolinggo", "NL_NAME_2": null, "GID_3": "IDN.11.30.5_1", "NAME_3": "Gading", "VARNAME_3": null, "NL_NAME_3": null, "TYPE_3": "Kecamatan", "ENGTYPE_3": "Sub-district", "CC_3": "3513100", "HASC_3": null }, "geometry": { "type": "MultiPolygon", "coordinates": [ [ [ [ 113.40078735, -7.87611866 ], [ 113.40081024, -7.87685013 ], [ 113.40072632, -7.87726021 ], [ 113.40065765, -7.8775301 ], [ 113.40057373, -7.8776598 ], [ 113.40029144, -7.87792015 ], [ 113.40016937, -7.87802982 ], [ 113.39996338, -7.87810993 ], [ 113.39994812, -7.87821007 ], [ 113.39997101, -7.87884998 ], [ 113.39903259, -7.8790102 ], [ 113.39681244, -7.87940979 ], [ 113.39589691, -7.8794899 ], [ 113.39539337, -7.87946987 ], [ 113.39536285, -7.8797102 ], [ 113.39524841, -7.88012981 ], [ 113.39512634, -7.88031006 ], [ 113.39501953, -7.88036013 ], [ 113.39479065, -7.88038015 ], [ 113.39457703, -7.88042021 ], [ 113.39446259, -7.88055992 ], [ 113.39421082, -7.88102007 ], [ 113.39415741, -7.8811245 ], [ 113.39411163, -7.88121986 ], [ 113.3940506, -7.88138008 ], [ 113.39401245, -7.88171005 ], [ 113.39398193, -7.88184977 ], [ 113.39415741, -7.88185978 ], [ 113.39438629, -7.88209009 ], [ 113.39456177, -7.88225985 ], [ 113.39476013, -7.88235998 ], [ 113.39512634, -7.88239002 ], [ 113.39546967, -7.88244009 ], [ 113.39588928, -7.88256979 ], [ 113.39629364, -7.88271999 ], [ 113.39671326, -7.88275003 ], [ 113.39704132, -7.88265991 ], [ 113.39732361, -7.88256979 ], [ 113.39752197, -7.88255978 ], [ 113.39766693, -7.88265991 ], [ 113.397789, -7.88268995 ], [ 113.39846802, -7.88228989 ], [ 113.39864349, -7.88219976 ], [ 113.39878082, -7.88219023 ], [ 113.39904785, -7.88263988 ], [ 113.39916229, -7.8828702 ], [ 113.39923859, -7.88294983 ], [ 113.39938354, -7.88293982 ], [ 113.39958191, -7.88276005 ], [ 113.39972687, -7.88262987 ], [ 113.39990234, -7.88261986 ], [ 113.39997101, -7.88270998 ], [ 113.40016937, -7.88304186 ], [ 113.400383, -7.88351011 ], [ 113.40042877, -7.88372469 ], [ 113.40045166, -7.88383007 ], [ 113.40058899, -7.88442993 ], [ 113.40061188, -7.88487005 ], [ 113.40048218, -7.88506985 ], [ 113.40039825, -7.8853898 ], [ 113.40032959, -7.88562012 ], [ 113.4002533, -7.88592005 ], [ 113.400177, -7.88606024 ], [ 113.40003967, -7.88619995 ], [ 113.39983368, -7.88630009 ], [ 113.39965057, -7.8863101 ], [ 113.39929962, -7.88620996 ], [ 113.39852142, -7.88599014 ], [ 113.39837646, -7.88604021 ], [ 113.39826965, -7.88613987 ], [ 113.39801788, -7.8865099 ], [ 113.39794922, -7.88665009 ], [ 113.39742279, -7.88712978 ], [ 113.3972168, -7.8871398 ], [ 113.39688873, -7.88708019 ], [ 113.39644623, -7.88702011 ], [ 113.39626312, -7.88709021 ], [ 113.39602661, -7.8871398 ], [ 113.39588165, -7.88712978 ], [ 113.39571381, -7.88703012 ], [ 113.39539337, -7.88685989 ], [ 113.39515686, -7.88687992 ], [ 113.39489746, -7.88684988 ], [ 113.39463806, -7.88676977 ], [ 113.3945694, -7.88673019 ], [ 113.3944397, -7.88670015 ], [ 113.39418793, -7.88669014 ], [ 113.39360809, -7.88672018 ], [ 113.39344025, -7.88665009 ], [ 113.39335632, -7.88654995 ], [ 113.39306641, -7.88610983 ], [ 113.39282227, -7.88602018 ], [ 113.39253998, -7.8860302 ], [ 113.39240265, -7.88609982 ], [ 113.39231873, -7.88618994 ], [ 113.39231873, -7.88636017 ], [ 113.39230347, -7.88662004 ], [ 113.39221191, -7.88697004 ], [ 113.39211273, -7.88707018 ], [ 113.39196014, -7.8871398 ], [ 113.39176941, -7.8871398 ], [ 113.3915329, -7.88705015 ], [ 113.39102173, -7.88687992 ], [ 113.39069366, -7.88689995 ], [ 113.39050293, -7.88700008 ], [ 113.39038849, -7.88711023 ], [ 113.39031219, -7.88729 ], [ 113.39016724, -7.88751984 ], [ 113.38987732, -7.88782978 ], [ 113.38970184, -7.88792992 ], [ 113.38954163, -7.88805008 ], [ 113.38912964, -7.88839006 ], [ 113.3889389, -7.88845015 ], [ 113.38886261, -7.88843012 ], [ 113.38864899, -7.8882699 ], [ 113.38822937, -7.88784981 ], [ 113.38803864, -7.88783979 ], [ 113.38789368, -7.88794994 ], [ 113.38768005, -7.88809633 ], [ 113.38748932, -7.88822985 ], [ 113.38703918, -7.88827991 ], [ 113.38687897, -7.88838005 ], [ 113.38658905, -7.8885498 ], [ 113.38635254, -7.8886199 ], [ 113.38614655, -7.88850021 ], [ 113.38585663, -7.88817978 ], [ 113.38580322, -7.88801003 ], [ 113.38578033, -7.88781977 ], [ 113.38572693, -7.88765001 ], [ 113.38551331, -7.88712978 ], [ 113.38527679, -7.88625002 ], [ 113.38510132, -7.8860898 ], [ 113.38500977, -7.88606024 ], [ 113.38477325, -7.88604021 ], [ 113.38419342, -7.88635015 ], [ 113.38398743, -7.88645983 ], [ 113.38391876, -7.88655996 ], [ 113.38394928, -7.8874898 ], [ 113.38378906, -7.88769007 ], [ 113.38339996, -7.88809013 ], [ 113.38285065, -7.8888402 ], [ 113.38259888, -7.88938999 ], [ 113.38252258, -7.88944006 ], [ 113.38227844, -7.8895402 ], [ 113.38210297, -7.88957977 ], [ 113.38191986, -7.88951015 ], [ 113.38146973, -7.88921022 ], [ 113.38128662, -7.88921022 ], [ 113.38089752, -7.88923979 ], [ 113.3807373, -7.88918018 ], [ 113.38070679, -7.88909006 ], [ 113.38076019, -7.88878012 ], [ 113.38076019, -7.88851023 ], [ 113.38078308, -7.88827991 ], [ 113.38079071, -7.88807011 ], [ 113.38072968, -7.88784981 ], [ 113.3806076, -7.88777018 ], [ 113.38040161, -7.88769007 ], [ 113.37982178, -7.88749981 ], [ 113.37937164, -7.88743019 ], [ 113.37917328, -7.88743019 ], [ 113.37850952, -7.88746977 ], [ 113.3784256, -7.88748503 ], [ 113.37753296, -7.88764 ], [ 113.37702179, -7.88770008 ], [ 113.37676239, -7.88769007 ], [ 113.37669373, -7.88762999 ], [ 113.37667084, -7.88746977 ], [ 113.37671661, -7.88730001 ], [ 113.37686157, -7.88698006 ], [ 113.37705994, -7.88649988 ], [ 113.37709045, -7.88600016 ], [ 113.37699127, -7.8856802 ], [ 113.37683105, -7.88552999 ], [ 113.37654114, -7.88539982 ], [ 113.37628174, -7.88525009 ], [ 113.37612915, -7.88507986 ], [ 113.37528992, -7.88403988 ], [ 113.37512207, -7.88382006 ], [ 113.375, -7.88373995 ], [ 113.37480164, -7.88360977 ], [ 113.3745575, -7.88346004 ], [ 113.37460327, -7.88335991 ], [ 113.37458801, -7.88314009 ], [ 113.3745575, -7.8828001 ], [ 113.37451172, -7.88263988 ], [ 113.3742981, -7.88235903 ], [ 113.37414551, -7.88216877 ], [ 113.37399292, -7.88196993 ], [ 113.37391663, -7.88176012 ], [ 113.37391663, -7.88153982 ], [ 113.37397766, -7.88136005 ], [ 113.3740921, -7.88128996 ], [ 113.37439728, -7.88107014 ], [ 113.37449646, -7.88088989 ], [ 113.37461853, -7.88051987 ], [ 113.37478638, -7.8801198 ], [ 113.37503052, -7.8796401 ], [ 113.37513733, -7.87932014 ], [ 113.37538147, -7.87849998 ], [ 113.37541962, -7.87833023 ], [ 113.37542725, -7.87775993 ], [ 113.37538147, -7.87760019 ], [ 113.37535858, -7.87751007 ], [ 113.37534332, -7.87742996 ], [ 113.37535095, -7.87725019 ], [ 113.37570953, -7.87641001 ], [ 113.37574768, -7.8762598 ], [ 113.37584686, -7.87593985 ], [ 113.37599945, -7.87548018 ], [ 113.37612152, -7.87523174 ], [ 113.3762207, -7.87503004 ], [ 113.37641144, -7.87478018 ], [ 113.37650299, -7.87440014 ], [ 113.37658691, -7.87413979 ], [ 113.3766098, -7.87390995 ], [ 113.3764801, -7.87365007 ], [ 113.37625122, -7.87341976 ], [ 113.37590027, -7.87320995 ], [ 113.37547302, -7.87300014 ], [ 113.37519836, -7.87285995 ], [ 113.375, -7.87262011 ], [ 113.37490845, -7.87254 ], [ 113.37480164, -7.87239981 ], [ 113.37471008, -7.87221003 ], [ 113.37467194, -7.87199926 ], [ 113.37467957, -7.8719101 ], [ 113.37477875, -7.87175989 ], [ 113.37490082, -7.87166023 ], [ 113.375, -7.87160015 ], [ 113.37509155, -7.87157011 ], [ 113.37521362, -7.87150002 ], [ 113.37529755, -7.87136984 ], [ 113.37528229, -7.87129021 ], [ 113.37516785, -7.87120008 ], [ 113.375, -7.87112999 ], [ 113.37489319, -7.87110996 ], [ 113.37457275, -7.87108994 ], [ 113.37419128, -7.87107992 ], [ 113.37384033, -7.87105989 ], [ 113.37355804, -7.87101984 ], [ 113.37333679, -7.87093019 ], [ 113.3731308, -7.87081003 ], [ 113.37296295, -7.87066984 ], [ 113.37249756, -7.87025023 ], [ 113.37232208, -7.87010002 ], [ 113.37213898, -7.87002993 ], [ 113.37206268, -7.8700099 ], [ 113.3719635, -7.87005997 ], [ 113.37188721, -7.87017012 ], [ 113.37180328, -7.87039995 ], [ 113.37171173, -7.87071991 ], [ 113.37155151, -7.87101984 ], [ 113.37136841, -7.87110996 ], [ 113.37120056, -7.87111998 ], [ 113.37104034, -7.87110996 ], [ 113.3707962, -7.87102985 ], [ 113.37017059, -7.87080002 ], [ 113.36975098, -7.87064981 ], [ 113.36955261, -7.8705802 ], [ 113.36929321, -7.87046003 ], [ 113.36885834, -7.8702302 ], [ 113.36843109, -7.86990023 ], [ 113.3682785, -7.86969995 ], [ 113.36824036, -7.8695302 ], [ 113.36823273, -7.86929989 ], [ 113.36826324, -7.86898994 ], [ 113.36830139, -7.86865997 ], [ 113.36829376, -7.86841011 ], [ 113.3682785, -7.86828995 ], [ 113.36820984, -7.86816978 ], [ 113.36807251, -7.86802006 ], [ 113.36794281, -7.86791992 ], [ 113.3677063, -7.86781979 ], [ 113.36756897, -7.86778021 ], [ 113.36726379, -7.86778021 ], [ 113.36702728, -7.86780024 ], [ 113.36701202, -7.86772013 ], [ 113.36701202, -7.86761999 ], [ 113.36695862, -7.86721992 ], [ 113.36695862, -7.86690998 ], [ 113.36695099, -7.86662006 ], [ 113.36699677, -7.86629009 ], [ 113.36743927, -7.86608982 ], [ 113.36804962, -7.86591005 ], [ 113.36998749, -7.86572981 ], [ 113.3707962, -7.86569977 ], [ 113.37172699, -7.86568022 ], [ 113.37259674, -7.86563063 ], [ 113.37277985, -7.86562014 ], [ 113.37384033, -7.86566019 ], [ 113.37443542, -7.86574602 ], [ 113.37480927, -7.8657999 ], [ 113.375, -7.86585999 ], [ 113.37518311, -7.86590862 ], [ 113.37555695, -7.86601019 ], [ 113.37579346, -7.86606979 ], [ 113.3760376, -7.86620998 ], [ 113.37651825, -7.86655998 ], [ 113.37698364, -7.86683989 ], [ 113.37706757, -7.86689091 ], [ 113.37732697, -7.86705017 ], [ 113.37747955, -7.86709023 ], [ 113.37779999, -7.86711979 ], [ 113.37850189, -7.86714983 ], [ 113.37898254, -7.86710978 ], [ 113.37931061, -7.8671298 ], [ 113.37949371, -7.86713982 ], [ 113.37969208, -7.86711979 ], [ 113.37985229, -7.86710978 ], [ 113.38050842, -7.86708021 ], [ 113.38114166, -7.86699009 ], [ 113.38162231, -7.86690998 ], [ 113.38230133, -7.86682987 ], [ 113.38317871, -7.86682987 ], [ 113.38346863, -7.86731005 ], [ 113.38352203, -7.86748981 ], [ 113.38330841, -7.86809015 ], [ 113.38321686, -7.86834002 ], [ 113.38320923, -7.86844015 ], [ 113.38332367, -7.86855984 ], [ 113.3835907, -7.86859989 ], [ 113.38381195, -7.86861992 ], [ 113.38394928, -7.86868 ], [ 113.38404846, -7.86885977 ], [ 113.38414001, -7.86948013 ], [ 113.3841629, -7.86962986 ], [ 113.38411713, -7.87022018 ], [ 113.38423157, -7.8702302 ], [ 113.38439178, -7.87024021 ], [ 113.38494873, -7.87025976 ], [ 113.38519287, -7.87025976 ], [ 113.38587189, -7.8702302 ], [ 113.38651276, -7.87020016 ], [ 113.38674164, -7.87017012 ], [ 113.3868866, -7.87015009 ], [ 113.3870163, -7.87014008 ], [ 113.38736725, -7.87010002 ], [ 113.38764954, -7.87006998 ], [ 113.38777161, -7.87003994 ], [ 113.38883209, -7.86976004 ], [ 113.38898468, -7.86971521 ], [ 113.38907623, -7.86968994 ], [ 113.38919067, -7.8696599 ], [ 113.38931274, -7.86960983 ], [ 113.38954163, -7.86949015 ], [ 113.38986206, -7.86915016 ], [ 113.39025879, -7.86865997 ], [ 113.39058685, -7.86821985 ], [ 113.39099884, -7.86775017 ], [ 113.39125824, -7.86745977 ], [ 113.3914566, -7.86724997 ], [ 113.39164734, -7.86693001 ], [ 113.39179993, -7.8666501 ], [ 113.39196014, -7.86631012 ], [ 113.39212799, -7.86594009 ], [ 113.39228058, -7.86566019 ], [ 113.39244843, -7.86534977 ], [ 113.39266968, -7.86509991 ], [ 113.39295197, -7.86483002 ], [ 113.39337158, -7.86452007 ], [ 113.39376831, -7.86424017 ], [ 113.39404297, -7.86397982 ], [ 113.39427948, -7.86373997 ], [ 113.39445496, -7.86347961 ], [ 113.39450073, -7.86341 ], [ 113.39466858, -7.86311007 ], [ 113.39479065, -7.86275005 ], [ 113.39485168, -7.8625102 ], [ 113.39481354, -7.86217022 ], [ 113.3947525, -7.86188984 ], [ 113.39472198, -7.86155987 ], [ 113.3947525, -7.86123991 ], [ 113.39479828, -7.8608799 ], [ 113.39486694, -7.86054993 ], [ 113.3948822, -7.86019993 ], [ 113.39483643, -7.85988998 ], [ 113.39467621, -7.85932016 ], [ 113.39459229, -7.85901022 ], [ 113.39453125, -7.8589201 ], [ 113.39440155, -7.85870981 ], [ 113.39432526, -7.85857391 ], [ 113.39424133, -7.85840988 ], [ 113.39408112, -7.85804987 ], [ 113.39391327, -7.85769987 ], [ 113.39382935, -7.85753012 ], [ 113.39373779, -7.8573699 ], [ 113.39357758, -7.85721016 ], [ 113.39334869, -7.85707998 ], [ 113.39324188, -7.85687017 ], [ 113.39318085, -7.85671997 ], [ 113.39305115, -7.85635996 ], [ 113.39295197, -7.85606003 ], [ 113.39279175, -7.85578012 ], [ 113.39243317, -7.8552599 ], [ 113.39208984, -7.85477018 ], [ 113.39198303, -7.85467005 ], [ 113.39186096, -7.85459995 ], [ 113.3914032, -7.85449982 ], [ 113.39121246, -7.8543601 ], [ 113.39099121, -7.85402012 ], [ 113.39079285, -7.85370016 ], [ 113.39044952, -7.85326004 ], [ 113.39015198, -7.85280991 ], [ 113.39003754, -7.85264015 ], [ 113.38980103, -7.85244989 ], [ 113.3894577, -7.85219002 ], [ 113.38934326, -7.8520999 ], [ 113.38909912, -7.85183001 ], [ 113.38878632, -7.85148001 ], [ 113.38852692, -7.85124016 ], [ 113.38835144, -7.85113001 ], [ 113.38825226, -7.85101986 ], [ 113.38818359, -7.85071993 ], [ 113.38800812, -7.8503499 ], [ 113.38783264, -7.84997988 ], [ 113.38764954, -7.84982014 ], [ 113.38745117, -7.84975004 ], [ 113.38735962, -7.84962988 ], [ 113.38726807, -7.84953022 ], [ 113.38697815, -7.84931993 ], [ 113.38691711, -7.84900236 ], [ 113.38683319, -7.84859991 ], [ 113.38652802, -7.84808016 ], [ 113.38643646, -7.84789991 ], [ 113.38627625, -7.84757996 ], [ 113.38620758, -7.84717989 ], [ 113.38606262, -7.84671021 ], [ 113.38600922, -7.84646988 ], [ 113.38591003, -7.84597015 ], [ 113.38581848, -7.8457098 ], [ 113.38587189, -7.84553003 ], [ 113.38600922, -7.84519005 ], [ 113.38607025, -7.84471989 ], [ 113.38581848, -7.84427023 ], [ 113.38562775, -7.84394979 ], [ 113.38522339, -7.84358978 ], [ 113.38476563, -7.84338617 ], [ 113.38452911, -7.84327984 ], [ 113.38406372, -7.84303999 ], [ 113.38361359, -7.84286022 ], [ 113.38342285, -7.84279013 ], [ 113.38276672, -7.84250021 ], [ 113.38215637, -7.84227991 ], [ 113.38183594, -7.84219456 ], [ 113.38143921, -7.84209013 ], [ 113.38083649, -7.8419199 ], [ 113.38072968, -7.84188986 ], [ 113.37998962, -7.84173012 ], [ 113.37934875, -7.84165001 ], [ 113.37906647, -7.84159994 ], [ 113.37879944, -7.84151983 ], [ 113.37872314, -7.84148979 ], [ 113.37858582, -7.84143639 ], [ 113.37847137, -7.84139013 ], [ 113.3780365, -7.84111023 ], [ 113.37783813, -7.84097004 ], [ 113.37760925, -7.8407979 ], [ 113.37734985, -7.84061003 ], [ 113.37722778, -7.8405385 ], [ 113.37664795, -7.84018993 ], [ 113.37586212, -7.83968019 ], [ 113.37545776, -7.83931017 ], [ 113.37522125, -7.83901978 ], [ 113.37512207, -7.83865023 ], [ 113.37510681, -7.83849001 ], [ 113.37523651, -7.83831978 ], [ 113.37535095, -7.83809996 ], [ 113.37542725, -7.83783007 ], [ 113.37542725, -7.83747005 ], [ 113.37541962, -7.83733606 ], [ 113.37538147, -7.83695984 ], [ 113.37526703, -7.83643007 ], [ 113.375, -7.83584976 ], [ 113.37483978, -7.8355999 ], [ 113.37461853, -7.83517981 ], [ 113.37438965, -7.83472013 ], [ 113.3743515, -7.8344698 ], [ 113.37438965, -7.83423996 ], [ 113.3744812, -7.83410978 ], [ 113.3747406, -7.83398008 ], [ 113.375, -7.83394003 ], [ 113.37535095, -7.83397007 ], [ 113.37581635, -7.83397007 ], [ 113.3760376, -7.83391047 ], [ 113.37619019, -7.83386993 ], [ 113.37644958, -7.83369017 ], [ 113.37651062, -7.83345985 ], [ 113.37645721, -7.83325005 ], [ 113.37628174, -7.83309984 ], [ 113.37612152, -7.8327899 ], [ 113.37612152, -7.83271456 ], [ 113.37613678, -7.83248997 ], [ 113.37628174, -7.83228016 ], [ 113.37658691, -7.83207989 ], [ 113.37680054, -7.83207989 ], [ 113.3771286, -7.83213997 ], [ 113.37741852, -7.83233976 ], [ 113.3776474, -7.83252001 ], [ 113.37795258, -7.83265018 ], [ 113.37805176, -7.8326602 ], [ 113.37814331, -7.83267879 ], [ 113.37859344, -7.83276987 ], [ 113.37930298, -7.83282995 ], [ 113.38001251, -7.83287001 ], [ 113.38052368, -7.83291006 ], [ 113.38092804, -7.83296013 ], [ 113.3811264, -7.83303022 ], [ 113.38143921, -7.83310986 ], [ 113.38174438, -7.83306646 ], [ 113.38192749, -7.83304024 ], [ 113.3821106, -7.8330102 ], [ 113.38263702, -7.83386993 ], [ 113.3852005, -7.83410978 ], [ 113.38516998, -7.83453989 ], [ 113.38548279, -7.83457994 ], [ 113.3857193, -7.83461809 ], [ 113.3859787, -7.83466005 ], [ 113.38607788, -7.83459997 ], [ 113.38626099, -7.83459997 ], [ 113.38641357, -7.8345499 ], [ 113.38657379, -7.83452988 ], [ 113.38697052, -7.83447981 ], [ 113.38710022, -7.83447981 ], [ 113.38739014, -7.83450985 ], [ 113.38746643, -7.83451939 ], [ 113.38768768, -7.83459997 ], [ 113.38777161, -7.83463001 ], [ 113.38780212, -7.83517981 ], [ 113.38780975, -7.83544016 ], [ 113.38786316, -7.83601999 ], [ 113.38790894, -7.83644009 ], [ 113.38794708, -7.83658981 ], [ 113.38807678, -7.83687019 ], [ 113.3881073, -7.83694983 ], [ 113.38818359, -7.83709002 ], [ 113.38829803, -7.83743 ], [ 113.38841248, -7.83767986 ], [ 113.38858032, -7.83795977 ], [ 113.38874054, -7.83822012 ], [ 113.38900757, -7.83862019 ], [ 113.38912201, -7.83887005 ], [ 113.38974762, -7.83957005 ], [ 113.38989258, -7.83979988 ], [ 113.39041901, -7.84033012 ], [ 113.39047241, -7.84038067 ], [ 113.39054108, -7.84044981 ], [ 113.39103699, -7.84091997 ], [ 113.39128876, -7.84117079 ], [ 113.3914566, -7.84134007 ], [ 113.39157867, -7.8414402 ], [ 113.39218903, -7.84183979 ], [ 113.39247894, -7.84194994 ], [ 113.39292145, -7.8421402 ], [ 113.39302063, -7.84216976 ], [ 113.39334869, -7.84227991 ], [ 113.39344025, -7.84230995 ], [ 113.39420319, -7.84250021 ], [ 113.39453125, -7.84256983 ], [ 113.39491272, -7.84264994 ], [ 113.39556122, -7.84266996 ], [ 113.39596558, -7.84266996 ], [ 113.39621735, -7.84266996 ], [ 113.39668274, -7.8426199 ], [ 113.39756775, -7.84216022 ], [ 113.39766693, -7.84208012 ], [ 113.39784241, -7.84168005 ], [ 113.39781189, -7.84152985 ], [ 113.39756775, -7.84101009 ], [ 113.39756775, -7.84083986 ], [ 113.39762115, -7.84065008 ], [ 113.39775085, -7.84047985 ], [ 113.39797974, -7.84030008 ], [ 113.39810181, -7.84028006 ], [ 113.3981781, -7.84034014 ], [ 113.39840698, -7.84054995 ], [ 113.39852142, -7.84054995 ], [ 113.39861298, -7.84048986 ], [ 113.39868927, -7.84034014 ], [ 113.39875793, -7.83997011 ], [ 113.39888, -7.83911991 ], [ 113.39884186, -7.83887005 ], [ 113.39871979, -7.83860016 ], [ 113.39877319, -7.83846998 ], [ 113.39904022, -7.83834982 ], [ 113.39971161, -7.83803988 ], [ 113.39990234, -7.83795023 ], [ 113.40003967, -7.83781004 ], [ 113.40009308, -7.83769989 ], [ 113.40003204, -7.83761978 ], [ 113.39988708, -7.83747005 ], [ 113.39994812, -7.83735991 ], [ 113.40013123, -7.83701992 ], [ 113.40006256, -7.83689022 ], [ 113.39978027, -7.83641005 ], [ 113.39981079, -7.83615017 ], [ 113.39988708, -7.83561993 ], [ 113.39985657, -7.83538008 ], [ 113.3997879, -7.83515882 ], [ 113.39971161, -7.8348999 ], [ 113.39974976, -7.83469009 ], [ 113.39993286, -7.83403015 ], [ 113.40000153, -7.83304977 ], [ 113.40009308, -7.83295012 ], [ 113.40020752, -7.83276987 ], [ 113.400177, -7.83267021 ], [ 113.40007019, -7.83255005 ], [ 113.39987946, -7.83234978 ], [ 113.39987183, -7.83220005 ], [ 113.3999176, -7.83206987 ], [ 113.40000153, -7.83205986 ], [ 113.40020752, -7.83211994 ], [ 113.400383, -7.83213997 ], [ 113.40042877, -7.83203983 ], [ 113.40116882, -7.83153009 ], [ 113.40170288, -7.8311801 ], [ 113.4020462, -7.8309598 ], [ 113.40238953, -7.83082008 ], [ 113.40274811, -7.83077002 ], [ 113.40300751, -7.83078003 ], [ 113.40312958, -7.83079004 ], [ 113.40368652, -7.83073997 ], [ 113.40392303, -7.83070993 ], [ 113.40409851, -7.83065987 ], [ 113.40525818, -7.83039999 ], [ 113.40672302, -7.83030987 ], [ 113.40814972, -7.8304801 ], [ 113.408638, -7.83052015 ], [ 113.40879059, -7.83031988 ], [ 113.4088974, -7.83010006 ], [ 113.40888977, -7.82995987 ], [ 113.4088974, -7.82964993 ], [ 113.40901184, -7.8294301 ], [ 113.4093399, -7.82881021 ], [ 113.40950012, -7.82873011 ], [ 113.40962982, -7.82870007 ], [ 113.40979004, -7.82876015 ], [ 113.41005707, -7.82888985 ], [ 113.41039276, -7.82903004 ], [ 113.41062927, -7.82907009 ], [ 113.41094208, -7.82904673 ], [ 113.41113281, -7.82898998 ], [ 113.41130066, -7.82886982 ], [ 113.41143799, -7.82869005 ], [ 113.41156769, -7.82852983 ], [ 113.41162109, -7.82838011 ], [ 113.41168976, -7.82813978 ], [ 113.41172791, -7.82802296 ], [ 113.41179657, -7.82778978 ], [ 113.41191864, -7.82713985 ], [ 113.41207123, -7.82652998 ], [ 113.41220093, -7.82594013 ], [ 113.41226196, -7.82565022 ], [ 113.41242981, -7.8252902 ], [ 113.41261292, -7.82495022 ], [ 113.4127121, -7.82484531 ], [ 113.41287994, -7.82467985 ], [ 113.41307068, -7.82456017 ], [ 113.41342163, -7.82437992 ], [ 113.4138031, -7.82427979 ], [ 113.41417694, -7.82425022 ], [ 113.41452789, -7.82424021 ], [ 113.41493988, -7.82426023 ], [ 113.41532898, -7.82426977 ], [ 113.41547394, -7.82427645 ], [ 113.41575623, -7.8242898 ], [ 113.4162674, -7.8242898 ], [ 113.41657257, -7.82427979 ], [ 113.41703033, -7.82422018 ], [ 113.4176178, -7.8241601 ], [ 113.41812134, -7.82410002 ], [ 113.41860199, -7.82404995 ], [ 113.41941071, -7.82395983 ], [ 113.41999054, -7.82391024 ], [ 113.42040253, -7.82385015 ], [ 113.42079163, -7.82380009 ], [ 113.42121124, -7.82372999 ], [ 113.42146301, -7.82367992 ], [ 113.42195892, -7.82361984 ], [ 113.42241669, -7.82356024 ], [ 113.42272949, -7.82349014 ], [ 113.42308044, -7.82340002 ], [ 113.42349243, -7.82305002 ], [ 113.42372894, -7.82279015 ], [ 113.42391205, -7.82251978 ], [ 113.42395782, -7.82244015 ], [ 113.4240799, -7.82208014 ], [ 113.42414856, -7.82194996 ], [ 113.42427826, -7.82179737 ], [ 113.42450714, -7.82164001 ], [ 113.42459106, -7.8214798 ], [ 113.42520142, -7.82129002 ], [ 113.42578125, -7.82119989 ], [ 113.4256897, -7.82105255 ], [ 113.42575836, -7.82090998 ], [ 113.42606354, -7.82095003 ], [ 113.426651, -7.82101011 ], [ 113.42684937, -7.82103014 ], [ 113.42697906, -7.82107019 ], [ 113.42736053, -7.82118988 ], [ 113.42745209, -7.82121992 ], [ 113.42796326, -7.82136011 ], [ 113.42854309, -7.8214798 ], [ 113.42883301, -7.82159996 ], [ 113.42904663, -7.8217802 ], [ 113.42922974, -7.82193995 ], [ 113.42931366, -7.82200003 ], [ 113.42971802, -7.82206011 ], [ 113.43016052, -7.82205009 ], [ 113.43350983, -7.82215023 ], [ 113.43424988, -7.82215977 ], [ 113.43470764, -7.82215977 ], [ 113.43489075, -7.82215977 ], [ 113.43504333, -7.82215977 ], [ 113.4352417, -7.82217979 ], [ 113.43554688, -7.82220984 ], [ 113.436203, -7.82220984 ], [ 113.43643951, -7.82221985 ], [ 113.43682098, -7.82227278 ], [ 113.43702698, -7.82231998 ], [ 113.43749237, -7.82241011 ], [ 113.43778992, -7.82230997 ], [ 113.43801117, -7.82233 ], [ 113.43813324, -7.82239008 ], [ 113.43820953, -7.82250023 ], [ 113.43824768, -7.82256985 ], [ 113.43833923, -7.82275009 ], [ 113.4384613, -7.8228898 ], [ 113.43882751, -7.82292986 ], [ 113.43907928, -7.82293987 ], [ 113.43978119, -7.82297993 ], [ 113.44000244, -7.82294989 ], [ 113.44088745, -7.82284021 ], [ 113.44132996, -7.82279015 ], [ 113.44140625, -7.8227706 ], [ 113.44216919, -7.82257986 ], [ 113.44267273, -7.82239008 ], [ 113.44315338, -7.82212019 ], [ 113.44335938, -7.82207012 ], [ 113.44345856, -7.82204008 ], [ 113.44338989, -7.82233 ], [ 113.44332886, -7.82247019 ], [ 113.44358063, -7.82252979 ], [ 113.44387054, -7.82251978 ], [ 113.44406891, -7.82261992 ], [ 113.44441223, -7.82285976 ], [ 113.44455719, -7.82290983 ], [ 113.44471741, -7.82286692 ], [ 113.44489288, -7.82282019 ], [ 113.44509125, -7.82274008 ], [ 113.44500732, -7.82263994 ], [ 113.44494629, -7.82253408 ], [ 113.44483948, -7.82234001 ], [ 113.4444809, -7.82196999 ], [ 113.44423676, -7.82168007 ], [ 113.44412231, -7.82144022 ], [ 113.44405365, -7.82116985 ], [ 113.44412231, -7.82107019 ], [ 113.44429016, -7.82097006 ], [ 113.44480896, -7.82078981 ], [ 113.44528198, -7.82069016 ], [ 113.44554138, -7.82060003 ], [ 113.44582367, -7.82043982 ], [ 113.44586945, -7.82033014 ], [ 113.44583893, -7.82021999 ], [ 113.44577026, -7.81993008 ], [ 113.44577789, -7.81968021 ], [ 113.44586945, -7.81957006 ], [ 113.44606781, -7.81943989 ], [ 113.44676208, -7.8190999 ], [ 113.44728088, -7.81879997 ], [ 113.44766998, -7.81857014 ], [ 113.44782257, -7.81843996 ], [ 113.44792175, -7.81832981 ], [ 113.44809723, -7.81818008 ], [ 113.44818115, -7.81799984 ], [ 113.44831848, -7.81742001 ], [ 113.44847107, -7.81655979 ], [ 113.44846344, -7.81618977 ], [ 113.44845581, -7.81596184 ], [ 113.44844818, -7.81564999 ], [ 113.44856262, -7.81534004 ], [ 113.44869232, -7.81517982 ], [ 113.44882202, -7.81516981 ], [ 113.44911957, -7.81522989 ], [ 113.44927979, -7.81534004 ], [ 113.4495163, -7.81519985 ], [ 113.44973755, -7.81500006 ], [ 113.44989777, -7.81482983 ], [ 113.4500885, -7.81444979 ], [ 113.45023346, -7.81419992 ], [ 113.45027161, -7.81408024 ], [ 113.45072174, -7.81286001 ], [ 113.45066071, -7.81279993 ], [ 113.45056152, -7.81278992 ], [ 113.45037079, -7.81275988 ], [ 113.4503479, -7.81267023 ], [ 113.45043182, -7.8125701 ], [ 113.45059204, -7.81236982 ], [ 113.45069885, -7.81206989 ], [ 113.45082855, -7.81175995 ], [ 113.45098877, -7.81167984 ], [ 113.45111084, -7.81138992 ], [ 113.45127106, -7.81114006 ], [ 113.45146942, -7.81081009 ], [ 113.45159149, -7.81052017 ], [ 113.45175171, -7.81002998 ], [ 113.45197296, -7.80944014 ], [ 113.45214081, -7.80917978 ], [ 113.4523468, -7.80903006 ], [ 113.45256042, -7.80894995 ], [ 113.45291901, -7.80890989 ], [ 113.45342255, -7.80891991 ], [ 113.45387268, -7.80895996 ], [ 113.45394897, -7.80895996 ], [ 113.45433807, -7.80897999 ], [ 113.45450592, -7.80901003 ], [ 113.45467377, -7.80904007 ], [ 113.4549408, -7.80910015 ], [ 113.45522308, -7.80921984 ], [ 113.45555115, -7.80965996 ], [ 113.45677948, -7.81108999 ], [ 113.45722198, -7.81126022 ], [ 113.45765686, -7.81139994 ], [ 113.45825195, -7.81158018 ], [ 113.45881653, -7.81178999 ], [ 113.45963287, -7.81218004 ], [ 113.46024323, -7.81240988 ], [ 113.46095276, -7.81261015 ], [ 113.4615097, -7.81271982 ], [ 113.46205139, -7.81276989 ], [ 113.46260834, -7.81279993 ], [ 113.46296692, -7.81283998 ], [ 113.46340179, -7.81292009 ], [ 113.46411133, -7.81306982 ], [ 113.46484375, -7.81322002 ], [ 113.46587372, -7.81341982 ], [ 113.4667511, -7.81361008 ], [ 113.46710205, -7.8137002 ], [ 113.46762085, -7.81379986 ], [ 113.46833038, -7.81393003 ], [ 113.46881866, -7.81403017 ], [ 113.4692688, -7.81413984 ], [ 113.46990967, -7.81437016 ], [ 113.47064972, -7.81463003 ], [ 113.47142792, -7.81497002 ], [ 113.47184753, -7.81516981 ], [ 113.47223663, -7.81532001 ], [ 113.47260284, -7.81547022 ], [ 113.47284698, -7.81555986 ], [ 113.47322845, -7.81564999 ], [ 113.47344208, -7.81567001 ], [ 113.47373199, -7.81571007 ], [ 113.47425842, -7.81573009 ], [ 113.47476196, -7.81574011 ], [ 113.47525024, -7.81573009 ], [ 113.47579956, -7.81570005 ], [ 113.47599792, -7.81570005 ], [ 113.47612, -7.81570005 ], [ 113.47627258, -7.81570816 ], [ 113.47667694, -7.81573009 ], [ 113.47720337, -7.81576014 ], [ 113.47763824, -7.81583977 ], [ 113.47815704, -7.81594992 ], [ 113.4788208, -7.81609011 ], [ 113.47942352, -7.81620979 ], [ 113.4798584, -7.81632996 ], [ 113.4802475, -7.81639004 ], [ 113.48078156, -7.81643009 ], [ 113.48120117, -7.81645012 ], [ 113.48175049, -7.81647015 ], [ 113.4821167, -7.81648016 ], [ 113.48259735, -7.8165102 ], [ 113.48290253, -7.81655979 ], [ 113.48339081, -7.8166399 ], [ 113.4838562, -7.81676006 ], [ 113.48419952, -7.81688976 ], [ 113.48448944, -7.81699324 ], [ 113.48480988, -7.81720018 ], [ 113.48512268, -7.81742001 ], [ 113.48542023, -7.8176384 ], [ 113.485672, -7.81777 ], [ 113.48586273, -7.81785011 ], [ 113.48596191, -7.81788015 ], [ 113.48607635, -7.81792021 ], [ 113.48610687, -7.81798983 ], [ 113.48613739, -7.81806993 ], [ 113.48634338, -7.81830978 ], [ 113.4864502, -7.81850004 ], [ 113.48651123, -7.81886005 ], [ 113.48651886, -7.8190999 ], [ 113.48651886, -7.81920004 ], [ 113.4865036, -7.81933022 ], [ 113.48645782, -7.8194499 ], [ 113.48634338, -7.81982994 ], [ 113.4863205, -7.82024384 ], [ 113.48639679, -7.8207202 ], [ 113.48655701, -7.82110977 ], [ 113.48660278, -7.82120991 ], [ 113.48652649, -7.82123995 ], [ 113.48628998, -7.82134008 ], [ 113.48612213, -7.82140017 ], [ 113.48609924, -7.82149982 ], [ 113.4858017, -7.82201004 ], [ 113.48571014, -7.82217979 ], [ 113.48571777, -7.82235003 ], [ 113.48577118, -7.82263994 ], [ 113.48573303, -7.82290983 ], [ 113.4855423, -7.82322979 ], [ 113.48545837, -7.82336998 ], [ 113.4854126, -7.82372999 ], [ 113.48536682, -7.82392979 ], [ 113.48519135, -7.82419014 ], [ 113.48506927, -7.8242898 ], [ 113.48477173, -7.82432985 ], [ 113.48464203, -7.82442999 ], [ 113.48441315, -7.82471991 ], [ 113.48426056, -7.82497978 ], [ 113.48422241, -7.82524014 ], [ 113.48428345, -7.82552004 ], [ 113.48446655, -7.82597017 ], [ 113.48451996, -7.82605362 ], [ 113.48459625, -7.82620001 ], [ 113.48465729, -7.82655001 ], [ 113.48462677, -7.82686996 ], [ 113.48458862, -7.8270402 ], [ 113.48458862, -7.82725 ], [ 113.48461914, -7.82735014 ], [ 113.48490143, -7.82751989 ], [ 113.4852066, -7.82765007 ], [ 113.48535919, -7.82776022 ], [ 113.48542786, -7.82788992 ], [ 113.48545074, -7.82813978 ], [ 113.48529816, -7.82865 ], [ 113.48523712, -7.82882977 ], [ 113.48522186, -7.8289299 ], [ 113.48522186, -7.82928991 ], [ 113.48529816, -7.8298502 ], [ 113.48536682, -7.83016014 ], [ 113.48548126, -7.83041906 ], [ 113.48561096, -7.83059978 ], [ 113.48578644, -7.83071995 ], [ 113.48668671, -7.83119011 ], [ 113.48683929, -7.8312602 ], [ 113.48724365, -7.83159018 ], [ 113.48757172, -7.83201981 ], [ 113.48777008, -7.83240986 ], [ 113.48782349, -7.83261013 ], [ 113.4878006, -7.83280993 ], [ 113.48777771, -7.83292007 ], [ 113.48786926, -7.8334198 ], [ 113.48793793, -7.83368015 ], [ 113.48796844, -7.83390999 ], [ 113.4879837, -7.83438015 ], [ 113.48790741, -7.83471012 ], [ 113.48786163, -7.83482981 ], [ 113.48773193, -7.83497477 ], [ 113.4874115, -7.83533001 ], [ 113.48745728, -7.83548021 ], [ 113.48741913, -7.8357501 ], [ 113.48748016, -7.8358202 ], [ 113.48766327, -7.83584976 ], [ 113.48806763, -7.83588982 ], [ 113.48806, -7.83605003 ], [ 113.48806, -7.83665991 ], [ 113.48806, -7.83695984 ], [ 113.4881134, -7.83726978 ], [ 113.4883194, -7.8380599 ], [ 113.48834991, -7.83820009 ], [ 113.48851013, -7.83886003 ], [ 113.48774719, -7.83908987 ], [ 113.48770142, -7.83934021 ], [ 113.48758698, -7.83966017 ], [ 113.48753357, -7.83985996 ], [ 113.48751831, -7.84006023 ], [ 113.48757172, -7.84032011 ], [ 113.48782349, -7.84072018 ], [ 113.48802948, -7.84097004 ], [ 113.48842621, -7.8412199 ], [ 113.48858643, -7.84132004 ], [ 113.48877716, -7.84153986 ], [ 113.48889923, -7.84174013 ], [ 113.48895264, -7.84309006 ], [ 113.4889679, -7.8432498 ], [ 113.48925781, -7.84336996 ], [ 113.48977661, -7.84343004 ], [ 113.48980713, -7.84328985 ], [ 113.48983765, -7.84316015 ], [ 113.48990631, -7.84295988 ], [ 113.49008942, -7.84295988 ], [ 113.490242, -7.84301996 ], [ 113.49040985, -7.84322023 ], [ 113.49072266, -7.84385014 ], [ 113.4909668, -7.8442502 ], [ 113.49105835, -7.84442997 ], [ 113.49143219, -7.84498978 ], [ 113.49195862, -7.84556007 ], [ 113.49256134, -7.84608984 ], [ 113.49285889, -7.84636545 ], [ 113.49295807, -7.84645987 ], [ 113.49310303, -7.84665012 ], [ 113.49327087, -7.84691 ], [ 113.49336243, -7.8470602 ], [ 113.49343872, -7.84723949 ], [ 113.49384308, -7.84761 ], [ 113.49455261, -7.84813023 ], [ 113.49506378, -7.84855986 ], [ 113.49536133, -7.84884024 ], [ 113.49559021, -7.84913015 ], [ 113.49575043, -7.84939003 ], [ 113.49591827, -7.84958982 ], [ 113.4962616, -7.84983015 ], [ 113.49700165, -7.85013008 ], [ 113.49764252, -7.85042 ], [ 113.4981308, -7.85063982 ], [ 113.49827576, -7.85075235 ], [ 113.49851227, -7.85094023 ], [ 113.49878693, -7.85128021 ], [ 113.49899292, -7.85159016 ], [ 113.49923706, -7.8519001 ], [ 113.49951935, -7.85215998 ], [ 113.49977875, -7.85232019 ], [ 113.5, -7.85242987 ], [ 113.50104523, -7.85278702 ], [ 113.5020752, -7.85304785 ], [ 113.50260162, -7.85317993 ], [ 113.50273895, -7.85320997 ], [ 113.5038681, -7.85324001 ], [ 113.50434113, -7.85305023 ], [ 113.50462341, -7.85268021 ], [ 113.50469208, -7.85258007 ], [ 113.50479126, -7.85241985 ], [ 113.50498199, -7.85220003 ], [ 113.50531769, -7.85175991 ], [ 113.50556183, -7.85075998 ], [ 113.50570679, -7.85039997 ], [ 113.50611877, -7.85004997 ], [ 113.50675964, -7.84966946 ], [ 113.50750732, -7.84925985 ], [ 113.50787354, -7.84917021 ], [ 113.50830841, -7.84926987 ], [ 113.50875854, -7.84948015 ], [ 113.50919342, -7.84962988 ], [ 113.50958252, -7.84974003 ], [ 113.51016998, -7.85020018 ], [ 113.51046753, -7.85044003 ], [ 113.51126862, -7.85075998 ], [ 113.51213074, -7.85108995 ], [ 113.51268768, -7.85131979 ], [ 113.51329041, -7.85175991 ], [ 113.51363373, -7.85238981 ], [ 113.51394653, -7.85301018 ], [ 113.51429749, -7.85349989 ], [ 113.51445007, -7.85360003 ], [ 113.51473999, -7.85378981 ], [ 113.51503754, -7.85400009 ], [ 113.51525116, -7.85423994 ], [ 113.51551819, -7.85464001 ], [ 113.51567078, -7.85481024 ], [ 113.51582336, -7.85493994 ], [ 113.51618958, -7.85501003 ], [ 113.51656342, -7.8551898 ], [ 113.51689911, -7.85529995 ], [ 113.51721191, -7.85535002 ], [ 113.51792908, -7.85522985 ], [ 113.51853943, -7.85520983 ], [ 113.51876831, -7.85531998 ], [ 113.51950073, -7.85571003 ], [ 113.52031708, -7.85621023 ], [ 113.52055359, -7.8562398 ], [ 113.52101898, -7.85607004 ], [ 113.52140045, -7.85612011 ], [ 113.52224731, -7.85647011 ], [ 113.52301788, -7.85672998 ], [ 113.52422333, -7.85703993 ], [ 113.52497864, -7.85732985 ], [ 113.52574158, -7.85775995 ], [ 113.52661896, -7.85819006 ], [ 113.52747345, -7.85860014 ], [ 113.5282135, -7.85885 ], [ 113.52893829, -7.8586998 ], [ 113.52986908, -7.85848999 ], [ 113.53072357, -7.85845995 ], [ 113.53138733, -7.85854006 ], [ 113.53206635, -7.85863018 ], [ 113.5328598, -7.85865021 ], [ 113.53336334, -7.85897017 ], [ 113.53388977, -7.8593998 ], [ 113.53450012, -7.85972023 ], [ 113.53543854, -7.85995007 ], [ 113.53582001, -7.86011982 ], [ 113.53619385, -7.8603034 ], [ 113.53626251, -7.86033583 ], [ 113.53640747, -7.86041021 ], [ 113.53691101, -7.86064005 ], [ 113.53720093, -7.86072016 ], [ 113.53746033, -7.86059999 ], [ 113.53822327, -7.86009979 ], [ 113.53868866, -7.85983992 ], [ 113.53922272, -7.85969019 ], [ 113.53986359, -7.85958004 ], [ 113.54093933, -7.85962009 ], [ 113.54155731, -7.8598299 ], [ 113.54212952, -7.86014986 ], [ 113.54235077, -7.86039019 ], [ 113.54244995, -7.86042023 ], [ 113.54261017, -7.86043978 ], [ 113.5428009, -7.86042023 ], [ 113.54306793, -7.86019993 ], [ 113.5437088, -7.85966015 ], [ 113.54398346, -7.85949993 ], [ 113.54428101, -7.85943985 ], [ 113.54551697, -7.85953999 ], [ 113.54634857, -7.85945988 ], [ 113.54705048, -7.85934019 ], [ 113.54747772, -7.85924006 ], [ 113.54782867, -7.85921001 ], [ 113.54846954, -7.85917997 ], [ 113.54888153, -7.85916996 ], [ 113.54930878, -7.85930014 ], [ 113.54971313, -7.85945988 ], [ 113.55014038, -7.85953999 ], [ 113.55065918, -7.85999012 ], [ 113.55124664, -7.86014986 ], [ 113.5521698, -7.86028004 ], [ 113.55254364, -7.86021996 ], [ 113.552948, -7.85998011 ], [ 113.55355835, -7.85968018 ], [ 113.55433655, -7.85975981 ], [ 113.55499268, -7.85999012 ], [ 113.55551147, -7.86025 ], [ 113.55619812, -7.86029005 ], [ 113.55670929, -7.86028004 ], [ 113.55709839, -7.86016989 ], [ 113.55787659, -7.85972977 ], [ 113.55835724, -7.85937977 ], [ 113.55874634, -7.85909986 ], [ 113.55893707, -7.85901022 ], [ 113.55912018, -7.8589201 ], [ 113.55929565, -7.85893154 ], [ 113.55941772, -7.85894012 ], [ 113.56018066, -7.85898018 ], [ 113.56092072, -7.85908985 ], [ 113.56141663, -7.85917997 ], [ 113.56175232, -7.8592701 ], [ 113.56253052, -7.8593502 ], [ 113.56305695, -7.8593998 ], [ 113.56407166, -7.85932016 ], [ 113.56455994, -7.8594799 ], [ 113.56494904, -7.85996008 ], [ 113.56513977, -7.86026001 ], [ 113.56555939, -7.86071014 ], [ 113.56616211, -7.86116982 ], [ 113.56661987, -7.86159992 ], [ 113.56745148, -7.86186981 ], [ 113.56816864, -7.86214018 ], [ 113.56865692, -7.8620615 ], [ 113.56903076, -7.86190987 ], [ 113.56929016, -7.86192989 ], [ 113.56934357, -7.86198997 ], [ 113.56941986, -7.86204004 ], [ 113.56945038, -7.86214018 ], [ 113.56945038, -7.86223984 ], [ 113.56945038, -7.86234999 ], [ 113.56945038, -7.86253023 ], [ 113.56926727, -7.86284018 ], [ 113.5690918, -7.86324978 ], [ 113.56916809, -7.86358976 ], [ 113.56929779, -7.86385012 ], [ 113.56942749, -7.86399984 ], [ 113.56955719, -7.86418009 ], [ 113.56990051, -7.86490011 ], [ 113.57010651, -7.86519003 ], [ 113.57022095, -7.86541986 ], [ 113.57042694, -7.86569977 ], [ 113.57079315, -7.86624002 ], [ 113.57128906, -7.86663008 ], [ 113.57170868, -7.86682987 ], [ 113.57259369, -7.86698008 ], [ 113.57279968, -7.86699009 ], [ 113.57292938, -7.86689997 ], [ 113.57331085, -7.86641979 ], [ 113.57356262, -7.86604977 ], [ 113.57386017, -7.86555004 ], [ 113.57414246, -7.86494017 ], [ 113.5745697, -7.86434984 ], [ 113.5749054, -7.8640151 ], [ 113.57498169, -7.86393976 ], [ 113.57523346, -7.86387014 ], [ 113.575737, -7.86390018 ], [ 113.5760498, -7.86404991 ], [ 113.57637787, -7.86422014 ], [ 113.57662201, -7.86432981 ], [ 113.57701874, -7.86437988 ], [ 113.57753754, -7.86435986 ], [ 113.57804871, -7.86434984 ], [ 113.5785675, -7.86441994 ], [ 113.57904053, -7.86470985 ], [ 113.57933044, -7.86497021 ], [ 113.57956696, -7.86506987 ], [ 113.58042145, -7.86526012 ], [ 113.58070374, -7.86538982 ], [ 113.58100128, -7.86572742 ], [ 113.58113098, -7.86587 ], [ 113.58129883, -7.86604977 ], [ 113.5818634, -7.86629009 ], [ 113.58222198, -7.86641979 ], [ 113.5826416, -7.86639977 ], [ 113.58319855, -7.8663702 ], [ 113.58355713, -7.86643982 ], [ 113.5838089, -7.86648989 ], [ 113.58415985, -7.86644983 ], [ 113.5846405, -7.86636019 ], [ 113.58495331, -7.86630011 ], [ 113.58544922, -7.86619997 ], [ 113.58579254, -7.86618996 ], [ 113.58651733, -7.86624002 ], [ 113.58699799, -7.86625004 ], [ 113.58769226, -7.86625004 ], [ 113.58815765, -7.86632013 ], [ 113.58849335, -7.86643982 ], [ 113.58876038, -7.86670017 ], [ 113.58898926, -7.86717987 ], [ 113.5892334, -7.8674798 ], [ 113.58965302, -7.86776018 ], [ 113.59004211, -7.86807013 ], [ 113.59046173, -7.86822987 ], [ 113.59092712, -7.86839008 ], [ 113.59127045, -7.86856985 ], [ 113.59165955, -7.86909008 ], [ 113.59221649, -7.86934996 ], [ 113.59269714, -7.86978006 ], [ 113.59308624, -7.87005997 ], [ 113.59375763, -7.87032986 ], [ 113.59398651, -7.87047005 ], [ 113.59411621, -7.87069988 ], [ 113.59422302, -7.87120008 ], [ 113.59420776, -7.87159014 ], [ 113.5942688, -7.87188005 ], [ 113.59442139, -7.87208986 ], [ 113.59462738, -7.87239981 ], [ 113.59467316, -7.87254 ], [ 113.59468842, -7.8726902 ], [ 113.59462738, -7.87306023 ], [ 113.59458923, -7.87349987 ], [ 113.59469604, -7.87371016 ], [ 113.5949707, -7.87413979 ], [ 113.5951004, -7.87427998 ], [ 113.59559631, -7.87456989 ], [ 113.59620667, -7.875 ], [ 113.59644318, -7.87513018 ], [ 113.59699249, -7.8755002 ], [ 113.59726715, -7.87571001 ], [ 113.59751129, -7.8759799 ], [ 113.59764099, -7.87614012 ], [ 113.59799194, -7.87631989 ], [ 113.59844208, -7.87653017 ], [ 113.59874725, -7.87664986 ], [ 113.59889221, -7.87684011 ], [ 113.59883118, -7.87688017 ], [ 113.59877014, -7.87692022 ], [ 113.59870911, -7.87715006 ], [ 113.59866333, -7.87751007 ], [ 113.59864044, -7.87774992 ], [ 113.59868622, -7.87790012 ], [ 113.59884644, -7.87809992 ], [ 113.59909821, -7.87824011 ], [ 113.59928131, -7.87830019 ], [ 113.5995636, -7.87834978 ], [ 113.59977722, -7.87838984 ], [ 113.60015869, -7.87848997 ], [ 113.60038757, -7.87855005 ], [ 113.60076904, -7.87858009 ], [ 113.60108185, -7.87864017 ], [ 113.6011734, -7.8786788 ], [ 113.60131836, -7.87873983 ], [ 113.60150146, -7.87890005 ], [ 113.60159302, -7.87907982 ], [ 113.60164642, -7.87934017 ], [ 113.60169983, -7.87959003 ], [ 113.60172272, -7.87967014 ], [ 113.60178375, -7.87984991 ], [ 113.60189056, -7.8800602 ], [ 113.60195923, -7.88017988 ], [ 113.60215759, -7.88047981 ], [ 113.60227966, -7.88060999 ], [ 113.60246277, -7.88076019 ], [ 113.60275269, -7.88103008 ], [ 113.60289001, -7.8811698 ], [ 113.6031189, -7.88134003 ], [ 113.60330963, -7.88144016 ], [ 113.60340118, -7.88149023 ], [ 113.603508, -7.88156986 ], [ 113.60365295, -7.88168001 ], [ 113.60379028, -7.88181019 ], [ 113.60398102, -7.88202 ], [ 113.60414124, -7.88219976 ], [ 113.60430145, -7.88235998 ], [ 113.60437012, -7.88240004 ], [ 113.60447693, -7.88249016 ], [ 113.6046524, -7.88262987 ], [ 113.60475159, -7.88267994 ], [ 113.60482788, -7.88271999 ], [ 113.60500336, -7.8828001 ], [ 113.60552216, -7.88316011 ], [ 113.60623169, -7.88365984 ], [ 113.60710144, -7.88418007 ], [ 113.60806274, -7.88435984 ], [ 113.60894775, -7.88442993 ], [ 113.61012268, -7.88473988 ], [ 113.6104126, -7.88512993 ], [ 113.61087799, -7.88572979 ], [ 113.61187744, -7.88627005 ], [ 113.61277771, -7.88680983 ], [ 113.61347198, -7.88699007 ], [ 113.61422729, -7.88715982 ], [ 113.61528778, -7.88743353 ], [ 113.61580658, -7.88809252 ], [ 113.61611176, -7.88847399 ], [ 113.61643219, -7.88885689 ], [ 113.6166687, -7.88913774 ], [ 113.61741638, -7.88965368 ], [ 113.61820984, -7.89012289 ], [ 113.61981964, -7.89109945 ], [ 113.62042236, -7.89143085 ], [ 113.62060547, -7.89156055 ], [ 113.6210022, -7.89189911 ], [ 113.6216507, -7.89251184 ], [ 113.62217712, -7.89322233 ], [ 113.62246704, -7.89360476 ], [ 113.62281036, -7.89410162 ], [ 113.62307739, -7.89457512 ], [ 113.62320709, -7.8948307 ], [ 113.62332916, -7.89511967 ], [ 113.62342834, -7.89547586 ], [ 113.62351227, -7.89639854 ], [ 113.62355042, -7.8971839 ], [ 113.62371063, -7.89785147 ], [ 113.62384796, -7.8986187 ], [ 113.62386322, -7.89869404 ], [ 113.62388611, -7.89930487 ], [ 113.62380219, -7.90009069 ], [ 113.62373352, -7.90077448 ], [ 113.62355042, -7.90186644 ], [ 113.62345123, -7.90271044 ], [ 113.62338257, -7.90352535 ], [ 113.62338257, -7.90361881 ], [ 113.62334442, -7.90464544 ], [ 113.62332916, -7.9049654 ], [ 113.62332153, -7.90528488 ], [ 113.62319183, -7.90567875 ], [ 113.62288666, -7.90602922 ], [ 113.62252808, -7.90639544 ], [ 113.62233734, -7.90664387 ], [ 113.6222229, -7.90693521 ], [ 113.62225342, -7.90716743 ], [ 113.62231445, -7.90728903 ], [ 113.62244415, -7.9075737 ], [ 113.62288666, -7.90839958 ], [ 113.62306976, -7.90895128 ], [ 113.62342834, -7.90976906 ], [ 113.62359619, -7.91008663 ], [ 113.62380981, -7.91061115 ], [ 113.62428284, -7.91178656 ], [ 113.62458801, -7.91260719 ], [ 113.62496185, -7.91367483 ], [ 113.625, -7.91381264 ], [ 113.62519836, -7.91419792 ], [ 113.62534332, -7.91450644 ], [ 113.62551117, -7.91477394 ], [ 113.62565613, -7.91499996 ], [ 113.62596893, -7.91555548 ], [ 113.62627411, -7.91645384 ], [ 113.62628937, -7.91702986 ], [ 113.62624359, -7.91795969 ], [ 113.6261673, -7.9190464 ], [ 113.62600708, -7.92022562 ], [ 113.62573242, -7.92023993 ], [ 113.62550354, -7.9202199 ], [ 113.62532043, -7.92022991 ], [ 113.625, -7.9202199 ], [ 113.62474823, -7.92024994 ], [ 113.62457275, -7.92026997 ], [ 113.62355804, -7.92047024 ], [ 113.62294006, -7.92067003 ], [ 113.62283325, -7.92071009 ], [ 113.62216949, -7.92103004 ], [ 113.62124634, -7.92149019 ], [ 113.62046814, -7.92195988 ], [ 113.61953735, -7.9224 ], [ 113.61869049, -7.92259979 ], [ 113.61752319, -7.92284012 ], [ 113.61643219, -7.92303991 ], [ 113.6156311, -7.92320013 ], [ 113.61460876, -7.92350006 ], [ 113.61382294, -7.92377996 ], [ 113.61328888, -7.92412996 ], [ 113.6129837, -7.92433023 ], [ 113.61235809, -7.92477989 ], [ 113.61183167, -7.92519999 ], [ 113.61126709, -7.92573977 ], [ 113.61049652, -7.92644978 ], [ 113.61009979, -7.9268198 ], [ 113.61006927, -7.92689991 ], [ 113.60993958, -7.92722988 ], [ 113.60984802, -7.9273901 ], [ 113.60967255, -7.92761993 ], [ 113.60958862, -7.92771006 ], [ 113.60939789, -7.9278698 ], [ 113.60922241, -7.92797995 ], [ 113.60903168, -7.9280901 ], [ 113.60884094, -7.92819023 ], [ 113.60870361, -7.92826986 ], [ 113.6085434, -7.92835999 ], [ 113.6083374, -7.92848015 ], [ 113.60801697, -7.92869997 ], [ 113.60784149, -7.92890978 ], [ 113.60775757, -7.9289999 ], [ 113.60769653, -7.92907 ], [ 113.60762787, -7.92914009 ], [ 113.60746002, -7.92933989 ], [ 113.60733032, -7.92944002 ], [ 113.60716248, -7.92953014 ], [ 113.60704041, -7.92959976 ], [ 113.60694122, -7.92965984 ], [ 113.60679626, -7.92973995 ], [ 113.6067276, -7.92979002 ], [ 113.6065979, -7.92987013 ], [ 113.60648346, -7.92994022 ], [ 113.60639954, -7.93001986 ], [ 113.60632324, -7.93013 ], [ 113.60626221, -7.93021011 ], [ 113.60617828, -7.9303298 ], [ 113.60611725, -7.93041992 ], [ 113.60604858, -7.93052006 ], [ 113.60600281, -7.93060017 ], [ 113.60594177, -7.93070984 ], [ 113.60588074, -7.93086004 ], [ 113.60574341, -7.93097019 ], [ 113.60562897, -7.93107986 ], [ 113.60556793, -7.93114996 ], [ 113.60552979, -7.93122005 ], [ 113.60549164, -7.93130016 ], [ 113.60513306, -7.93140984 ], [ 113.60466766, -7.93149996 ], [ 113.60408783, -7.93150997 ], [ 113.60369873, -7.93155003 ], [ 113.6031189, -7.93189001 ], [ 113.60282898, -7.93205023 ], [ 113.60238647, -7.93225002 ], [ 113.60195923, -7.93235016 ], [ 113.60089111, -7.93253422 ], [ 113.60050964, -7.93260002 ], [ 113.59998322, -7.9327302 ], [ 113.59937286, -7.93288994 ], [ 113.59884644, -7.93297005 ], [ 113.59867859, -7.93302011 ], [ 113.59822083, -7.93340015 ], [ 113.5981369, -7.93349981 ], [ 113.5980835, -7.93373013 ], [ 113.59803772, -7.93386984 ], [ 113.59797668, -7.93410015 ], [ 113.5979538, -7.93422985 ], [ 113.59792328, -7.93435001 ], [ 113.59777832, -7.93447018 ], [ 113.59736633, -7.93467999 ], [ 113.59706116, -7.93476009 ], [ 113.59686279, -7.93477011 ], [ 113.59661102, -7.93472004 ], [ 113.59645081, -7.93462992 ], [ 113.59599304, -7.93416023 ], [ 113.59564209, -7.93379021 ], [ 113.59500885, -7.93324995 ], [ 113.59445953, -7.93277979 ], [ 113.59403229, -7.93240976 ], [ 113.59377289, -7.93220997 ], [ 113.59368134, -7.93212986 ], [ 113.59335327, -7.93170023 ], [ 113.59322357, -7.93149996 ], [ 113.59310913, -7.93128014 ], [ 113.59307098, -7.93116999 ], [ 113.59306335, -7.93108988 ], [ 113.5930481, -7.93097019 ], [ 113.59294891, -7.93088007 ], [ 113.59272766, -7.93079996 ], [ 113.5923996, -7.93073988 ], [ 113.59229279, -7.93072987 ], [ 113.59198761, -7.93073988 ], [ 113.59156036, -7.93084002 ], [ 113.59114838, -7.93095016 ], [ 113.59089661, -7.93084002 ], [ 113.59011841, -7.93043995 ], [ 113.58963013, -7.93009996 ], [ 113.58892059, -7.92979002 ], [ 113.58833313, -7.92954016 ], [ 113.58785248, -7.92917013 ], [ 113.58772278, -7.92907 ], [ 113.58750153, -7.92884016 ], [ 113.58731842, -7.92848015 ], [ 113.5871582, -7.92824984 ], [ 113.58698273, -7.92800999 ], [ 113.58686066, -7.92771006 ], [ 113.58677673, -7.92749977 ], [ 113.58667755, -7.92732 ], [ 113.5866394, -7.92714977 ], [ 113.58657074, -7.92707014 ], [ 113.58653259, -7.92700005 ], [ 113.58647919, -7.92684984 ], [ 113.58635712, -7.92668009 ], [ 113.58586884, -7.92612982 ], [ 113.58576965, -7.92602015 ], [ 113.58544922, -7.92558765 ], [ 113.58518219, -7.92522001 ], [ 113.5846405, -7.92474985 ], [ 113.58390045, -7.92430019 ], [ 113.58289337, -7.92384005 ], [ 113.58280945, -7.92381001 ], [ 113.58207703, -7.92356014 ], [ 113.58154297, -7.92341805 ], [ 113.58146667, -7.92339993 ], [ 113.58065796, -7.92308998 ], [ 113.57991028, -7.92262983 ], [ 113.579422, -7.92224979 ], [ 113.57852936, -7.92163992 ], [ 113.57756042, -7.92106009 ], [ 113.57688904, -7.92069006 ], [ 113.57608795, -7.92040014 ], [ 113.57566833, -7.92026997 ], [ 113.57485199, -7.92017984 ], [ 113.57415771, -7.92008018 ], [ 113.57367706, -7.91989994 ], [ 113.5736618, -7.9197998 ], [ 113.57359314, -7.91971016 ], [ 113.57343292, -7.91957998 ], [ 113.57322693, -7.9193902 ], [ 113.57309723, -7.91929007 ], [ 113.57288361, -7.91917992 ], [ 113.57269287, -7.9190402 ], [ 113.57241058, -7.9188199 ], [ 113.57225037, -7.91862011 ], [ 113.57214355, -7.91844988 ], [ 113.57202911, -7.91820002 ], [ 113.57198334, -7.91795015 ], [ 113.57187653, -7.91764021 ], [ 113.5717392, -7.91739988 ], [ 113.57160187, -7.91717005 ], [ 113.5714798, -7.91694021 ], [ 113.5715332, -7.91669989 ], [ 113.57125854, -7.91655016 ], [ 113.57096863, -7.91630983 ], [ 113.57064819, -7.91595984 ], [ 113.5705719, -7.91590023 ], [ 113.57012939, -7.91546011 ], [ 113.56970978, -7.91519022 ], [ 113.56900024, -7.91504669 ], [ 113.56891632, -7.91503 ], [ 113.56812286, -7.91486979 ], [ 113.5670929, -7.91470003 ], [ 113.56674194, -7.91463995 ], [ 113.56643677, -7.91458988 ], [ 113.56572723, -7.91454983 ], [ 113.56507874, -7.91437006 ], [ 113.56486511, -7.91422701 ], [ 113.56465149, -7.91408014 ], [ 113.56421661, -7.91365623 ], [ 113.5639801, -7.9134202 ], [ 113.56298065, -7.91258001 ], [ 113.56243896, -7.9120698 ], [ 113.56173706, -7.91154003 ], [ 113.56079102, -7.91113997 ], [ 113.55991364, -7.91091013 ], [ 113.55951691, -7.91074991 ], [ 113.55912781, -7.91060019 ], [ 113.55821228, -7.91019011 ], [ 113.55734253, -7.90963984 ], [ 113.55684662, -7.90900993 ], [ 113.55657196, -7.90858984 ], [ 113.55625153, -7.90793991 ], [ 113.55603027, -7.90747023 ], [ 113.55534363, -7.90673018 ], [ 113.55477142, -7.90613985 ], [ 113.55438995, -7.90565014 ], [ 113.55407715, -7.90510988 ], [ 113.55403137, -7.90501022 ], [ 113.55387878, -7.90462017 ], [ 113.55375671, -7.90436983 ], [ 113.55374146, -7.90411997 ], [ 113.55371857, -7.90400982 ], [ 113.55362701, -7.90365982 ], [ 113.55345917, -7.90335989 ], [ 113.55329132, -7.90312004 ], [ 113.5530777, -7.90294981 ], [ 113.55262756, -7.90280008 ], [ 113.55252838, -7.90277004 ], [ 113.55232239, -7.90269995 ], [ 113.55226135, -7.90265989 ], [ 113.55207825, -7.90256977 ], [ 113.55182648, -7.90235996 ], [ 113.55172729, -7.90222979 ], [ 113.551651, -7.90215015 ], [ 113.55143738, -7.90198994 ], [ 113.55130768, -7.90189981 ], [ 113.5511322, -7.90179014 ], [ 113.5510025, -7.90171003 ], [ 113.55084229, -7.90157986 ], [ 113.55071259, -7.90146017 ], [ 113.55063629, -7.90136003 ], [ 113.55059052, -7.90126991 ], [ 113.55049133, -7.90112019 ], [ 113.55046082, -7.90102005 ], [ 113.55042267, -7.90089989 ], [ 113.55036926, -7.90071011 ], [ 113.55033112, -7.90059996 ], [ 113.55027008, -7.90031004 ], [ 113.55024719, -7.90019989 ], [ 113.5502243, -7.89984894 ], [ 113.54987335, -7.89988995 ], [ 113.54945374, -7.89987993 ], [ 113.54931641, -7.89976549 ], [ 113.54888153, -7.89934015 ], [ 113.54808807, -7.89888 ], [ 113.54802704, -7.89876986 ], [ 113.54810333, -7.8984499 ], [ 113.54826355, -7.89811993 ], [ 113.54836273, -7.89773989 ], [ 113.54831696, -7.89751005 ], [ 113.54811096, -7.89720011 ], [ 113.54794312, -7.89697981 ], [ 113.54779816, -7.89675999 ], [ 113.54759216, -7.89652014 ], [ 113.54733276, -7.89632988 ], [ 113.54708862, -7.89628983 ], [ 113.54673767, -7.89630985 ], [ 113.5459671, -7.89638996 ], [ 113.54502869, -7.89647007 ], [ 113.54477692, -7.89638996 ], [ 113.54444885, -7.89619017 ], [ 113.54434204, -7.89603996 ], [ 113.54429626, -7.89587021 ], [ 113.54419708, -7.89554977 ], [ 113.54403687, -7.89531994 ], [ 113.54376984, -7.89512014 ], [ 113.54357147, -7.89506006 ], [ 113.54332733, -7.89508009 ], [ 113.54297638, -7.89511013 ], [ 113.54282379, -7.89514017 ], [ 113.5425415, -7.8952198 ], [ 113.54237366, -7.89523983 ], [ 113.54225159, -7.8952198 ], [ 113.5421524, -7.89515018 ], [ 113.54206848, -7.89500999 ], [ 113.54200745, -7.8948698 ], [ 113.54187012, -7.89470005 ], [ 113.5418396, -7.89460993 ], [ 113.54174805, -7.89443016 ], [ 113.54160309, -7.89407015 ], [ 113.54154205, -7.89396 ], [ 113.54135895, -7.8937602 ], [ 113.54116821, -7.89364004 ], [ 113.54097748, -7.89362001 ], [ 113.54068756, -7.8936801 ], [ 113.5403595, -7.89379978 ], [ 113.54006195, -7.89400005 ], [ 113.53975677, -7.89425993 ], [ 113.53941345, -7.89456987 ], [ 113.53900146, -7.89490986 ], [ 113.53840637, -7.89529991 ], [ 113.53820801, -7.89537001 ], [ 113.53806305, -7.89532995 ], [ 113.53778839, -7.89515018 ], [ 113.53772736, -7.89502001 ], [ 113.53759003, -7.89476013 ], [ 113.53752899, -7.89454985 ], [ 113.53735352, -7.89418983 ], [ 113.53720856, -7.89396 ], [ 113.53692627, -7.89342022 ], [ 113.53669739, -7.8931098 ], [ 113.53652191, -7.89303017 ], [ 113.53626251, -7.89303017 ], [ 113.53614807, -7.89309978 ], [ 113.53613281, -7.89317989 ], [ 113.53604889, -7.89330006 ], [ 113.53582764, -7.89385986 ], [ 113.53578186, -7.89435005 ], [ 113.5357132, -7.89497995 ], [ 113.53562927, -7.89500999 ], [ 113.53547668, -7.89499998 ], [ 113.53527069, -7.89491987 ], [ 113.5349884, -7.89476013 ], [ 113.5343399, -7.89426994 ], [ 113.53414917, -7.89405012 ], [ 113.53401184, -7.8938098 ], [ 113.53388214, -7.89361 ], [ 113.53372192, -7.89343023 ], [ 113.53350067, -7.8933301 ], [ 113.53320313, -7.89327002 ], [ 113.53294373, -7.89327002 ], [ 113.53230286, -7.89319992 ], [ 113.5321579, -7.8931098 ], [ 113.53183746, -7.89284992 ], [ 113.53167725, -7.89281988 ], [ 113.53153229, -7.89285994 ], [ 113.53135681, -7.89299011 ], [ 113.53131104, -7.89308977 ], [ 113.53118896, -7.89348984 ], [ 113.53109741, -7.89362001 ], [ 113.53093719, -7.89372015 ], [ 113.53086853, -7.8937602 ], [ 113.53067017, -7.89378023 ], [ 113.53047943, -7.89373016 ], [ 113.53029633, -7.89363003 ], [ 113.53003693, -7.8933301 ], [ 113.52999878, -7.89318991 ], [ 113.53002167, -7.89302015 ], [ 113.53012848, -7.89277983 ], [ 113.53044891, -7.89204979 ], [ 113.5304184, -7.89176989 ], [ 113.53034973, -7.89144993 ], [ 113.53022003, -7.89125013 ], [ 113.53000641, -7.89104986 ], [ 113.52977753, -7.89091015 ], [ 113.5293808, -7.89076996 ], [ 113.52909088, -7.8907299 ], [ 113.52861023, -7.8907299 ], [ 113.52813721, -7.89081001 ], [ 113.52765656, -7.89104986 ], [ 113.52646637, -7.89171982 ], [ 113.52619171, -7.89188004 ], [ 113.52555084, -7.89210987 ], [ 113.52539063, -7.89209986 ], [ 113.52503967, -7.89204979 ], [ 113.52485657, -7.89192009 ], [ 113.52461243, -7.89168978 ], [ 113.52417755, -7.89125013 ], [ 113.52394104, -7.89087009 ], [ 113.5238266, -7.89077997 ], [ 113.5235672, -7.89065981 ], [ 113.52288818, -7.89043999 ], [ 113.52269745, -7.89027977 ], [ 113.52263641, -7.89020014 ], [ 113.52252197, -7.89002991 ], [ 113.52249908, -7.88991022 ], [ 113.52243805, -7.88972998 ], [ 113.52233887, -7.88958979 ], [ 113.52210236, -7.88935995 ], [ 113.52178192, -7.88913012 ], [ 113.52147675, -7.88902998 ], [ 113.52092743, -7.88886976 ], [ 113.52075958, -7.88875008 ], [ 113.52057648, -7.88865995 ], [ 113.52037048, -7.88859987 ], [ 113.52017212, -7.88862991 ], [ 113.5198822, -7.88863993 ], [ 113.51978302, -7.88859987 ], [ 113.51963806, -7.88847017 ], [ 113.51959991, -7.88829994 ], [ 113.5196228, -7.88815022 ], [ 113.51969147, -7.88770008 ], [ 113.5196228, -7.88752985 ], [ 113.51934052, -7.88722992 ], [ 113.51911926, -7.88698006 ], [ 113.51880646, -7.8865099 ], [ 113.51843262, -7.88609982 ], [ 113.51828003, -7.88606977 ], [ 113.51804352, -7.88598013 ], [ 113.51779938, -7.88581991 ], [ 113.51769257, -7.88577986 ], [ 113.51756287, -7.88571978 ], [ 113.5174942, -7.88556099 ], [ 113.51748657, -7.88540983 ], [ 113.51748657, -7.88513994 ], [ 113.51743317, -7.88496017 ], [ 113.51731873, -7.88489008 ], [ 113.51717377, -7.88486004 ], [ 113.51695251, -7.88490009 ], [ 113.5166626, -7.88495016 ], [ 113.51638794, -7.88492012 ], [ 113.51608276, -7.88479996 ], [ 113.51586151, -7.8846302 ], [ 113.51570129, -7.88462019 ], [ 113.51550293, -7.88468981 ], [ 113.51531219, -7.88481998 ], [ 113.5149231, -7.88530016 ], [ 113.51451111, -7.88562012 ], [ 113.51422882, -7.88552999 ], [ 113.51390839, -7.88546991 ], [ 113.51358032, -7.88551998 ], [ 113.51325989, -7.8856101 ], [ 113.5128479, -7.88582993 ], [ 113.51236725, -7.88604021 ], [ 113.5121994, -7.88591003 ], [ 113.51212311, -7.88577986 ], [ 113.51197052, -7.88557005 ], [ 113.51165771, -7.88522005 ], [ 113.51148987, -7.88511992 ], [ 113.51109314, -7.88503981 ], [ 113.51056671, -7.88500023 ], [ 113.51000977, -7.88486004 ], [ 113.50959778, -7.88479996 ], [ 113.50911713, -7.88465977 ], [ 113.50888062, -7.88459015 ], [ 113.50862885, -7.88453007 ], [ 113.50836182, -7.88456011 ], [ 113.50778961, -7.88465977 ], [ 113.50739288, -7.8846302 ], [ 113.50720978, -7.88467979 ], [ 113.50685883, -7.8847599 ], [ 113.50659943, -7.8847599 ], [ 113.50634003, -7.88465977 ], [ 113.50537109, -7.88425016 ], [ 113.50527191, -7.88423014 ], [ 113.50495148, -7.88414001 ], [ 113.50478363, -7.88398981 ], [ 113.50456238, -7.88379002 ], [ 113.5042038, -7.88353014 ], [ 113.50399017, -7.8833499 ], [ 113.50386047, -7.88328981 ], [ 113.50376129, -7.88324022 ], [ 113.50289154, -7.88273001 ], [ 113.50228882, -7.88248014 ], [ 113.50180817, -7.88230991 ], [ 113.50169373, -7.88221979 ], [ 113.50140381, -7.88200998 ], [ 113.5007782, -7.88154984 ], [ 113.50048828, -7.88137007 ], [ 113.5, -7.88106012 ], [ 113.49958801, -7.88068008 ], [ 113.49951935, -7.88062 ], [ 113.49897003, -7.88016987 ], [ 113.49878693, -7.8799901 ], [ 113.49865723, -7.87992001 ], [ 113.49845123, -7.87977982 ], [ 113.4981308, -7.87974977 ], [ 113.49781036, -7.87984991 ], [ 113.49729156, -7.88017988 ], [ 113.4970932, -7.88039017 ], [ 113.49681854, -7.88068008 ], [ 113.49640656, -7.88101006 ], [ 113.49629974, -7.88107014 ], [ 113.49594879, -7.8812499 ], [ 113.49584198, -7.88129997 ], [ 113.49542999, -7.88148022 ], [ 113.4943924, -7.88193989 ], [ 113.49371338, -7.8822999 ], [ 113.49301147, -7.88282013 ], [ 113.49259186, -7.8832798 ], [ 113.49236298, -7.88364983 ], [ 113.49225616, -7.88382149 ], [ 113.49210358, -7.88406992 ], [ 113.49167633, -7.88485003 ], [ 113.49121857, -7.88563013 ], [ 113.49073029, -7.88640022 ], [ 113.49060059, -7.88660002 ], [ 113.4901886, -7.88717985 ], [ 113.48983002, -7.88780022 ], [ 113.48921204, -7.88876009 ], [ 113.48869324, -7.88937998 ], [ 113.48845673, -7.88953018 ], [ 113.4881897, -7.88972998 ], [ 113.48802948, -7.88977003 ], [ 113.48789978, -7.88989019 ], [ 113.48783112, -7.88996744 ], [ 113.48757935, -7.89026022 ], [ 113.48748779, -7.89039993 ], [ 113.48735046, -7.89062977 ], [ 113.48690033, -7.89118004 ], [ 113.48677826, -7.89118004 ], [ 113.48660278, -7.89108992 ], [ 113.48638916, -7.89086008 ], [ 113.48603821, -7.89041996 ], [ 113.48580933, -7.89013004 ], [ 113.48551941, -7.88999987 ], [ 113.48532867, -7.88997984 ], [ 113.48509216, -7.89002991 ], [ 113.48468018, -7.89015007 ], [ 113.48429871, -7.89015007 ], [ 113.48387909, -7.88999987 ], [ 113.48335266, -7.88975 ], [ 113.48297882, -7.88951015 ], [ 113.48265076, -7.88933992 ], [ 113.48255157, -7.88933992 ], [ 113.4824295, -7.88942003 ], [ 113.48239899, -7.88951015 ], [ 113.4824295, -7.88960981 ], [ 113.48261261, -7.89002991 ], [ 113.48256683, -7.89027023 ], [ 113.48246765, -7.89036989 ], [ 113.48233032, -7.89043999 ], [ 113.48194885, -7.8905201 ], [ 113.48181915, -7.89049006 ], [ 113.48175812, -7.89043999 ], [ 113.48169708, -7.89038992 ], [ 113.48149109, -7.89008999 ], [ 113.48136902, -7.88985014 ], [ 113.48136902, -7.88965988 ], [ 113.4813385, -7.88937998 ], [ 113.4812088, -7.88906002 ], [ 113.48110962, -7.88895988 ], [ 113.48069, -7.88871002 ], [ 113.48033905, -7.88867998 ], [ 113.48001099, -7.88865995 ], [ 113.47987366, -7.88857985 ], [ 113.47958374, -7.88840008 ], [ 113.47933197, -7.88831997 ], [ 113.47914886, -7.88832998 ], [ 113.47902679, -7.88843012 ], [ 113.47892761, -7.88859987 ], [ 113.47866821, -7.88922024 ], [ 113.47853851, -7.88937998 ], [ 113.47837067, -7.88950014 ], [ 113.47821808, -7.88949013 ], [ 113.47805786, -7.88940001 ], [ 113.47788239, -7.88922024 ], [ 113.4776001, -7.88881016 ], [ 113.47746277, -7.88871002 ], [ 113.47730255, -7.88870001 ], [ 113.47721863, -7.88871765 ], [ 113.4770813, -7.88875008 ], [ 113.47683716, -7.88886023 ], [ 113.47669983, -7.88906002 ], [ 113.47654724, -7.88922977 ], [ 113.47631073, -7.88937998 ], [ 113.47596741, -7.88946009 ], [ 113.4756012, -7.88944006 ], [ 113.47492981, -7.88926983 ], [ 113.4744873, -7.88908005 ], [ 113.47422791, -7.88887978 ], [ 113.47386169, -7.88847017 ], [ 113.47355652, -7.88812017 ], [ 113.47338867, -7.88813019 ], [ 113.47325134, -7.88819981 ], [ 113.4732132, -7.88830996 ], [ 113.4731369, -7.88870001 ], [ 113.47299194, -7.88894987 ], [ 113.47238922, -7.88936996 ], [ 113.47223663, -7.88937998 ], [ 113.47189331, -7.88935995 ], [ 113.47174072, -7.88928986 ], [ 113.47167969, -7.88918018 ], [ 113.47151947, -7.88872004 ], [ 113.47138977, -7.88864994 ], [ 113.47126007, -7.88864994 ], [ 113.47058868, -7.88871002 ], [ 113.47032166, -7.8886199 ], [ 113.47022247, -7.88851023 ], [ 113.4701767, -7.88835001 ], [ 113.47019196, -7.88819981 ], [ 113.4703598, -7.88806009 ], [ 113.47064972, -7.88788986 ], [ 113.47077942, -7.88776016 ], [ 113.47084808, -7.88759995 ], [ 113.47086334, -7.88747978 ], [ 113.47077942, -7.88737011 ], [ 113.47039795, -7.88687992 ], [ 113.47022247, -7.88667011 ], [ 113.47003174, -7.88656998 ], [ 113.46996307, -7.88661003 ], [ 113.46987915, -7.88673019 ], [ 113.46971893, -7.88720989 ], [ 113.46942902, -7.88797998 ], [ 113.46913147, -7.88844013 ], [ 113.46878815, -7.88867998 ], [ 113.46868134, -7.88865995 ], [ 113.46852112, -7.88857985 ], [ 113.46813202, -7.88832998 ], [ 113.46794128, -7.88832998 ], [ 113.46768951, -7.88846016 ], [ 113.46687317, -7.88911009 ], [ 113.46661377, -7.8893199 ], [ 113.46617126, -7.88956022 ], [ 113.46591949, -7.88961983 ], [ 113.46570587, -7.88961363 ], [ 113.46559143, -7.88960981 ], [ 113.46527863, -7.88953018 ], [ 113.46505737, -7.88943005 ], [ 113.46392059, -7.88881016 ], [ 113.4629364, -7.88834 ], [ 113.46257782, -7.88804007 ], [ 113.46228027, -7.88784981 ], [ 113.46179199, -7.88751984 ], [ 113.46147919, -7.88718987 ], [ 113.46096802, -7.88660002 ], [ 113.46019745, -7.88609982 ], [ 113.45980072, -7.88583994 ], [ 113.45871735, -7.8853302 ], [ 113.45845795, -7.88539982 ], [ 113.45800018, -7.88558006 ], [ 113.45767212, -7.88563013 ], [ 113.4574585, -7.8856101 ], [ 113.45715332, -7.88550997 ], [ 113.45696259, -7.88534021 ], [ 113.45661163, -7.88495016 ], [ 113.45652008, -7.88472986 ], [ 113.45633698, -7.88419008 ], [ 113.45616913, -7.88384008 ], [ 113.45601654, -7.88369989 ], [ 113.45581818, -7.88360977 ], [ 113.45567322, -7.88363981 ], [ 113.45542908, -7.88375998 ], [ 113.45487976, -7.88414001 ], [ 113.45467377, -7.88418007 ], [ 113.45458221, -7.88423014 ], [ 113.45439148, -7.88429022 ], [ 113.45407867, -7.88431263 ], [ 113.45372009, -7.88426018 ], [ 113.45350647, -7.88418007 ], [ 113.45342255, -7.88411999 ], [ 113.45321655, -7.8839798 ], [ 113.45290375, -7.88382006 ], [ 113.45272064, -7.88382006 ], [ 113.4526062, -7.88387012 ], [ 113.45249176, -7.88400984 ], [ 113.45226288, -7.88430023 ], [ 113.45214081, -7.88436985 ], [ 113.45201111, -7.88435984 ], [ 113.451828, -7.88424015 ], [ 113.45133972, -7.88383007 ], [ 113.45120239, -7.88369989 ], [ 113.45105743, -7.88358021 ], [ 113.45092773, -7.88356018 ], [ 113.45079041, -7.88360023 ], [ 113.45069885, -7.8836298 ], [ 113.4502182, -7.88389015 ], [ 113.44996643, -7.8839798 ], [ 113.44980621, -7.88395023 ], [ 113.44956207, -7.88379002 ], [ 113.44940186, -7.88360023 ], [ 113.44927979, -7.88335991 ], [ 113.44915771, -7.88324022 ], [ 113.4489212, -7.88309002 ], [ 113.44857788, -7.88290977 ], [ 113.44841766, -7.88274002 ], [ 113.448349, -7.88255978 ], [ 113.44814301, -7.88199997 ], [ 113.4479599, -7.88186979 ], [ 113.44779968, -7.88183022 ], [ 113.4475708, -7.88174009 ], [ 113.44685364, -7.88121986 ], [ 113.44654846, -7.88091993 ], [ 113.44647217, -7.88076019 ], [ 113.44648743, -7.88060999 ], [ 113.4466095, -7.88041592 ], [ 113.44671631, -7.88024998 ], [ 113.44670105, -7.88015985 ], [ 113.44658661, -7.88008022 ], [ 113.44637299, -7.88002014 ], [ 113.44586945, -7.87996006 ], [ 113.44434357, -7.8798399 ], [ 113.44416046, -7.87973022 ], [ 113.44365692, -7.87935019 ], [ 113.44338226, -7.87899017 ], [ 113.44303131, -7.87840986 ], [ 113.44284821, -7.87829018 ], [ 113.44249725, -7.87820005 ], [ 113.44213867, -7.87814999 ], [ 113.44172668, -7.87823009 ], [ 113.44156647, -7.87827015 ], [ 113.44148254, -7.87833023 ], [ 113.44117737, -7.87849998 ], [ 113.44082642, -7.87858009 ], [ 113.44065857, -7.87854004 ], [ 113.44029236, -7.87836981 ], [ 113.4400177, -7.87816 ], [ 113.43939209, -7.87738991 ], [ 113.43850708, -7.87701988 ], [ 113.43708038, -7.87677002 ], [ 113.43701935, -7.87666988 ], [ 113.43701935, -7.87657022 ], [ 113.4370575, -7.87608004 ], [ 113.43699646, -7.87549019 ], [ 113.43686676, -7.87525988 ], [ 113.43669891, -7.87501001 ], [ 113.4367218, -7.87447023 ], [ 113.43669891, -7.87423992 ], [ 113.43663788, -7.87407017 ], [ 113.43649292, -7.87388992 ], [ 113.43611908, -7.87375021 ], [ 113.43585968, -7.8736701 ], [ 113.43583679, -7.87357998 ], [ 113.43582916, -7.87341022 ], [ 113.43585968, -7.87310982 ], [ 113.43582153, -7.87289 ], [ 113.43573761, -7.87273979 ], [ 113.43559265, -7.87263012 ], [ 113.43531036, -7.87255001 ], [ 113.43515015, -7.87255001 ], [ 113.43489838, -7.87258005 ], [ 113.43473053, -7.87262011 ], [ 113.43460083, -7.87261009 ], [ 113.43453217, -7.87254 ], [ 113.43447876, -7.87241983 ], [ 113.43447876, -7.87224007 ], [ 113.43451691, -7.87184 ], [ 113.43448639, -7.87145996 ], [ 113.43444824, -7.87125015 ], [ 113.43431091, -7.87104988 ], [ 113.43408203, -7.87085009 ], [ 113.4336319, -7.87052011 ], [ 113.43341064, -7.87031984 ], [ 113.4333725, -7.87021017 ], [ 113.43340302, -7.87001991 ], [ 113.43347931, -7.86963987 ], [ 113.43348694, -7.86940002 ], [ 113.43347931, -7.8691802 ], [ 113.43344116, -7.86888981 ], [ 113.43340302, -7.86866999 ], [ 113.43341827, -7.86853981 ], [ 113.43347168, -7.86826992 ], [ 113.43331909, -7.86822987 ], [ 113.4330368, -7.86811018 ], [ 113.43282318, -7.86800003 ], [ 113.43257141, -7.86772013 ], [ 113.43226624, -7.8674531 ], [ 113.43199158, -7.86730003 ], [ 113.43153381, -7.86726999 ], [ 113.4310379, -7.86728001 ], [ 113.43061829, -7.86736012 ], [ 113.43036652, -7.86739016 ], [ 113.42996216, -7.86745024 ], [ 113.42977905, -7.86750984 ], [ 113.4291687, -7.86773014 ], [ 113.42852783, -7.86795998 ], [ 113.42829895, -7.8680501 ], [ 113.42788696, -7.86821985 ], [ 113.42736053, -7.86841011 ], [ 113.42703247, -7.86853981 ], [ 113.42681885, -7.86857986 ], [ 113.42671967, -7.86857986 ], [ 113.4265213, -7.86857986 ], [ 113.42606354, -7.86856985 ], [ 113.42595673, -7.86858368 ], [ 113.42568207, -7.86861992 ], [ 113.4251709, -7.86880016 ], [ 113.42489624, -7.86898994 ], [ 113.42456818, -7.86919022 ], [ 113.42414093, -7.86926985 ], [ 113.42395782, -7.86932993 ], [ 113.42373657, -7.86926985 ], [ 113.42327118, -7.86923981 ], [ 113.42259216, -7.86952019 ], [ 113.42214203, -7.86958981 ], [ 113.42167664, -7.86970997 ], [ 113.42118073, -7.86997986 ], [ 113.42070007, -7.8703599 ], [ 113.42025757, -7.87094021 ], [ 113.41986084, -7.87165022 ], [ 113.41960144, -7.87228012 ], [ 113.41941833, -7.87305021 ], [ 113.41938019, -7.87327623 ], [ 113.41928864, -7.87373018 ], [ 113.41921997, -7.87434006 ], [ 113.4192276, -7.875 ], [ 113.41912079, -7.87518978 ], [ 113.41905212, -7.87536001 ], [ 113.41892242, -7.87556982 ], [ 113.4187088, -7.87584019 ], [ 113.41837311, -7.87621021 ], [ 113.41779327, -7.87688017 ], [ 113.41757202, -7.8771801 ], [ 113.41750336, -7.87729979 ], [ 113.41748047, -7.87747002 ], [ 113.41732025, -7.87775993 ], [ 113.4172287, -7.87790012 ], [ 113.41716766, -7.87814999 ], [ 113.4174118, -7.87870979 ], [ 113.41761017, -7.87904978 ], [ 113.41770935, -7.87918329 ], [ 113.4178772, -7.87941074 ], [ 113.41815948, -7.87979984 ], [ 113.41809082, -7.88014984 ], [ 113.4178772, -7.88068008 ], [ 113.4176712, -7.88114977 ], [ 113.4176712, -7.88146019 ], [ 113.41770935, -7.88183022 ], [ 113.41777802, -7.88237 ], [ 113.41770172, -7.88283014 ], [ 113.41764832, -7.88306999 ], [ 113.41757202, -7.88356018 ], [ 113.4172821, -7.88401985 ], [ 113.41677856, -7.88436985 ], [ 113.41629028, -7.88451004 ], [ 113.41609955, -7.88453007 ], [ 113.41583252, -7.88460016 ], [ 113.4155426, -7.88472986 ], [ 113.41483307, -7.88476992 ], [ 113.41468048, -7.88414001 ], [ 113.4145813, -7.88381004 ], [ 113.41452026, -7.88360977 ], [ 113.41439056, -7.88340998 ], [ 113.41426849, -7.88332987 ], [ 113.41368866, -7.88308001 ], [ 113.41352081, -7.88312006 ], [ 113.4132309, -7.88323021 ], [ 113.41282654, -7.88336992 ], [ 113.41249847, -7.88339996 ], [ 113.41156769, -7.88333988 ], [ 113.41136169, -7.88325977 ], [ 113.41091919, -7.88296986 ], [ 113.40998077, -7.88185978 ], [ 113.4098587, -7.88165998 ], [ 113.40973663, -7.8814702 ], [ 113.40959167, -7.88114023 ], [ 113.4095993, -7.88098001 ], [ 113.40969849, -7.88067007 ], [ 113.40986633, -7.88043022 ], [ 113.41036987, -7.87978983 ], [ 113.41036224, -7.87965012 ], [ 113.41027069, -7.8794899 ], [ 113.41005707, -7.87926006 ], [ 113.40963745, -7.87887001 ], [ 113.40860748, -7.87858009 ], [ 113.40802002, -7.87844992 ], [ 113.40744019, -7.87834978 ], [ 113.40696716, -7.87820005 ], [ 113.40673065, -7.87812996 ], [ 113.40609741, -7.87798023 ], [ 113.40493011, -7.8775301 ], [ 113.40484619, -7.87750006 ], [ 113.40419769, -7.87726021 ], [ 113.40338135, -7.87694979 ], [ 113.40309143, -7.87681007 ], [ 113.40274811, -7.87672281 ], [ 113.40239716, -7.87659979 ], [ 113.4018631, -7.87642002 ], [ 113.40110779, -7.87619019 ], [ 113.40078735, -7.87611866 ] ] ] ] } },
{ "type": "Feature", "properties": { "GID_0": "IDN", "NAME_0": "Indonesia", "GID_1": "IDN.11_1", "NAME_1": "Jawa Timur", "NL_NAME_1": null, "GID_2": "IDN.11.30_1", "NAME_2": "Probolinggo", "NL_NAME_2": null, "GID_3": "IDN.11.30.6_1", "NAME_3": "Gending", "VARNAME_3": null, "NL_NAME_3": null, "TYPE_3": "Kecamatan", "ENGTYPE_3": "Sub-district", "CC_3": "3513190", "HASC_3": null }, "geometry": { "type": "MultiPolygon", "coordinates": [ [ [ [ 113.2881546, -7.82467413 ], [ 113.28791046, -7.82440996 ], [ 113.28782654, -7.82431984 ], [ 113.2877121, -7.82431984 ], [ 113.28751373, -7.82437992 ], [ 113.28733063, -7.82433987 ], [ 113.28713989, -7.82427979 ], [ 113.2868576, -7.82426977 ], [ 113.28646851, -7.82437992 ], [ 113.28627777, -7.82442999 ], [ 113.28618622, -7.82440996 ], [ 113.28614044, -7.82430983 ], [ 113.28617096, -7.82409 ], [ 113.28617859, -7.82399988 ], [ 113.28607941, -7.82390022 ], [ 113.28585815, -7.82383013 ], [ 113.2857132, -7.82382011 ], [ 113.28555298, -7.82391977 ], [ 113.28540039, -7.82410002 ], [ 113.28518677, -7.82454014 ], [ 113.28514099, -7.82503986 ], [ 113.28524017, -7.82539988 ], [ 113.28405762, -7.82543039 ], [ 113.28369141, -7.82543993 ], [ 113.28337097, -7.82546997 ], [ 113.28328705, -7.82547998 ], [ 113.28320313, -7.82549 ], [ 113.2832489, -7.82531977 ], [ 113.28334045, -7.82510996 ], [ 113.28334808, -7.82497978 ], [ 113.28318024, -7.82484007 ], [ 113.28309631, -7.82477999 ], [ 113.28308105, -7.82456017 ], [ 113.28299713, -7.82414007 ], [ 113.28298187, -7.8233099 ], [ 113.28295135, -7.82305002 ], [ 113.28282166, -7.82277012 ], [ 113.2828598, -7.82255983 ], [ 113.2828598, -7.82228994 ], [ 113.28282166, -7.82216978 ], [ 113.28269196, -7.82209015 ], [ 113.2824707, -7.82204008 ], [ 113.28233337, -7.82195997 ], [ 113.28221893, -7.82176018 ], [ 113.2820282, -7.82155991 ], [ 113.28191376, -7.82138014 ], [ 113.28188324, -7.82125616 ], [ 113.28188324, -7.82099009 ], [ 113.2818985, -7.82085371 ], [ 113.28193665, -7.82055998 ], [ 113.28211212, -7.82019997 ], [ 113.2822113, -7.82001019 ], [ 113.28222656, -7.81980991 ], [ 113.28214264, -7.81959009 ], [ 113.28201294, -7.8193202 ], [ 113.28193665, -7.81917 ], [ 113.2818222, -7.81907988 ], [ 113.28160095, -7.81903982 ], [ 113.28151703, -7.81901979 ], [ 113.28147888, -7.81887007 ], [ 113.28151703, -7.81849003 ], [ 113.28134918, -7.81843996 ], [ 113.28121948, -7.81838989 ], [ 113.2811203, -7.81829977 ], [ 113.2811203, -7.81795979 ], [ 113.28108215, -7.81781006 ], [ 113.28079987, -7.81759977 ], [ 113.28057098, -7.81740999 ], [ 113.28038025, -7.8172698 ], [ 113.2800293, -7.81722021 ], [ 113.27992249, -7.8172102 ], [ 113.27983856, -7.81676006 ], [ 113.27985382, -7.81665659 ], [ 113.27981567, -7.81641817 ], [ 113.2798233, -7.81634092 ], [ 113.27988434, -7.81562471 ], [ 113.28007507, -7.81457424 ], [ 113.28012848, -7.81428862 ], [ 113.28022003, -7.81290293 ], [ 113.28034973, -7.81290245 ], [ 113.28044891, -7.8128891 ], [ 113.28057861, -7.81286335 ], [ 113.28065491, -7.81274986 ], [ 113.28063965, -7.8126111 ], [ 113.28050232, -7.81249857 ], [ 113.28025818, -7.8122859 ], [ 113.28023529, -7.81216002 ], [ 113.28038025, -7.81194544 ], [ 113.28051758, -7.81169271 ], [ 113.28065491, -7.81149054 ], [ 113.2806778, -7.81122589 ], [ 113.28064728, -7.81077814 ], [ 113.28001404, -7.81072664 ], [ 113.28004456, -7.8105278 ], [ 113.28005219, -7.810287 ], [ 113.28009796, -7.81006289 ], [ 113.28013611, -7.80989408 ], [ 113.28011322, -7.80966616 ], [ 113.28012085, -7.80941677 ], [ 113.28027344, -7.8094244 ], [ 113.28025055, -7.80929756 ], [ 113.28018951, -7.80910587 ], [ 113.27980042, -7.80779028 ], [ 113.27923584, -7.80647087 ], [ 113.27866364, -7.80525208 ], [ 113.2780304, -7.80389929 ], [ 113.27735901, -7.80284834 ], [ 113.27713776, -7.80248117 ], [ 113.27674866, -7.80179691 ], [ 113.27643585, -7.80091143 ], [ 113.27635193, -7.8002758 ], [ 113.27638245, -7.79973984 ], [ 113.27661133, -7.79826546 ], [ 113.27650452, -7.79786444 ], [ 113.27615356, -7.7974143 ], [ 113.27606201, -7.7970295 ], [ 113.27610779, -7.79636002 ], [ 113.27631378, -7.79590654 ], [ 113.27626038, -7.79584026 ], [ 113.27592468, -7.7955575 ], [ 113.27581787, -7.7953105 ], [ 113.27584839, -7.79391718 ], [ 113.27581024, -7.7932477 ], [ 113.27557373, -7.79283047 ], [ 113.27567291, -7.79244471 ], [ 113.27526855, -7.79214573 ], [ 113.27576447, -7.790205 ], [ 113.27615356, -7.78889322 ], [ 113.2760849, -7.78827429 ], [ 113.27558899, -7.78722239 ], [ 113.27281189, -7.78212023 ], [ 113.27263641, -7.78101778 ], [ 113.2727356, -7.78082132 ], [ 113.27275085, -7.78071785 ], [ 113.27276611, -7.78056908 ], [ 113.27305603, -7.78032255 ], [ 113.27317047, -7.78023338 ], [ 113.27316284, -7.78015518 ], [ 113.27295685, -7.77992439 ], [ 113.27292633, -7.77983332 ], [ 113.2729187, -7.77959871 ], [ 113.27319336, -7.77961016 ], [ 113.2734375, -7.77965307 ], [ 113.27360535, -7.7796731 ], [ 113.27364349, -7.77948236 ], [ 113.27377319, -7.7795701 ], [ 113.27403259, -7.77956009 ], [ 113.27459717, -7.77940989 ], [ 113.27501678, -7.77932978 ], [ 113.27529144, -7.77931976 ], [ 113.27546692, -7.77937984 ], [ 113.27587128, -7.7796998 ], [ 113.27600098, -7.77985001 ], [ 113.27612305, -7.7800498 ], [ 113.27615356, -7.78026009 ], [ 113.27610016, -7.78066015 ], [ 113.27601624, -7.78120995 ], [ 113.27604675, -7.78137016 ], [ 113.27612305, -7.78142023 ], [ 113.27641296, -7.7813201 ], [ 113.2765274, -7.78129005 ], [ 113.27662659, -7.78133011 ], [ 113.27680206, -7.78167009 ], [ 113.27693176, -7.78191996 ], [ 113.27752686, -7.78255987 ], [ 113.27765656, -7.78263998 ], [ 113.27799225, -7.78261995 ], [ 113.27812195, -7.78260994 ], [ 113.27845764, -7.7829299 ], [ 113.27864075, -7.78309011 ], [ 113.27928162, -7.78340006 ], [ 113.27979279, -7.78354979 ], [ 113.28035736, -7.78366995 ], [ 113.28237152, -7.78375006 ], [ 113.28265381, -7.78369999 ], [ 113.28295898, -7.78356981 ], [ 113.28333282, -7.78333998 ], [ 113.28352356, -7.78314018 ], [ 113.28365326, -7.78297997 ], [ 113.28388214, -7.78283024 ], [ 113.28417969, -7.78276014 ], [ 113.28439331, -7.78275013 ], [ 113.28450775, -7.7828002 ], [ 113.28460693, -7.78296995 ], [ 113.28469086, -7.78313017 ], [ 113.28479767, -7.7832098 ], [ 113.28518677, -7.78325987 ], [ 113.28569031, -7.78330994 ], [ 113.28591156, -7.78331995 ], [ 113.28633118, -7.78319979 ], [ 113.28649902, -7.78317022 ], [ 113.28657532, -7.78319216 ], [ 113.28672791, -7.78333998 ], [ 113.28681183, -7.7835598 ], [ 113.28717041, -7.78348017 ], [ 113.287323, -7.78345013 ], [ 113.28756714, -7.78331995 ], [ 113.28778839, -7.78333998 ], [ 113.28788757, -7.78336 ], [ 113.28795624, -7.78329992 ], [ 113.28794861, -7.78261995 ], [ 113.28790283, -7.78234005 ], [ 113.28781128, -7.7818799 ], [ 113.28778839, -7.78115988 ], [ 113.28780365, -7.7807498 ], [ 113.2879715, -7.78022003 ], [ 113.28859711, -7.77829981 ], [ 113.28864288, -7.77817011 ], [ 113.2886734, -7.77810001 ], [ 113.28883362, -7.77791023 ], [ 113.28916931, -7.77742004 ], [ 113.28942871, -7.77679014 ], [ 113.28957367, -7.77628994 ], [ 113.28964233, -7.77600002 ], [ 113.28974915, -7.77586985 ], [ 113.28987122, -7.77583981 ], [ 113.28996277, -7.77587986 ], [ 113.29007721, -7.7760601 ], [ 113.29026794, -7.77627993 ], [ 113.29057312, -7.77646017 ], [ 113.29077148, -7.77640009 ], [ 113.29094696, -7.77630997 ], [ 113.29177094, -7.77572012 ], [ 113.29178619, -7.77550983 ], [ 113.29183197, -7.77523994 ], [ 113.29196167, -7.7751298 ], [ 113.29242706, -7.77485991 ], [ 113.29290771, -7.77461004 ], [ 113.29343414, -7.77433681 ], [ 113.29366302, -7.77421999 ], [ 113.29387665, -7.77377987 ], [ 113.29411316, -7.77351999 ], [ 113.29432678, -7.77342987 ], [ 113.29464722, -7.77334023 ], [ 113.29530334, -7.77318001 ], [ 113.29593658, -7.77292013 ], [ 113.29633331, -7.77263021 ], [ 113.29649353, -7.77249002 ], [ 113.29660797, -7.77214003 ], [ 113.29675293, -7.77201986 ], [ 113.29696655, -7.77189016 ], [ 113.29737091, -7.77177 ], [ 113.29839325, -7.77146006 ], [ 113.29868317, -7.7712698 ], [ 113.29911041, -7.77087021 ], [ 113.29934692, -7.7706399 ], [ 113.30040741, -7.76990986 ], [ 113.30072784, -7.76979017 ], [ 113.30090332, -7.76969004 ], [ 113.30119324, -7.76945019 ], [ 113.30151367, -7.76933002 ], [ 113.30184937, -7.76925993 ], [ 113.30226898, -7.76913977 ], [ 113.30243683, -7.76903009 ], [ 113.30267334, -7.76887989 ], [ 113.30296326, -7.76870012 ], [ 113.30339813, -7.76850986 ], [ 113.30386353, -7.7683301 ], [ 113.30496216, -7.76796007 ], [ 113.30548096, -7.76785994 ], [ 113.30577087, -7.7678299 ], [ 113.30599976, -7.76777983 ], [ 113.3063736, -7.76769018 ], [ 113.30674744, -7.76771021 ], [ 113.30708313, -7.76761007 ], [ 113.30726624, -7.76759005 ], [ 113.30770111, -7.76757002 ], [ 113.30812836, -7.76751995 ], [ 113.3083725, -7.76757002 ], [ 113.31020355, -7.76780987 ], [ 113.31060028, -7.76776981 ], [ 113.31104279, -7.7677002 ], [ 113.3113327, -7.7677598 ], [ 113.31183624, -7.76786995 ], [ 113.31198883, -7.76783991 ], [ 113.31215668, -7.76781988 ], [ 113.31244659, -7.76776981 ], [ 113.31253815, -7.7677598 ], [ 113.31316376, -7.76772022 ], [ 113.31331635, -7.76776981 ], [ 113.31407166, -7.76812983 ], [ 113.3152771, -7.76852989 ], [ 113.31552887, -7.76852989 ], [ 113.31569672, -7.76851988 ], [ 113.31594086, -7.76849985 ], [ 113.31609344, -7.76840019 ], [ 113.31630707, -7.76827002 ], [ 113.31652832, -7.76821995 ], [ 113.31685638, -7.76822996 ], [ 113.31697083, -7.76830006 ], [ 113.3170166, -7.76841021 ], [ 113.3171463, -7.76878977 ], [ 113.31725311, -7.76886988 ], [ 113.31743622, -7.76891994 ], [ 113.31786346, -7.76904011 ], [ 113.31790924, -7.76914978 ], [ 113.31791687, -7.76935005 ], [ 113.31784058, -7.76956987 ], [ 113.31770325, -7.76969004 ], [ 113.3170166, -7.7702198 ], [ 113.31691742, -7.77030993 ], [ 113.3168869, -7.77043009 ], [ 113.31693268, -7.77057981 ], [ 113.31707001, -7.77065992 ], [ 113.31733704, -7.77074003 ], [ 113.31790924, -7.77092981 ], [ 113.3184967, -7.77118015 ], [ 113.31858826, -7.77124023 ], [ 113.31881714, -7.77140999 ], [ 113.31889343, -7.77156019 ], [ 113.31890106, -7.77173996 ], [ 113.31881714, -7.77216005 ], [ 113.31867981, -7.77268982 ], [ 113.31842804, -7.77358007 ], [ 113.31842804, -7.77383995 ], [ 113.31851196, -7.77412987 ], [ 113.31861877, -7.77424002 ], [ 113.31877136, -7.77432013 ], [ 113.31887054, -7.7743001 ], [ 113.31929016, -7.77423 ], [ 113.31954956, -7.77429724 ], [ 113.31970978, -7.77434015 ], [ 113.3203125, -7.77440023 ], [ 113.32058716, -7.77450991 ], [ 113.32089996, -7.77452993 ], [ 113.32112885, -7.77459002 ], [ 113.32132721, -7.77460003 ], [ 113.32158661, -7.77455997 ], [ 113.3219223, -7.77463007 ], [ 113.32209015, -7.77472019 ], [ 113.3221817, -7.77484989 ], [ 113.32230377, -7.7750001 ], [ 113.32240295, -7.77504015 ], [ 113.32273102, -7.77511978 ], [ 113.32295227, -7.77526999 ], [ 113.3241272, -7.77614021 ], [ 113.32431793, -7.77615976 ], [ 113.3248291, -7.7761302 ], [ 113.32527924, -7.77602005 ], [ 113.32557678, -7.77596998 ], [ 113.32714844, -7.77572012 ], [ 113.3274231, -7.77561998 ], [ 113.32788086, -7.77545977 ], [ 113.32832336, -7.77540016 ], [ 113.32834625, -7.77521992 ], [ 113.32843781, -7.77501011 ], [ 113.32855988, -7.77488995 ], [ 113.3289566, -7.77455997 ], [ 113.32917023, -7.77436018 ], [ 113.32936859, -7.77429008 ], [ 113.3296814, -7.77424002 ], [ 113.33033752, -7.7743001 ], [ 113.33083344, -7.77440977 ], [ 113.33142853, -7.77456999 ], [ 113.3323288, -7.7747798 ], [ 113.33296204, -7.77484989 ], [ 113.33331299, -7.77475977 ], [ 113.33396149, -7.77460003 ], [ 113.33423615, -7.77457094 ], [ 113.33453369, -7.77453995 ], [ 113.3348999, -7.77445984 ], [ 113.33537292, -7.77426004 ], [ 113.33567047, -7.77404022 ], [ 113.33569336, -7.77394009 ], [ 113.33564758, -7.77361012 ], [ 113.33561707, -7.77330017 ], [ 113.33563995, -7.77318001 ], [ 113.33570862, -7.77310991 ], [ 113.33587646, -7.77308989 ], [ 113.33595276, -7.7730999 ], [ 113.3361969, -7.77313995 ], [ 113.33651733, -7.77324009 ], [ 113.33722687, -7.77326012 ], [ 113.3375473, -7.77323008 ], [ 113.33802795, -7.77307987 ], [ 113.33896637, -7.77271986 ], [ 113.33979034, -7.77229023 ], [ 113.34030914, -7.77210999 ], [ 113.3405838, -7.77203989 ], [ 113.34067535, -7.77202606 ], [ 113.34092712, -7.77198982 ], [ 113.34107971, -7.77201986 ], [ 113.34116364, -7.77216005 ], [ 113.34123993, -7.77222013 ], [ 113.34136963, -7.77223015 ], [ 113.34169769, -7.77210999 ], [ 113.34249878, -7.7718401 ], [ 113.34272003, -7.77180004 ], [ 113.3432312, -7.77163982 ], [ 113.34393311, -7.77137995 ], [ 113.34446716, -7.77121019 ], [ 113.34465027, -7.77120018 ], [ 113.34474945, -7.77130985 ], [ 113.34483337, -7.77260017 ], [ 113.34488678, -7.77304125 ], [ 113.34490204, -7.77311993 ], [ 113.34533691, -7.77308989 ], [ 113.34571838, -7.77404022 ], [ 113.34604645, -7.77408981 ], [ 113.346138, -7.77452993 ], [ 113.34677124, -7.77455997 ], [ 113.34683228, -7.77467012 ], [ 113.34713745, -7.77471018 ], [ 113.34747314, -7.77470016 ], [ 113.34757233, -7.77473021 ], [ 113.34763336, -7.77488995 ], [ 113.34763336, -7.77501249 ], [ 113.34764862, -7.77680016 ], [ 113.34760284, -7.77903986 ], [ 113.34755707, -7.77987385 ], [ 113.34752655, -7.78052998 ], [ 113.34751129, -7.78092718 ], [ 113.34760284, -7.78135014 ], [ 113.34779358, -7.78169012 ], [ 113.34796906, -7.78182983 ], [ 113.34848785, -7.78221989 ], [ 113.34882355, -7.78237009 ], [ 113.34915161, -7.78247023 ], [ 113.34941101, -7.78260994 ], [ 113.34954834, -7.78274012 ], [ 113.34963226, -7.78294134 ], [ 113.34973145, -7.78317022 ], [ 113.34980774, -7.78333998 ], [ 113.35005951, -7.78361988 ], [ 113.35037994, -7.78371 ], [ 113.35108185, -7.78365993 ], [ 113.35125732, -7.78365993 ], [ 113.35179138, -7.78359032 ], [ 113.35218048, -7.78353977 ], [ 113.3526535, -7.78360462 ], [ 113.35327911, -7.78368998 ], [ 113.35427856, -7.78391981 ], [ 113.3552475, -7.78412008 ], [ 113.3560791, -7.78438997 ], [ 113.35691833, -7.78493023 ], [ 113.35741425, -7.7851963 ], [ 113.35768127, -7.78533983 ], [ 113.35827637, -7.78568268 ], [ 113.3584137, -7.78575993 ], [ 113.35865784, -7.78597021 ], [ 113.35877991, -7.78628016 ], [ 113.35882568, -7.78645754 ], [ 113.35888672, -7.7867198 ], [ 113.35887909, -7.78683901 ], [ 113.35884094, -7.78716564 ], [ 113.35881042, -7.78742981 ], [ 113.35890198, -7.78822994 ], [ 113.35895538, -7.78835297 ], [ 113.35941315, -7.78941011 ], [ 113.35959625, -7.78953981 ], [ 113.35980988, -7.78984022 ], [ 113.35990906, -7.78997993 ], [ 113.36009979, -7.79005003 ], [ 113.36019135, -7.79021978 ], [ 113.36026764, -7.79035997 ], [ 113.36045074, -7.79042006 ], [ 113.36062622, -7.79045486 ], [ 113.36071777, -7.79051018 ], [ 113.36074829, -7.79074001 ], [ 113.36073303, -7.79093981 ], [ 113.36077118, -7.79102993 ], [ 113.36099243, -7.79104996 ], [ 113.36121368, -7.79099989 ], [ 113.36132813, -7.79094982 ], [ 113.36142731, -7.79097986 ], [ 113.3615036, -7.79109001 ], [ 113.36154938, -7.79120016 ], [ 113.36174011, -7.79131985 ], [ 113.36196136, -7.79137993 ], [ 113.36212921, -7.79139996 ], [ 113.36210632, -7.79157019 ], [ 113.36200714, -7.79169989 ], [ 113.36199188, -7.79179001 ], [ 113.36212921, -7.79192019 ], [ 113.3622818, -7.79207993 ], [ 113.36237335, -7.79224014 ], [ 113.3624115, -7.79236984 ], [ 113.36248779, -7.79243994 ], [ 113.36168671, -7.79249334 ], [ 113.36112976, -7.79253006 ], [ 113.36051941, -7.79269981 ], [ 113.35980225, -7.79296017 ], [ 113.35899353, -7.79354525 ], [ 113.35852051, -7.79389 ], [ 113.35822296, -7.79426003 ], [ 113.35813904, -7.79441357 ], [ 113.35788727, -7.7948699 ], [ 113.35771179, -7.79539013 ], [ 113.35753632, -7.79583979 ], [ 113.35765076, -7.79615021 ], [ 113.35755157, -7.79693699 ], [ 113.35752869, -7.79712009 ], [ 113.35748291, -7.79773998 ], [ 113.3574295, -7.79843998 ], [ 113.35732269, -7.79921007 ], [ 113.35727692, -7.79965019 ], [ 113.3572464, -7.79988003 ], [ 113.35710144, -7.80031013 ], [ 113.35688782, -7.80052996 ], [ 113.35627747, -7.80059004 ], [ 113.35617065, -7.80060005 ], [ 113.35521698, -7.80060005 ], [ 113.35394287, -7.80054998 ], [ 113.35310364, -7.80053282 ], [ 113.35298157, -7.80052996 ], [ 113.35266876, -7.80050611 ], [ 113.35251617, -7.80049467 ], [ 113.35218811, -7.80046988 ], [ 113.35176086, -7.80045414 ], [ 113.35085297, -7.80041981 ], [ 113.35067749, -7.8004179 ], [ 113.3500824, -7.80040979 ], [ 113.34968567, -7.80040979 ], [ 113.34934235, -7.80040979 ], [ 113.34874725, -7.80040836 ], [ 113.34866333, -7.80039263 ], [ 113.34838104, -7.80034018 ], [ 113.34838867, -7.80041981 ], [ 113.34832764, -7.80065012 ], [ 113.34838867, -7.80079985 ], [ 113.34841156, -7.80089998 ], [ 113.3483963, -7.80107021 ], [ 113.34850311, -7.80121994 ], [ 113.34861755, -7.80140018 ], [ 113.34860992, -7.80148983 ], [ 113.34854889, -7.80187988 ], [ 113.34854889, -7.80222988 ], [ 113.34866333, -7.80250978 ], [ 113.34870148, -7.80263996 ], [ 113.34877014, -7.80289984 ], [ 113.34883881, -7.80363989 ], [ 113.34880066, -7.80407 ], [ 113.34877777, -7.80425978 ], [ 113.34867859, -7.80446005 ], [ 113.34860229, -7.80461979 ], [ 113.3484726, -7.80491018 ], [ 113.3484726, -7.80500984 ], [ 113.34858704, -7.8052001 ], [ 113.34879303, -7.80548 ], [ 113.34880066, -7.80564022 ], [ 113.34877014, -7.80573606 ], [ 113.34874725, -7.80580997 ], [ 113.34868622, -7.80604982 ], [ 113.34873962, -7.80622005 ], [ 113.34884644, -7.80656004 ], [ 113.34886169, -7.80686998 ], [ 113.34879303, -7.80698013 ], [ 113.34866333, -7.80706978 ], [ 113.34832764, -7.80727005 ], [ 113.34739685, -7.80681992 ], [ 113.34619141, -7.80571985 ], [ 113.34602356, -7.80556011 ], [ 113.34533691, -7.80530548 ], [ 113.3438797, -7.80475998 ], [ 113.34366608, -7.80467939 ], [ 113.34307098, -7.80445004 ], [ 113.34281158, -7.80438137 ], [ 113.3422699, -7.80424023 ], [ 113.34159088, -7.80401993 ], [ 113.34143066, -7.80398226 ], [ 113.34117126, -7.80391979 ], [ 113.34040833, -7.80373812 ], [ 113.33995819, -7.80362988 ], [ 113.33946991, -7.80351067 ], [ 113.33882141, -7.80335951 ], [ 113.33785248, -7.8032198 ], [ 113.33683014, -7.80299997 ], [ 113.33595276, -7.80284977 ], [ 113.3350296, -7.80284977 ], [ 113.3343277, -7.80282021 ], [ 113.33377075, -7.80283022 ], [ 113.33377075, -7.80319977 ], [ 113.33371735, -7.80338001 ], [ 113.3336792, -7.80357981 ], [ 113.33361053, -7.80414009 ], [ 113.3334198, -7.80443001 ], [ 113.33345795, -7.80454016 ], [ 113.33351898, -7.8046999 ], [ 113.33352661, -7.80489016 ], [ 113.33361053, -7.80501986 ], [ 113.33379364, -7.80530977 ], [ 113.33396912, -7.80561018 ], [ 113.33413696, -7.80585003 ], [ 113.33432007, -7.80604982 ], [ 113.33441925, -7.80628014 ], [ 113.3344574, -7.80653 ], [ 113.33442688, -7.80723 ], [ 113.33453369, -7.80742979 ], [ 113.33470917, -7.8076601 ], [ 113.3347168, -7.80783987 ], [ 113.33461761, -7.80862999 ], [ 113.33338928, -7.80889988 ], [ 113.3323822, -7.80890989 ], [ 113.33227539, -7.80890989 ], [ 113.33164978, -7.80890989 ], [ 113.33138275, -7.80890989 ], [ 113.32969666, -7.80881119 ], [ 113.32951355, -7.80880022 ], [ 113.32922363, -7.80878019 ], [ 113.32885742, -7.80874014 ], [ 113.32875061, -7.80872011 ], [ 113.32855225, -7.80870008 ], [ 113.32811737, -7.80867004 ], [ 113.32797241, -7.80865002 ], [ 113.32745361, -7.80857992 ], [ 113.32702637, -7.80855989 ], [ 113.32662964, -7.80852985 ], [ 113.32627869, -7.80850983 ], [ 113.32610321, -7.8085041 ], [ 113.32617188, -7.80865002 ], [ 113.32620239, -7.80889988 ], [ 113.32621765, -7.80906487 ], [ 113.32624817, -7.80932999 ], [ 113.32621765, -7.80972004 ], [ 113.32594299, -7.8113699 ], [ 113.32592773, -7.81156015 ], [ 113.32592773, -7.81185293 ], [ 113.32571411, -7.81183052 ], [ 113.32556915, -7.81192684 ], [ 113.32556915, -7.81210518 ], [ 113.32569885, -7.81228304 ], [ 113.32587433, -7.81252384 ], [ 113.32581329, -7.81258726 ], [ 113.32566071, -7.81278753 ], [ 113.32557678, -7.81307173 ], [ 113.32553101, -7.81326103 ], [ 113.32546234, -7.81332445 ], [ 113.32530212, -7.81332541 ], [ 113.32517242, -7.81340981 ], [ 113.3249588, -7.81360006 ], [ 113.32485962, -7.81371641 ], [ 113.32460022, -7.81378078 ], [ 113.32449341, -7.81406498 ], [ 113.32443237, -7.81432772 ], [ 113.32359314, -7.81410122 ], [ 113.32345581, -7.81427002 ], [ 113.32323456, -7.81416655 ], [ 113.32301331, -7.81394196 ], [ 113.32287598, -7.81393433 ], [ 113.32278442, -7.81392717 ], [ 113.32266998, -7.8139596 ], [ 113.32252502, -7.81390762 ], [ 113.32249451, -7.81376076 ], [ 113.32235718, -7.81364584 ], [ 113.32228088, -7.81363583 ], [ 113.32222748, -7.81356287 ], [ 113.32205963, -7.8135004 ], [ 113.32192993, -7.81343842 ], [ 113.32186127, -7.81333351 ], [ 113.32185364, -7.81318665 ], [ 113.32184601, -7.812819 ], [ 113.32182312, -7.81268263 ], [ 113.32176208, -7.81252527 ], [ 113.32175446, -7.81228256 ], [ 113.32168579, -7.8121686 ], [ 113.32159424, -7.8120327 ], [ 113.32159424, -7.81193399 ], [ 113.32150269, -7.81191778 ], [ 113.32130432, -7.81187677 ], [ 113.32102966, -7.81176281 ], [ 113.320961, -7.81153202 ], [ 113.32084656, -7.8115325 ], [ 113.32072449, -7.81143427 ], [ 113.32057953, -7.81138897 ], [ 113.32060242, -7.81162214 ], [ 113.3205719, -7.81184149 ], [ 113.32058716, -7.81223154 ], [ 113.32048035, -7.8126893 ], [ 113.32028198, -7.81311893 ], [ 113.32016754, -7.81336212 ], [ 113.32009888, -7.81369066 ], [ 113.32003021, -7.81387663 ], [ 113.3199234, -7.81401062 ], [ 113.31984711, -7.81417751 ], [ 113.31977844, -7.81435394 ], [ 113.31974792, -7.81448555 ], [ 113.31971741, -7.81459713 ], [ 113.31962585, -7.81491661 ], [ 113.31956482, -7.81511688 ], [ 113.31939697, -7.81547976 ], [ 113.31919861, -7.8158102 ], [ 113.31859589, -7.81531525 ], [ 113.31846619, -7.81520987 ], [ 113.3183136, -7.81544018 ], [ 113.31826782, -7.81550169 ], [ 113.31793213, -7.81595993 ], [ 113.31773376, -7.81625986 ], [ 113.31764984, -7.81656313 ], [ 113.31748199, -7.81701803 ], [ 113.31744385, -7.81744051 ], [ 113.31747437, -7.8178792 ], [ 113.31748199, -7.81799173 ], [ 113.3174057, -7.81877089 ], [ 113.31723022, -7.81935596 ], [ 113.31708527, -7.81976223 ], [ 113.31669617, -7.82054329 ], [ 113.31634521, -7.82104826 ], [ 113.31624603, -7.8212595 ], [ 113.31626892, -7.82148981 ], [ 113.31619263, -7.82188988 ], [ 113.31601715, -7.82250977 ], [ 113.31594849, -7.82284021 ], [ 113.31590271, -7.82306004 ], [ 113.31587982, -7.8232398 ], [ 113.31587982, -7.82345009 ], [ 113.31549072, -7.82343388 ], [ 113.31517029, -7.82342005 ], [ 113.31475067, -7.82335997 ], [ 113.31456757, -7.82376003 ], [ 113.31388855, -7.82370996 ], [ 113.31243896, -7.82366991 ], [ 113.31134033, -7.82359982 ], [ 113.310112, -7.82372999 ], [ 113.31002808, -7.82374001 ], [ 113.30987549, -7.82375765 ], [ 113.30981445, -7.8233366 ], [ 113.30971527, -7.82331705 ], [ 113.30957031, -7.82323313 ], [ 113.30940247, -7.82317781 ], [ 113.30902863, -7.82317972 ], [ 113.30874634, -7.8232379 ], [ 113.30869293, -7.82329464 ], [ 113.30872345, -7.82383108 ], [ 113.30860901, -7.82384014 ], [ 113.30805206, -7.82384014 ], [ 113.306427, -7.8238101 ], [ 113.30631256, -7.82379675 ], [ 113.30599213, -7.82376003 ], [ 113.3058548, -7.82373095 ], [ 113.30586243, -7.82353592 ], [ 113.3055191, -7.82317066 ], [ 113.30497742, -7.82308865 ], [ 113.30477905, -7.82224226 ], [ 113.30480194, -7.82216978 ], [ 113.30486298, -7.82198715 ], [ 113.30511475, -7.8217597 ], [ 113.30515289, -7.82143974 ], [ 113.30518341, -7.82103539 ], [ 113.30509949, -7.82118368 ], [ 113.30502319, -7.82139111 ], [ 113.30493164, -7.82158661 ], [ 113.30448914, -7.82158899 ], [ 113.30451202, -7.82121181 ], [ 113.30451965, -7.82107782 ], [ 113.30419159, -7.82094193 ], [ 113.3039093, -7.82077122 ], [ 113.30367279, -7.82072639 ], [ 113.30332184, -7.82068253 ], [ 113.30312347, -7.82062054 ], [ 113.30277252, -7.82047319 ], [ 113.30258179, -7.82043409 ], [ 113.30236053, -7.82036066 ], [ 113.30212402, -7.82029295 ], [ 113.30198669, -7.8205533 ], [ 113.30178833, -7.82069635 ], [ 113.30153656, -7.820858 ], [ 113.30145264, -7.82096481 ], [ 113.30125427, -7.82116175 ], [ 113.30102539, -7.82130527 ], [ 113.30102539, -7.82150078 ], [ 113.29866791, -7.82126474 ], [ 113.29849243, -7.82124758 ], [ 113.2978363, -7.82139349 ], [ 113.29656982, -7.82216501 ], [ 113.29624939, -7.82230902 ], [ 113.29613495, -7.82272959 ], [ 113.29580688, -7.82269955 ], [ 113.29570007, -7.82269001 ], [ 113.29493713, -7.82285976 ], [ 113.29460907, -7.82304335 ], [ 113.29450989, -7.82310009 ], [ 113.29389954, -7.82348347 ], [ 113.2936554, -7.82352781 ], [ 113.29354858, -7.82341337 ], [ 113.29338074, -7.82302713 ], [ 113.29325867, -7.822999 ], [ 113.29203796, -7.82273293 ], [ 113.29192352, -7.82261896 ], [ 113.29184723, -7.82259035 ], [ 113.29153442, -7.82259226 ], [ 113.29134369, -7.82266474 ], [ 113.29097748, -7.8230257 ], [ 113.29077148, -7.82312727 ], [ 113.29060364, -7.82304192 ], [ 113.29031372, -7.82292891 ], [ 113.28971863, -7.82281733 ], [ 113.28861237, -7.82259369 ], [ 113.28843689, -7.82263756 ], [ 113.28839874, -7.82285309 ], [ 113.2882843, -7.82370043 ], [ 113.2881546, -7.82467413 ] ] ] ] } },
{ "type": "Feature", "properties": { "GID_0": "IDN", "NAME_0": "Indonesia", "GID_1": "IDN.11_1", "NAME_1": "Jawa Timur", "NL_NAME_1": null, "GID_2": "IDN.11.30_1", "NAME_2": "Probolinggo", "NL_NAME_2": null, "GID_3": "IDN.11.30.7_1", "NAME_3": "Kotaanyar", "VARNAME_3": null, "NL_NAME_3": null, "TYPE_3": "Kecamatan", "ENGTYPE_3": "Sub-district", "CC_3": "3513120", "HASC_3": null }, "geometry": { "type": "MultiPolygon", "coordinates": [ [ [ [ 113.55890656, -7.7851181 ], [ 113.55873108, -7.78518009 ], [ 113.55861664, -7.78518009 ], [ 113.55832672, -7.78522587 ], [ 113.5558548, -7.78561354 ], [ 113.55478668, -7.78577995 ], [ 113.55287933, -7.78578997 ], [ 113.55254364, -7.78578997 ], [ 113.55172729, -7.78578997 ], [ 113.55005646, -7.78540993 ], [ 113.54957581, -7.78529978 ], [ 113.54875183, -7.78511 ], [ 113.54837799, -7.78502226 ], [ 113.54715729, -7.78473377 ], [ 113.54663086, -7.78460979 ], [ 113.54425049, -7.78403091 ], [ 113.54393768, -7.78393793 ], [ 113.54370117, -7.78369236 ], [ 113.54351044, -7.78349829 ], [ 113.54328918, -7.78326988 ], [ 113.54249573, -7.78314924 ], [ 113.54242706, -7.78268147 ], [ 113.54232788, -7.78228092 ], [ 113.54194641, -7.78208303 ], [ 113.54125214, -7.78195667 ], [ 113.54094696, -7.78167772 ], [ 113.54086304, -7.78148794 ], [ 113.54074097, -7.7813282 ], [ 113.54063416, -7.78128862 ], [ 113.54039001, -7.78130007 ], [ 113.54019928, -7.78126144 ], [ 113.53997803, -7.78120232 ], [ 113.5396347, -7.78118467 ], [ 113.5391922, -7.78104687 ], [ 113.53900909, -7.78089762 ], [ 113.53881073, -7.78078842 ], [ 113.53868866, -7.7808094 ], [ 113.53845215, -7.78083086 ], [ 113.53826904, -7.78087187 ], [ 113.53804779, -7.7808733 ], [ 113.53796387, -7.78080368 ], [ 113.53781128, -7.78076458 ], [ 113.53760529, -7.78080559 ], [ 113.5374527, -7.7808466 ], [ 113.53738403, -7.78113794 ], [ 113.537323, -7.7814188 ], [ 113.53733063, -7.78170967 ], [ 113.53730774, -7.78199053 ], [ 113.53713989, -7.78199148 ], [ 113.53701782, -7.78201199 ], [ 113.53688812, -7.78209305 ], [ 113.53657532, -7.78209496 ], [ 113.53635406, -7.78204632 ], [ 113.53627014, -7.78203011 ], [ 113.53622437, -7.78189993 ], [ 113.53610992, -7.78157997 ], [ 113.53611755, -7.78066015 ], [ 113.53613281, -7.7801919 ], [ 113.53562927, -7.7801404 ], [ 113.53456116, -7.78002977 ], [ 113.53309631, -7.77980995 ], [ 113.53072357, -7.77943993 ], [ 113.53039551, -7.77937222 ], [ 113.52780914, -7.77883053 ], [ 113.52751923, -7.77876997 ], [ 113.52774048, -7.77791977 ], [ 113.5279541, -7.776227 ], [ 113.52805328, -7.77546978 ], [ 113.52588654, -7.7751441 ], [ 113.52565765, -7.77510977 ], [ 113.5250473, -7.77503014 ], [ 113.52500153, -7.77495003 ], [ 113.52320862, -7.77238989 ], [ 113.52290344, -7.77202988 ], [ 113.51895905, -7.76751995 ], [ 113.51898193, -7.76738977 ], [ 113.51896667, -7.76719999 ], [ 113.51891327, -7.76706982 ], [ 113.51828003, -7.76601982 ], [ 113.51818848, -7.76562977 ], [ 113.51820374, -7.76537991 ], [ 113.51818085, -7.76522017 ], [ 113.51808167, -7.76514006 ], [ 113.51798248, -7.76502991 ], [ 113.51779938, -7.76485014 ], [ 113.51731873, -7.76444006 ], [ 113.51725769, -7.76429987 ], [ 113.51721954, -7.76395988 ], [ 113.51714325, -7.76383018 ], [ 113.51708221, -7.76374245 ], [ 113.51702118, -7.76365614 ], [ 113.51676941, -7.76327324 ], [ 113.51648712, -7.76284981 ], [ 113.51599884, -7.75983047 ], [ 113.51598358, -7.75970984 ], [ 113.51567841, -7.75935984 ], [ 113.51551819, -7.75907993 ], [ 113.51544952, -7.75878 ], [ 113.51531219, -7.75829983 ], [ 113.51509857, -7.75784445 ], [ 113.51503754, -7.75770998 ], [ 113.51481628, -7.75720978 ], [ 113.51467896, -7.75668001 ], [ 113.51464081, -7.75649023 ], [ 113.51450348, -7.75610018 ], [ 113.51457977, -7.75602007 ], [ 113.51473236, -7.75592995 ], [ 113.51490021, -7.75583982 ], [ 113.51537323, -7.75554991 ], [ 113.51557159, -7.7553401 ], [ 113.51570129, -7.75512981 ], [ 113.51580811, -7.75473022 ], [ 113.51590729, -7.75422001 ], [ 113.51596832, -7.75318003 ], [ 113.51596832, -7.7530899 ], [ 113.51596832, -7.75299501 ], [ 113.51596832, -7.75272989 ], [ 113.51609802, -7.75257015 ], [ 113.51629639, -7.75242996 ], [ 113.51661682, -7.75228977 ], [ 113.51705933, -7.75212002 ], [ 113.51725769, -7.75194979 ], [ 113.51730347, -7.7518301 ], [ 113.51725769, -7.75165987 ], [ 113.51714325, -7.7514801 ], [ 113.51686096, -7.75119019 ], [ 113.51667023, -7.75108004 ], [ 113.51629639, -7.75096989 ], [ 113.5160675, -7.75100994 ], [ 113.51548767, -7.75112009 ], [ 113.51534271, -7.75102997 ], [ 113.51524353, -7.75087976 ], [ 113.51522064, -7.75075006 ], [ 113.51511383, -7.75075197 ], [ 113.51509094, -7.75055027 ], [ 113.51509094, -7.75038958 ], [ 113.51511383, -7.75019503 ], [ 113.51515961, -7.74995995 ], [ 113.51524353, -7.74975157 ], [ 113.51540375, -7.74955606 ], [ 113.51552582, -7.74942827 ], [ 113.51574707, -7.7492795 ], [ 113.51600647, -7.74919748 ], [ 113.51636505, -7.74920082 ], [ 113.5164566, -7.74917984 ], [ 113.51661682, -7.74908018 ], [ 113.51680756, -7.74889994 ], [ 113.51698303, -7.74861717 ], [ 113.51703644, -7.74837017 ], [ 113.51701355, -7.7481699 ], [ 113.51689148, -7.7479744 ], [ 113.51668549, -7.74767303 ], [ 113.51621246, -7.74702835 ], [ 113.5160675, -7.74672651 ], [ 113.51599884, -7.74630642 ], [ 113.51595306, -7.74589491 ], [ 113.51605225, -7.74554539 ], [ 113.51625061, -7.74534225 ], [ 113.51639557, -7.74534655 ], [ 113.51649475, -7.74534941 ], [ 113.51662445, -7.74541998 ], [ 113.51679993, -7.74554491 ], [ 113.51711273, -7.7457366 ], [ 113.51740265, -7.74583578 ], [ 113.51759338, -7.74589348 ], [ 113.5177536, -7.74586296 ], [ 113.51786041, -7.74582005 ], [ 113.51816559, -7.74575949 ], [ 113.51843262, -7.74567413 ], [ 113.51865387, -7.74555063 ], [ 113.5187149, -7.74544954 ], [ 113.5187149, -7.74535275 ], [ 113.51867676, -7.74528599 ], [ 113.51863861, -7.74517679 ], [ 113.51863861, -7.74502134 ], [ 113.5187912, -7.74487734 ], [ 113.51889801, -7.74479675 ], [ 113.51896667, -7.74471664 ], [ 113.51895142, -7.74453688 ], [ 113.51902771, -7.74456167 ], [ 113.51921844, -7.74453974 ], [ 113.51930237, -7.74447584 ], [ 113.51940918, -7.74449635 ], [ 113.51955414, -7.74457932 ], [ 113.5197525, -7.74457836 ], [ 113.51997375, -7.74451399 ], [ 113.51984406, -7.74427319 ], [ 113.51957703, -7.74371862 ], [ 113.51935577, -7.74333143 ], [ 113.51905823, -7.74280834 ], [ 113.51898956, -7.74256277 ], [ 113.51889801, -7.74244165 ], [ 113.51857758, -7.74204445 ], [ 113.51852417, -7.74196672 ], [ 113.51835632, -7.74174166 ], [ 113.51834869, -7.74161577 ], [ 113.51817322, -7.74131203 ], [ 113.51800537, -7.7409668 ], [ 113.51785278, -7.74065256 ], [ 113.51771545, -7.74035931 ], [ 113.51750183, -7.7399826 ], [ 113.51748657, -7.7398572 ], [ 113.51733398, -7.73956394 ], [ 113.51719666, -7.73931265 ], [ 113.51717377, -7.73917198 ], [ 113.51709747, -7.73906136 ], [ 113.51700592, -7.73873663 ], [ 113.51695251, -7.73857594 ], [ 113.51691437, -7.7384429 ], [ 113.51685333, -7.73814964 ], [ 113.51679993, -7.73785591 ], [ 113.51676178, -7.7376461 ], [ 113.51670074, -7.73731041 ], [ 113.51667786, -7.73700619 ], [ 113.51663208, -7.73641872 ], [ 113.51661682, -7.73589373 ], [ 113.51660156, -7.73548412 ], [ 113.51660919, -7.73505402 ], [ 113.51665497, -7.73465443 ], [ 113.51668549, -7.73432589 ], [ 113.51673126, -7.734056 ], [ 113.5167923, -7.73369837 ], [ 113.5168457, -7.73338318 ], [ 113.51686096, -7.7330575 ], [ 113.51690674, -7.73279476 ], [ 113.51695251, -7.73242712 ], [ 113.51702118, -7.73209572 ], [ 113.51745605, -7.73217058 ], [ 113.51753998, -7.73202276 ], [ 113.51761627, -7.73183537 ], [ 113.51768494, -7.73166513 ], [ 113.51776886, -7.73151159 ], [ 113.51782227, -7.73143768 ], [ 113.51790619, -7.73138046 ], [ 113.518013, -7.73128939 ], [ 113.51812744, -7.73120928 ], [ 113.51819611, -7.7311182 ], [ 113.51824951, -7.73083496 ], [ 113.51830292, -7.73070049 ], [ 113.51842499, -7.73047113 ], [ 113.51826477, -7.73035288 ], [ 113.51831818, -7.73010874 ], [ 113.51837921, -7.73001909 ], [ 113.51912689, -7.73020267 ], [ 113.52032471, -7.73054838 ], [ 113.52041626, -7.73051262 ], [ 113.52033234, -7.73045015 ], [ 113.52030182, -7.7303257 ], [ 113.52028656, -7.73019695 ], [ 113.52029419, -7.73000288 ], [ 113.52031708, -7.72992849 ], [ 113.52035522, -7.72982836 ], [ 113.52037811, -7.72972393 ], [ 113.52040863, -7.72963428 ], [ 113.52039337, -7.72954988 ], [ 113.5203476, -7.72944593 ], [ 113.52041626, -7.729321 ], [ 113.52044678, -7.72922134 ], [ 113.52045441, -7.72904253 ], [ 113.52047729, -7.72895765 ], [ 113.52059937, -7.72893429 ], [ 113.52063751, -7.7290802 ], [ 113.5206604, -7.72923994 ], [ 113.52063751, -7.72942019 ], [ 113.52062225, -7.72961998 ], [ 113.52056885, -7.72989988 ], [ 113.52053833, -7.73003006 ], [ 113.52053833, -7.73039007 ], [ 113.52056122, -7.73055983 ], [ 113.52075195, -7.73060179 ], [ 113.52105713, -7.73063564 ], [ 113.52137756, -7.73068142 ], [ 113.52165222, -7.73070955 ], [ 113.5218811, -7.73073816 ], [ 113.52207184, -7.73076105 ], [ 113.52223969, -7.73077011 ], [ 113.52224731, -7.73061991 ], [ 113.52252197, -7.7306509 ], [ 113.52262878, -7.73064995 ], [ 113.52271271, -7.73065996 ], [ 113.52342224, -7.73078012 ], [ 113.52360535, -7.73079681 ], [ 113.52385712, -7.73082018 ], [ 113.5241394, -7.73083019 ], [ 113.52429962, -7.73084021 ], [ 113.52465057, -7.73084021 ], [ 113.52516937, -7.73086977 ], [ 113.52600861, -7.73117018 ], [ 113.52613068, -7.73095942 ], [ 113.52616882, -7.73106003 ], [ 113.52616882, -7.73133993 ], [ 113.52617645, -7.73163986 ], [ 113.52622986, -7.73183012 ], [ 113.52632904, -7.73200989 ], [ 113.52648163, -7.73230982 ], [ 113.52658081, -7.73247004 ], [ 113.52642822, -7.73245001 ], [ 113.52620697, -7.73243999 ], [ 113.52612305, -7.73260546 ], [ 113.52586365, -7.73312998 ], [ 113.52548981, -7.73383999 ], [ 113.52557373, -7.73543882 ], [ 113.52558136, -7.73564005 ], [ 113.52563477, -7.7361412 ], [ 113.52574921, -7.73721981 ], [ 113.52580261, -7.73732758 ], [ 113.52588654, -7.73749018 ], [ 113.52687073, -7.7375102 ], [ 113.52786255, -7.73757982 ], [ 113.52822876, -7.73760557 ], [ 113.52842712, -7.73761988 ], [ 113.52868652, -7.73762989 ], [ 113.53015137, -7.7378583 ], [ 113.5302887, -7.73804092 ], [ 113.53053284, -7.73843288 ], [ 113.5308075, -7.73888826 ], [ 113.53105927, -7.73933744 ], [ 113.53119659, -7.7393117 ], [ 113.53151703, -7.73933983 ], [ 113.53208923, -7.73929977 ], [ 113.53218079, -7.73929024 ], [ 113.53230286, -7.73928022 ], [ 113.53334808, -7.73913002 ], [ 113.53437805, -7.73915005 ], [ 113.53489685, -7.73920012 ], [ 113.53504181, -7.7391901 ], [ 113.53517914, -7.73917866 ], [ 113.53609467, -7.73910379 ], [ 113.53671265, -7.73905373 ], [ 113.5381012, -7.73893976 ], [ 113.53846741, -7.73823977 ], [ 113.53935242, -7.73800755 ], [ 113.5395813, -7.73794794 ], [ 113.53980255, -7.73788977 ], [ 113.54016113, -7.73778057 ], [ 113.5401001, -7.7372756 ], [ 113.54150391, -7.73701048 ], [ 113.54146576, -7.73661757 ], [ 113.5424881, -7.73625565 ], [ 113.54265594, -7.73619556 ], [ 113.54263306, -7.73603773 ], [ 113.5430603, -7.73598576 ], [ 113.54351807, -7.73595047 ], [ 113.5435257, -7.73587513 ], [ 113.54353333, -7.73572636 ], [ 113.54345703, -7.7355628 ], [ 113.54335022, -7.7354598 ], [ 113.54322052, -7.73526955 ], [ 113.54310608, -7.73494291 ], [ 113.54293823, -7.73487806 ], [ 113.54272461, -7.73485231 ], [ 113.54257202, -7.73477125 ], [ 113.54251099, -7.73460245 ], [ 113.54227448, -7.73440695 ], [ 113.5422287, -7.73427963 ], [ 113.54222107, -7.7342 ], [ 113.54219818, -7.73399019 ], [ 113.54216766, -7.73368979 ], [ 113.54216766, -7.73340988 ], [ 113.54219818, -7.73315001 ], [ 113.5422287, -7.73272991 ], [ 113.54221344, -7.73216009 ], [ 113.542099, -7.73157978 ], [ 113.54192352, -7.73143005 ], [ 113.5417099, -7.7311902 ], [ 113.54154968, -7.73087788 ], [ 113.54158783, -7.73073006 ], [ 113.54174042, -7.73015022 ], [ 113.54167175, -7.73008013 ], [ 113.54152679, -7.73004007 ], [ 113.54123688, -7.72993088 ], [ 113.5411911, -7.72985983 ], [ 113.5411911, -7.72967005 ], [ 113.54125977, -7.72954988 ], [ 113.54141235, -7.72927999 ], [ 113.54134369, -7.72912979 ], [ 113.54116058, -7.72888994 ], [ 113.54068756, -7.72881985 ], [ 113.54046631, -7.72876978 ], [ 113.54042816, -7.72867012 ], [ 113.54044342, -7.72830009 ], [ 113.54045105, -7.72805023 ], [ 113.54045105, -7.72789001 ], [ 113.54045105, -7.7276001 ], [ 113.5404129, -7.72745466 ], [ 113.54038239, -7.72735023 ], [ 113.54031372, -7.72724009 ], [ 113.54017639, -7.7269001 ], [ 113.54026794, -7.72651005 ], [ 113.54035187, -7.72649002 ], [ 113.54048157, -7.72654009 ], [ 113.54103088, -7.72677994 ], [ 113.54109955, -7.72669983 ], [ 113.54113007, -7.7265501 ], [ 113.54109955, -7.72638988 ], [ 113.54100037, -7.72618008 ], [ 113.54096985, -7.72600985 ], [ 113.541008, -7.72589016 ], [ 113.54116821, -7.7256999 ], [ 113.54132843, -7.72559023 ], [ 113.54160309, -7.72539997 ], [ 113.54174042, -7.72521019 ], [ 113.54183197, -7.72503138 ], [ 113.54190826, -7.72497988 ], [ 113.54252625, -7.72469997 ], [ 113.54290771, -7.72463989 ], [ 113.54306793, -7.72445011 ], [ 113.54312897, -7.72428989 ], [ 113.54315186, -7.72400999 ], [ 113.54321289, -7.72394991 ], [ 113.54334259, -7.7239399 ], [ 113.54353333, -7.72388983 ], [ 113.54360962, -7.72377014 ], [ 113.54367065, -7.72355986 ], [ 113.54376984, -7.72287989 ], [ 113.54389954, -7.72278023 ], [ 113.5440979, -7.72292995 ], [ 113.54429626, -7.72318983 ], [ 113.54447937, -7.72337008 ], [ 113.54456329, -7.72335005 ], [ 113.54463196, -7.72326994 ], [ 113.54464722, -7.72313023 ], [ 113.54470825, -7.72293997 ], [ 113.5447998, -7.72283983 ], [ 113.54506683, -7.72261 ], [ 113.54512024, -7.72247982 ], [ 113.54508209, -7.72236013 ], [ 113.54496002, -7.72204018 ], [ 113.54499054, -7.72186995 ], [ 113.54506683, -7.7217598 ], [ 113.54517365, -7.72173977 ], [ 113.54535675, -7.72177982 ], [ 113.54572296, -7.72186136 ], [ 113.54566956, -7.72199678 ], [ 113.54573822, -7.72217894 ], [ 113.54562378, -7.72234535 ], [ 113.54562378, -7.7225771 ], [ 113.54549408, -7.72281027 ], [ 113.5453949, -7.72307587 ], [ 113.5454483, -7.72335768 ], [ 113.5454483, -7.7236228 ], [ 113.54562378, -7.723773 ], [ 113.54574585, -7.7239027 ], [ 113.54573059, -7.72408533 ], [ 113.54563141, -7.72418499 ], [ 113.54555511, -7.72442913 ], [ 113.5454483, -7.72470331 ], [ 113.54553223, -7.72490788 ], [ 113.54579163, -7.72507 ], [ 113.54587555, -7.72534323 ], [ 113.54581451, -7.7254324 ], [ 113.54573822, -7.72552729 ], [ 113.54549408, -7.72569466 ], [ 113.54545593, -7.72587872 ], [ 113.54547882, -7.72609234 ], [ 113.54547119, -7.72630215 ], [ 113.54537964, -7.72660685 ], [ 113.54520416, -7.72715473 ], [ 113.54510498, -7.72742081 ], [ 113.54510498, -7.72766924 ], [ 113.5451889, -7.72801685 ], [ 113.54532623, -7.72818184 ], [ 113.54535675, -7.72843027 ], [ 113.5453949, -7.72862911 ], [ 113.54550934, -7.72871113 ], [ 113.54573059, -7.7287097 ], [ 113.54602814, -7.72885752 ], [ 113.54632568, -7.72895479 ], [ 113.54639435, -7.72905397 ], [ 113.54627991, -7.72936964 ], [ 113.54621124, -7.72948885 ], [ 113.54647064, -7.72967005 ], [ 113.54627991, -7.72984982 ], [ 113.54602814, -7.73002005 ], [ 113.54592133, -7.73015022 ], [ 113.54589844, -7.7304101 ], [ 113.54592133, -7.73060989 ], [ 113.54608154, -7.73082018 ], [ 113.5461731, -7.73091984 ], [ 113.54614258, -7.7311101 ], [ 113.5462265, -7.73153019 ], [ 113.54625702, -7.7316699 ], [ 113.54615784, -7.73190022 ], [ 113.54608154, -7.73205996 ], [ 113.54605103, -7.73226023 ], [ 113.5460968, -7.73247004 ], [ 113.54649353, -7.73295021 ], [ 113.54679108, -7.7332902 ], [ 113.54694366, -7.7335701 ], [ 113.54727936, -7.73386002 ], [ 113.54740906, -7.73398018 ], [ 113.54750061, -7.73415995 ], [ 113.54736328, -7.73464012 ], [ 113.54733276, -7.73477983 ], [ 113.54737091, -7.73496008 ], [ 113.54747772, -7.73509979 ], [ 113.54794312, -7.73547363 ], [ 113.54811859, -7.73549366 ], [ 113.5484848, -7.73551607 ], [ 113.54968262, -7.73553419 ], [ 113.54997253, -7.73558235 ], [ 113.55007172, -7.73566914 ], [ 113.55012512, -7.7362051 ], [ 113.55023193, -7.73686552 ], [ 113.55032349, -7.73726416 ], [ 113.55040741, -7.73741341 ], [ 113.55058289, -7.73740005 ], [ 113.55065918, -7.73742437 ], [ 113.55079651, -7.73747349 ], [ 113.55084991, -7.73759794 ], [ 113.55092621, -7.73778486 ], [ 113.55104065, -7.73780918 ], [ 113.55131531, -7.73791981 ], [ 113.55151367, -7.73818064 ], [ 113.55162048, -7.73850441 ], [ 113.55171967, -7.73942661 ], [ 113.55175018, -7.74036217 ], [ 113.55183411, -7.74071121 ], [ 113.55193329, -7.74086857 ], [ 113.55217743, -7.7410202 ], [ 113.55230713, -7.74107981 ], [ 113.55278778, -7.74131012 ], [ 113.55313873, -7.74140978 ], [ 113.55328369, -7.74141979 ], [ 113.55339813, -7.7413702 ], [ 113.55362701, -7.74073982 ], [ 113.55365753, -7.74063015 ], [ 113.55404663, -7.74085999 ], [ 113.55431366, -7.74103022 ], [ 113.55445862, -7.74119997 ], [ 113.55461884, -7.74152994 ], [ 113.55474854, -7.74201012 ], [ 113.55477905, -7.74232006 ], [ 113.55480194, -7.74246979 ], [ 113.55522919, -7.74280977 ], [ 113.55555725, -7.74301004 ], [ 113.55612183, -7.74320984 ], [ 113.55628204, -7.74323988 ], [ 113.556427, -7.74319983 ], [ 113.55682373, -7.74268007 ], [ 113.55687714, -7.74260998 ], [ 113.55709076, -7.74263 ], [ 113.55738068, -7.74272013 ], [ 113.55808258, -7.74301004 ], [ 113.55883026, -7.74318981 ], [ 113.55893707, -7.74322987 ], [ 113.55976105, -7.74322987 ], [ 113.56075287, -7.74327993 ], [ 113.56188965, -7.74328995 ], [ 113.56256104, -7.74328995 ], [ 113.56336212, -7.74338007 ], [ 113.5650177, -7.74377012 ], [ 113.56606293, -7.7438798 ], [ 113.56658936, -7.74392986 ], [ 113.56671143, -7.74393988 ], [ 113.56806183, -7.74403 ], [ 113.56939697, -7.74412012 ], [ 113.57045746, -7.74428988 ], [ 113.57128906, -7.74439001 ], [ 113.57324219, -7.74438858 ], [ 113.57370758, -7.7452774 ], [ 113.57422638, -7.74601316 ], [ 113.57463074, -7.74679184 ], [ 113.57509613, -7.74768686 ], [ 113.57550812, -7.74832678 ], [ 113.57577515, -7.74896097 ], [ 113.57598877, -7.74950981 ], [ 113.57623291, -7.75 ], [ 113.57639313, -7.75619555 ], [ 113.57752991, -7.75700521 ], [ 113.57956696, -7.75793934 ], [ 113.5827179, -7.75944376 ], [ 113.58524323, -7.76065302 ], [ 113.58591461, -7.76097202 ], [ 113.58633423, -7.761199 ], [ 113.58692169, -7.76157856 ], [ 113.5877533, -7.76200867 ], [ 113.58830261, -7.76226759 ], [ 113.58844757, -7.76234007 ], [ 113.58893585, -7.76262426 ], [ 113.58921051, -7.76280928 ], [ 113.5894928, -7.76306725 ], [ 113.5896225, -7.76318884 ], [ 113.58985138, -7.76333809 ], [ 113.590271, -7.76347446 ], [ 113.59038544, -7.76349926 ], [ 113.59049225, -7.76353836 ], [ 113.59083557, -7.76382828 ], [ 113.59117126, -7.76410818 ], [ 113.59130096, -7.76422644 ], [ 113.59155273, -7.76447487 ], [ 113.59183502, -7.76466608 ], [ 113.59204865, -7.76480913 ], [ 113.59234619, -7.76511192 ], [ 113.59247589, -7.76526928 ], [ 113.59276581, -7.76554155 ], [ 113.59284973, -7.76561069 ], [ 113.59297943, -7.76572514 ], [ 113.59309387, -7.76583433 ], [ 113.59326935, -7.76603603 ], [ 113.5933609, -7.76618385 ], [ 113.59346771, -7.76641273 ], [ 113.59365845, -7.76679516 ], [ 113.59369659, -7.76686478 ], [ 113.59388733, -7.76722717 ], [ 113.5940094, -7.76739645 ], [ 113.59414673, -7.76759338 ], [ 113.59442139, -7.76791191 ], [ 113.59468842, -7.76824999 ], [ 113.59481049, -7.76843023 ], [ 113.59487152, -7.76851225 ], [ 113.5951004, -7.76885414 ], [ 113.5953064, -7.76914597 ], [ 113.59545898, -7.76928186 ], [ 113.59571075, -7.76945448 ], [ 113.59579468, -7.76951027 ], [ 113.59630585, -7.76974916 ], [ 113.59637451, -7.76977825 ], [ 113.59656525, -7.76984119 ], [ 113.59712982, -7.77008104 ], [ 113.59750366, -7.7703166 ], [ 113.59783173, -7.77053308 ], [ 113.59823608, -7.77085114 ], [ 113.59841156, -7.77104282 ], [ 113.59848022, -7.77114964 ], [ 113.59877777, -7.77176952 ], [ 113.59882355, -7.77187347 ], [ 113.59896851, -7.77253866 ], [ 113.59899139, -7.77269793 ], [ 113.59905243, -7.77290201 ], [ 113.59914398, -7.77312756 ], [ 113.59922028, -7.77331829 ], [ 113.59931946, -7.77357006 ], [ 113.59941101, -7.77371311 ], [ 113.5995636, -7.77393913 ], [ 113.59978485, -7.77420807 ], [ 113.5999527, -7.77443075 ], [ 113.60010529, -7.77462196 ], [ 113.60025787, -7.77479982 ], [ 113.60038757, -7.77494574 ], [ 113.60057831, -7.77514982 ], [ 113.60070801, -7.77531004 ], [ 113.6006546, -7.77549696 ], [ 113.60064697, -7.77557373 ], [ 113.60062408, -7.77581501 ], [ 113.60057831, -7.77610731 ], [ 113.60055542, -7.77626324 ], [ 113.60053253, -7.77639341 ], [ 113.60050201, -7.776546 ], [ 113.60049438, -7.77670193 ], [ 113.60049438, -7.77678013 ], [ 113.60063171, -7.77701378 ], [ 113.60084534, -7.77725983 ], [ 113.60116577, -7.77766752 ], [ 113.60142517, -7.77814484 ], [ 113.60153961, -7.77846003 ], [ 113.60163879, -7.7789588 ], [ 113.60176086, -7.77955818 ], [ 113.60188293, -7.77988529 ], [ 113.6019516, -7.78008842 ], [ 113.60206604, -7.78024721 ], [ 113.60218811, -7.78038073 ], [ 113.60222626, -7.78048563 ], [ 113.60233307, -7.78083515 ], [ 113.60242462, -7.78111696 ], [ 113.60256195, -7.78151989 ], [ 113.60266113, -7.78187037 ], [ 113.60269928, -7.78237057 ], [ 113.6027832, -7.7827177 ], [ 113.60282135, -7.78284216 ], [ 113.60286713, -7.78305769 ], [ 113.6028595, -7.78317833 ], [ 113.60269928, -7.78333855 ], [ 113.60240173, -7.78351641 ], [ 113.60223389, -7.78366852 ], [ 113.60208893, -7.78389025 ], [ 113.60197449, -7.78407383 ], [ 113.60186005, -7.78423309 ], [ 113.60170746, -7.78452206 ], [ 113.60158539, -7.78479958 ], [ 113.60154724, -7.78502989 ], [ 113.60154724, -7.78510714 ], [ 113.60159302, -7.78529263 ], [ 113.60163116, -7.78539753 ], [ 113.60171509, -7.78551531 ], [ 113.60190582, -7.78579807 ], [ 113.60196686, -7.78590536 ], [ 113.6020813, -7.78618288 ], [ 113.60214233, -7.78644466 ], [ 113.60217285, -7.78702593 ], [ 113.60223389, -7.78733397 ], [ 113.60227966, -7.78758287 ], [ 113.60224152, -7.78789806 ], [ 113.60211182, -7.78820038 ], [ 113.60185242, -7.78861666 ], [ 113.60178375, -7.78875542 ], [ 113.60177612, -7.78889322 ], [ 113.60184479, -7.78907967 ], [ 113.60204315, -7.78929663 ], [ 113.60231781, -7.78954697 ], [ 113.60251617, -7.78978872 ], [ 113.60264587, -7.79015732 ], [ 113.60275269, -7.79044104 ], [ 113.60279083, -7.79052162 ], [ 113.60292053, -7.7907095 ], [ 113.60300446, -7.79081345 ], [ 113.60313416, -7.79103041 ], [ 113.60318756, -7.79117966 ], [ 113.60317993, -7.79131842 ], [ 113.60302734, -7.79177189 ], [ 113.60292816, -7.7921648 ], [ 113.60289001, -7.79258251 ], [ 113.60295105, -7.79298544 ], [ 113.60327148, -7.79379606 ], [ 113.60338593, -7.79402637 ], [ 113.60351563, -7.79421425 ], [ 113.60363007, -7.79439878 ], [ 113.6037674, -7.79469967 ], [ 113.60379791, -7.79477501 ], [ 113.60391998, -7.79527092 ], [ 113.60401917, -7.79597092 ], [ 113.60413361, -7.7963686 ], [ 113.60419464, -7.79654503 ], [ 113.60427856, -7.79694414 ], [ 113.60428619, -7.79719305 ], [ 113.60416412, -7.79771423 ], [ 113.60413361, -7.7977972 ], [ 113.60411072, -7.79790306 ], [ 113.60405731, -7.79813957 ], [ 113.60362244, -7.79824018 ], [ 113.60308075, -7.79841995 ], [ 113.60279846, -7.79847002 ], [ 113.60272217, -7.79842997 ], [ 113.60253906, -7.79858017 ], [ 113.60234833, -7.79864979 ], [ 113.60218811, -7.79862022 ], [ 113.60199738, -7.7985301 ], [ 113.60191345, -7.79849005 ], [ 113.60179138, -7.79842997 ], [ 113.60163116, -7.79834986 ], [ 113.60150909, -7.79828978 ], [ 113.60144043, -7.79826021 ], [ 113.60112, -7.7981801 ], [ 113.60092163, -7.79816008 ], [ 113.60073853, -7.79816008 ], [ 113.60050201, -7.7981801 ], [ 113.60025787, -7.79815006 ], [ 113.6000824, -7.79805994 ], [ 113.59954071, -7.79761982 ], [ 113.59916687, -7.79738998 ], [ 113.59880829, -7.79728985 ], [ 113.59848785, -7.79725981 ], [ 113.59796143, -7.79728985 ], [ 113.59754944, -7.79728985 ], [ 113.59734344, -7.79727983 ], [ 113.59696198, -7.79727983 ], [ 113.59649658, -7.79726982 ], [ 113.59631348, -7.79726982 ], [ 113.59619141, -7.79727983 ], [ 113.59603119, -7.79729986 ], [ 113.5958786, -7.79731989 ], [ 113.59557343, -7.79730988 ], [ 113.5951767, -7.79719019 ], [ 113.59499359, -7.79707623 ], [ 113.594841, -7.79694986 ], [ 113.59441376, -7.79655981 ], [ 113.59429932, -7.79632998 ], [ 113.59420776, -7.79606009 ], [ 113.59410095, -7.79574013 ], [ 113.59349823, -7.79567003 ], [ 113.59314728, -7.79560995 ], [ 113.59293365, -7.79559994 ], [ 113.592659, -7.7955699 ], [ 113.5925293, -7.79554987 ], [ 113.59230042, -7.79547977 ], [ 113.59217834, -7.79541826 ], [ 113.59197998, -7.79532003 ], [ 113.59172058, -7.79520988 ], [ 113.59156799, -7.79515982 ], [ 113.59146118, -7.79508018 ], [ 113.59134674, -7.79492998 ], [ 113.59114838, -7.79465008 ], [ 113.5909729, -7.79447985 ], [ 113.59088135, -7.79441977 ], [ 113.59059143, -7.79429007 ], [ 113.59024811, -7.7941699 ], [ 113.59013367, -7.79410982 ], [ 113.58994293, -7.79402018 ], [ 113.58963013, -7.79386997 ], [ 113.58934784, -7.79377985 ], [ 113.58918762, -7.79371977 ], [ 113.58907318, -7.79364014 ], [ 113.58896637, -7.79346991 ], [ 113.58889771, -7.79327011 ], [ 113.58888245, -7.79316998 ], [ 113.58879852, -7.79295015 ], [ 113.58876801, -7.79287004 ], [ 113.58862305, -7.79252005 ], [ 113.58847046, -7.79217005 ], [ 113.58837891, -7.79195023 ], [ 113.58830261, -7.79183006 ], [ 113.58811951, -7.79167986 ], [ 113.58782196, -7.79152012 ], [ 113.58766937, -7.79145002 ], [ 113.58721161, -7.79121017 ], [ 113.58704376, -7.79114008 ], [ 113.58683014, -7.79105997 ], [ 113.58670044, -7.79101229 ], [ 113.58657837, -7.79096985 ], [ 113.58634186, -7.79091978 ], [ 113.58596802, -7.79101992 ], [ 113.58582306, -7.79102993 ], [ 113.58570862, -7.7910099 ], [ 113.58542633, -7.79092979 ], [ 113.58515167, -7.79086018 ], [ 113.58486938, -7.79077005 ], [ 113.58448029, -7.79061985 ], [ 113.58441162, -7.79058981 ], [ 113.58413696, -7.79042006 ], [ 113.5840683, -7.79039001 ], [ 113.58396149, -7.79032993 ], [ 113.58365631, -7.79026985 ], [ 113.58322906, -7.79014015 ], [ 113.58315277, -7.79011011 ], [ 113.58286285, -7.79001999 ], [ 113.58265686, -7.78993988 ], [ 113.58249664, -7.78980017 ], [ 113.58242798, -7.78972006 ], [ 113.58222198, -7.78949022 ], [ 113.58197784, -7.78933001 ], [ 113.5818634, -7.7892499 ], [ 113.58177185, -7.78916979 ], [ 113.58168793, -7.78902006 ], [ 113.58161163, -7.78888988 ], [ 113.58126068, -7.78855991 ], [ 113.58109283, -7.78849983 ], [ 113.58087158, -7.78848982 ], [ 113.58069611, -7.78850555 ], [ 113.58032227, -7.78853989 ], [ 113.57994843, -7.78857994 ], [ 113.57965088, -7.78852987 ], [ 113.57933044, -7.78837013 ], [ 113.57911682, -7.78820992 ], [ 113.57904053, -7.78813982 ], [ 113.57858276, -7.78776979 ], [ 113.57834625, -7.78769016 ], [ 113.57810974, -7.78768015 ], [ 113.5776062, -7.7876606 ], [ 113.57711792, -7.78767014 ], [ 113.57662201, -7.78759003 ], [ 113.57620239, -7.78753996 ], [ 113.57594299, -7.78742981 ], [ 113.57559204, -7.78720999 ], [ 113.5753479, -7.78697014 ], [ 113.57476807, -7.78750992 ], [ 113.57463074, -7.78763008 ], [ 113.57289124, -7.7892499 ], [ 113.57263947, -7.78946018 ], [ 113.57232666, -7.78939009 ], [ 113.57208252, -7.78931999 ], [ 113.57192993, -7.78915977 ], [ 113.5717926, -7.78906012 ], [ 113.57161713, -7.7890501 ], [ 113.57125854, -7.78898001 ], [ 113.57073212, -7.78888988 ], [ 113.57054901, -7.78893995 ], [ 113.57025146, -7.78900003 ], [ 113.57003021, -7.78890991 ], [ 113.56906891, -7.78838015 ], [ 113.56896973, -7.78827 ], [ 113.56890869, -7.78816986 ], [ 113.56880188, -7.78809023 ], [ 113.56835938, -7.78777981 ], [ 113.56816864, -7.78767014 ], [ 113.56806183, -7.78768015 ], [ 113.56777954, -7.78771019 ], [ 113.56745148, -7.78766012 ], [ 113.56723022, -7.78753996 ], [ 113.56661224, -7.78718996 ], [ 113.56606293, -7.78703022 ], [ 113.56581879, -7.78689003 ], [ 113.56537628, -7.78655005 ], [ 113.56513977, -7.7863102 ], [ 113.56481171, -7.78588009 ], [ 113.5646286, -7.78568983 ], [ 113.5644989, -7.78563023 ], [ 113.56401062, -7.78557014 ], [ 113.56384277, -7.78552008 ], [ 113.56359863, -7.78542995 ], [ 113.56350708, -7.78539991 ], [ 113.5627594, -7.78511 ], [ 113.56266785, -7.78505993 ], [ 113.56240845, -7.78487015 ], [ 113.56204224, -7.78409004 ], [ 113.56047058, -7.78460979 ], [ 113.56038666, -7.7846365 ], [ 113.55996704, -7.78477001 ], [ 113.55924988, -7.78500986 ], [ 113.55898285, -7.78508997 ], [ 113.55890656, -7.7851181 ] ] ] ] } },
{ "type": "Feature", "properties": { "GID_0": "IDN", "NAME_0": "Indonesia", "GID_1": "IDN.11_1", "NAME_1": "Jawa Timur", "NL_NAME_1": null, "GID_2": "IDN.11.30_1", "NAME_2": "Probolinggo", "NL_NAME_2": null, "GID_3": "IDN.11.30.8_1", "NAME_3": "Kraksaan", "VARNAME_3": null, "NL_NAME_3": null, "TYPE_3": "Kecamatan", "ENGTYPE_3": "Sub-district", "CC_3": "3513150", "HASC_3": null }, "geometry": { "type": "MultiPolygon", "coordinates": [ [ [ [ 113.42865753, -7.77354002 ], [ 113.42874146, -7.77323008 ], [ 113.42861176, -7.77320099 ], [ 113.42841339, -7.77316999 ], [ 113.4281311, -7.77316999 ], [ 113.42771149, -7.77320004 ], [ 113.42711639, -7.77334023 ], [ 113.42693329, -7.77336979 ], [ 113.42649078, -7.77341986 ], [ 113.42635345, -7.77344561 ], [ 113.42555237, -7.7736001 ], [ 113.42471313, -7.77370977 ], [ 113.42391205, -7.77386999 ], [ 113.42346954, -7.77403212 ], [ 113.42339325, -7.77405977 ], [ 113.42259216, -7.77489996 ], [ 113.42234802, -7.77514267 ], [ 113.42227173, -7.77521992 ], [ 113.42192841, -7.77553988 ], [ 113.42092896, -7.77654982 ], [ 113.42008972, -7.77739 ], [ 113.41905212, -7.77844 ], [ 113.41803741, -7.77950001 ], [ 113.41766357, -7.77987003 ], [ 113.41732025, -7.7802 ], [ 113.41649628, -7.78105021 ], [ 113.41589355, -7.78094006 ], [ 113.41581726, -7.78093481 ], [ 113.41545868, -7.78091002 ], [ 113.41506195, -7.78072977 ], [ 113.41471863, -7.78053999 ], [ 113.4145813, -7.78045988 ], [ 113.41426849, -7.78022003 ], [ 113.41404724, -7.78002882 ], [ 113.4139328, -7.77993011 ], [ 113.41349792, -7.77961016 ], [ 113.41325378, -7.77946997 ], [ 113.41294861, -7.7794199 ], [ 113.41269684, -7.77939987 ], [ 113.41242218, -7.77940989 ], [ 113.412323, -7.77944994 ], [ 113.41223145, -7.77959013 ], [ 113.41208649, -7.77993011 ], [ 113.41181183, -7.78060007 ], [ 113.41162872, -7.78099012 ], [ 113.41152191, -7.78122902 ], [ 113.41143036, -7.78142977 ], [ 113.41130829, -7.78167915 ], [ 113.41104126, -7.78223991 ], [ 113.4108429, -7.78270006 ], [ 113.41079712, -7.78289986 ], [ 113.41075897, -7.78318024 ], [ 113.41062164, -7.78392982 ], [ 113.41056824, -7.78452015 ], [ 113.4105835, -7.78496981 ], [ 113.41053009, -7.78522015 ], [ 113.41031647, -7.78543997 ], [ 113.41007233, -7.78564978 ], [ 113.40968323, -7.78582001 ], [ 113.40927887, -7.78597021 ], [ 113.40904999, -7.78599024 ], [ 113.40892792, -7.78600979 ], [ 113.40886688, -7.7858901 ], [ 113.40875244, -7.78567982 ], [ 113.40844727, -7.78509998 ], [ 113.40808105, -7.78429985 ], [ 113.40772247, -7.78349018 ], [ 113.40751648, -7.78290987 ], [ 113.40737915, -7.78247023 ], [ 113.40721893, -7.78198004 ], [ 113.4072113, -7.78185987 ], [ 113.40724945, -7.78178978 ], [ 113.40731812, -7.78176022 ], [ 113.40746307, -7.78169012 ], [ 113.40775299, -7.78157997 ], [ 113.40805817, -7.78147984 ], [ 113.40836334, -7.78136015 ], [ 113.40852356, -7.78130007 ], [ 113.40859985, -7.78127003 ], [ 113.40885162, -7.7810998 ], [ 113.40911102, -7.78087997 ], [ 113.4093399, -7.78049994 ], [ 113.40950775, -7.78013992 ], [ 113.40953827, -7.77993011 ], [ 113.40988159, -7.7792902 ], [ 113.41004181, -7.77884007 ], [ 113.41007996, -7.77868986 ], [ 113.41017914, -7.77847004 ], [ 113.41026306, -7.7782979 ], [ 113.41033173, -7.77815008 ], [ 113.41030121, -7.77776003 ], [ 113.41024017, -7.77735996 ], [ 113.41010284, -7.77705002 ], [ 113.40962219, -7.7767601 ], [ 113.40914917, -7.77658987 ], [ 113.40849304, -7.77645016 ], [ 113.4079895, -7.77635002 ], [ 113.40743256, -7.7760601 ], [ 113.40712738, -7.77576017 ], [ 113.4069519, -7.77537012 ], [ 113.40650177, -7.77476978 ], [ 113.40635681, -7.77464008 ], [ 113.40613556, -7.77442741 ], [ 113.40605164, -7.77435017 ], [ 113.40599823, -7.77391005 ], [ 113.40596771, -7.77358198 ], [ 113.40593719, -7.77334976 ], [ 113.40592194, -7.7730298 ], [ 113.4059906, -7.77285004 ], [ 113.40611267, -7.77264977 ], [ 113.40619659, -7.77253008 ], [ 113.40654755, -7.77223015 ], [ 113.40693665, -7.77185011 ], [ 113.40727997, -7.77187014 ], [ 113.40760803, -7.77096987 ], [ 113.40738678, -7.77080011 ], [ 113.40747833, -7.77057981 ], [ 113.40791321, -7.76949978 ], [ 113.40853882, -7.76960993 ], [ 113.40860748, -7.76933002 ], [ 113.40828705, -7.76914978 ], [ 113.40843964, -7.76748991 ], [ 113.40878296, -7.76756001 ], [ 113.40876007, -7.76725006 ], [ 113.40876007, -7.76714373 ], [ 113.40881348, -7.76675987 ], [ 113.40885162, -7.76654005 ], [ 113.40850067, -7.7665 ], [ 113.40811157, -7.7664299 ], [ 113.40756226, -7.76643991 ], [ 113.40705872, -7.76641989 ], [ 113.40696716, -7.7664299 ], [ 113.40647125, -7.76645994 ], [ 113.40633392, -7.76650238 ], [ 113.40589905, -7.76664019 ], [ 113.40572357, -7.7667098 ], [ 113.40548706, -7.76680994 ], [ 113.40535736, -7.76686001 ], [ 113.40500641, -7.76703215 ], [ 113.40485382, -7.7671051 ], [ 113.40473938, -7.76715994 ], [ 113.40381622, -7.76769018 ], [ 113.402771, -7.76837015 ], [ 113.40202332, -7.76884985 ], [ 113.40155792, -7.76927996 ], [ 113.40110779, -7.76975012 ], [ 113.40067291, -7.77043009 ], [ 113.40019226, -7.77107 ], [ 113.40013885, -7.77112007 ], [ 113.3996582, -7.77172995 ], [ 113.39923096, -7.77225018 ], [ 113.39916229, -7.77232981 ], [ 113.39914703, -7.77256012 ], [ 113.3990097, -7.7730298 ], [ 113.3989563, -7.77318001 ], [ 113.39900208, -7.77361012 ], [ 113.39901733, -7.77378988 ], [ 113.39904022, -7.77390003 ], [ 113.39904785, -7.77400017 ], [ 113.39906311, -7.77408981 ], [ 113.3990097, -7.77419662 ], [ 113.39906311, -7.77455997 ], [ 113.39917755, -7.77495003 ], [ 113.39929962, -7.77553988 ], [ 113.39929962, -7.77598 ], [ 113.39929962, -7.77610016 ], [ 113.3992691, -7.77724981 ], [ 113.39926147, -7.77732992 ], [ 113.39923859, -7.77752018 ], [ 113.39910889, -7.77847004 ], [ 113.39878082, -7.77909994 ], [ 113.3983078, -7.78000021 ], [ 113.39798737, -7.78013992 ], [ 113.39752197, -7.78034019 ], [ 113.39697266, -7.78048992 ], [ 113.39607239, -7.78072977 ], [ 113.39511108, -7.78091002 ], [ 113.39408112, -7.78113985 ], [ 113.3931427, -7.78136015 ], [ 113.39237213, -7.78157997 ], [ 113.39192963, -7.78177977 ], [ 113.39083099, -7.78266001 ], [ 113.39073181, -7.78272343 ], [ 113.39057159, -7.78283024 ], [ 113.39008331, -7.78323984 ], [ 113.38961792, -7.78360987 ], [ 113.38912964, -7.78399992 ], [ 113.3883667, -7.78459978 ], [ 113.38813019, -7.78479004 ], [ 113.38757324, -7.7852602 ], [ 113.3864975, -7.78614998 ], [ 113.3862381, -7.78628016 ], [ 113.3861084, -7.78629017 ], [ 113.38574982, -7.78626013 ], [ 113.38522339, -7.78613997 ], [ 113.38464355, -7.78599024 ], [ 113.38379669, -7.78586006 ], [ 113.38316345, -7.78583002 ], [ 113.38259125, -7.78580999 ], [ 113.38230896, -7.78575993 ], [ 113.38207245, -7.78571367 ], [ 113.38195038, -7.78568983 ], [ 113.38182068, -7.78565788 ], [ 113.38169098, -7.78562737 ], [ 113.38124847, -7.78552008 ], [ 113.38046265, -7.78529978 ], [ 113.38024902, -7.78524113 ], [ 113.37992096, -7.78515005 ], [ 113.37968445, -7.78503418 ], [ 113.37953186, -7.78495979 ], [ 113.3794632, -7.78493023 ], [ 113.37924194, -7.78482008 ], [ 113.3793869, -7.78460979 ], [ 113.37947845, -7.78432989 ], [ 113.37963104, -7.78385019 ], [ 113.37983704, -7.78353977 ], [ 113.38031006, -7.7832098 ], [ 113.38085175, -7.78285885 ], [ 113.38127136, -7.78254986 ], [ 113.3815918, -7.78224993 ], [ 113.38181305, -7.7818799 ], [ 113.38207245, -7.78146791 ], [ 113.38224792, -7.7811799 ], [ 113.38233185, -7.78101683 ], [ 113.38259888, -7.78050995 ], [ 113.38283539, -7.78009033 ], [ 113.38301086, -7.7797699 ], [ 113.3830719, -7.77962637 ], [ 113.38317108, -7.77940989 ], [ 113.38330078, -7.77905989 ], [ 113.38342285, -7.77875996 ], [ 113.383461, -7.77839994 ], [ 113.38352203, -7.77802992 ], [ 113.38365936, -7.77779007 ], [ 113.38394165, -7.7775898 ], [ 113.38435364, -7.77739 ], [ 113.38459778, -7.77716017 ], [ 113.38497925, -7.77667999 ], [ 113.38515472, -7.77637482 ], [ 113.38520813, -7.77626991 ], [ 113.38538361, -7.77568007 ], [ 113.38544464, -7.77539062 ], [ 113.38555145, -7.77489996 ], [ 113.38567352, -7.77436352 ], [ 113.38569641, -7.77423 ], [ 113.38587952, -7.77390003 ], [ 113.38612366, -7.77370024 ], [ 113.38643646, -7.77343988 ], [ 113.38661194, -7.77321005 ], [ 113.3867569, -7.77291679 ], [ 113.38684845, -7.77271986 ], [ 113.38694763, -7.77247 ], [ 113.38704681, -7.77223492 ], [ 113.38709259, -7.77213001 ], [ 113.38716888, -7.7718401 ], [ 113.38717651, -7.77176094 ], [ 113.38717651, -7.77157021 ], [ 113.38715363, -7.77103996 ], [ 113.38704681, -7.77032995 ], [ 113.38697052, -7.76938009 ], [ 113.38697815, -7.76875019 ], [ 113.38707733, -7.76857996 ], [ 113.38739777, -7.76827002 ], [ 113.38757324, -7.76813269 ], [ 113.38772583, -7.76801014 ], [ 113.38784027, -7.76791573 ], [ 113.38807678, -7.76772022 ], [ 113.38851166, -7.76739979 ], [ 113.38860321, -7.76731062 ], [ 113.38889313, -7.76703978 ], [ 113.38923645, -7.76681995 ], [ 113.38922119, -7.76660013 ], [ 113.3891983, -7.76634979 ], [ 113.38921356, -7.76610994 ], [ 113.38922119, -7.76597977 ], [ 113.38935852, -7.7647562 ], [ 113.38941193, -7.76427984 ], [ 113.3894577, -7.76401567 ], [ 113.38951874, -7.76364994 ], [ 113.3895874, -7.76351023 ], [ 113.38964081, -7.76328993 ], [ 113.39042664, -7.76315022 ], [ 113.39112091, -7.76304007 ], [ 113.39157867, -7.76294994 ], [ 113.39190674, -7.76288986 ], [ 113.39203644, -7.76286983 ], [ 113.39322662, -7.76264 ], [ 113.39331818, -7.76262999 ], [ 113.39395142, -7.76252985 ], [ 113.39405823, -7.76250982 ], [ 113.39420319, -7.76247978 ], [ 113.39428711, -7.76246023 ], [ 113.39453125, -7.76239014 ], [ 113.39482117, -7.76233006 ], [ 113.39515686, -7.76226997 ], [ 113.39620209, -7.76207018 ], [ 113.39642334, -7.76203012 ], [ 113.39659882, -7.7620101 ], [ 113.39658356, -7.76184988 ], [ 113.3966217, -7.76160002 ], [ 113.39675903, -7.76059008 ], [ 113.39685822, -7.75970984 ], [ 113.39698792, -7.75817013 ], [ 113.39704132, -7.75743008 ], [ 113.39711761, -7.75630999 ], [ 113.3971405, -7.75594997 ], [ 113.3972168, -7.75542021 ], [ 113.39729309, -7.75510979 ], [ 113.39733124, -7.75504017 ], [ 113.39746094, -7.75459003 ], [ 113.39755249, -7.75450993 ], [ 113.39746094, -7.75433016 ], [ 113.39749908, -7.75388622 ], [ 113.39755249, -7.75324106 ], [ 113.39756012, -7.75314999 ], [ 113.39756012, -7.75301981 ], [ 113.39745331, -7.75288868 ], [ 113.39731598, -7.752388 ], [ 113.39665222, -7.75209284 ], [ 113.39598846, -7.75143862 ], [ 113.39550018, -7.74976778 ], [ 113.39526367, -7.74902773 ], [ 113.39533997, -7.74853992 ], [ 113.39556122, -7.74772978 ], [ 113.39565277, -7.74752998 ], [ 113.39563751, -7.74738216 ], [ 113.39560699, -7.74695015 ], [ 113.3955307, -7.74673986 ], [ 113.39499664, -7.74678993 ], [ 113.3948288, -7.74652004 ], [ 113.39492035, -7.74644995 ], [ 113.3948822, -7.74625015 ], [ 113.39463806, -7.74569607 ], [ 113.39431763, -7.74496984 ], [ 113.39421082, -7.74467993 ], [ 113.39444733, -7.74458981 ], [ 113.39492798, -7.74454021 ], [ 113.39486694, -7.74439001 ], [ 113.39477539, -7.74403858 ], [ 113.39431763, -7.74231005 ], [ 113.39411926, -7.7416501 ], [ 113.39350891, -7.74014997 ], [ 113.39333344, -7.73974991 ], [ 113.39286041, -7.73869991 ], [ 113.39321899, -7.73827982 ], [ 113.3934021, -7.73813009 ], [ 113.39354706, -7.73807001 ], [ 113.39367676, -7.73807001 ], [ 113.39420319, -7.73837996 ], [ 113.39453888, -7.73859978 ], [ 113.39478302, -7.73870993 ], [ 113.39497375, -7.73873997 ], [ 113.39518738, -7.73870993 ], [ 113.39549255, -7.73855019 ], [ 113.39575958, -7.73835993 ], [ 113.3959198, -7.73830986 ], [ 113.39660645, -7.73819017 ], [ 113.39716339, -7.73814011 ], [ 113.39750671, -7.73815012 ], [ 113.39775848, -7.73823023 ], [ 113.39807129, -7.73844004 ], [ 113.39845276, -7.73883009 ], [ 113.39872742, -7.73923016 ], [ 113.39891052, -7.73952007 ], [ 113.39942169, -7.73994017 ], [ 113.40014648, -7.74026012 ], [ 113.40061188, -7.74044991 ], [ 113.40080261, -7.74049997 ], [ 113.40196991, -7.74053001 ], [ 113.40219879, -7.74053001 ], [ 113.40245819, -7.74044991 ], [ 113.40280914, -7.7402401 ], [ 113.4032135, -7.73990011 ], [ 113.40367889, -7.73943996 ], [ 113.4041214, -7.73892021 ], [ 113.40432739, -7.73866987 ], [ 113.40527344, -7.73803997 ], [ 113.40583801, -7.73767996 ], [ 113.4061203, -7.73744011 ], [ 113.40624237, -7.73726988 ], [ 113.40628052, -7.7362299 ], [ 113.40631104, -7.73600006 ], [ 113.40756989, -7.73598003 ], [ 113.40869141, -7.73577023 ], [ 113.40895844, -7.73570013 ], [ 113.40917969, -7.73555994 ], [ 113.40939331, -7.73534012 ], [ 113.40953064, -7.73515987 ], [ 113.40961456, -7.73513079 ], [ 113.40986633, -7.73504019 ], [ 113.41042328, -7.7348299 ], [ 113.41152954, -7.73446989 ], [ 113.41184235, -7.73442984 ], [ 113.41272736, -7.73459005 ], [ 113.41313171, -7.73467016 ], [ 113.41385651, -7.73463011 ], [ 113.41464233, -7.73450994 ], [ 113.41496277, -7.73450994 ], [ 113.41516113, -7.73457003 ], [ 113.41577911, -7.7348299 ], [ 113.41648102, -7.73503017 ], [ 113.41671753, -7.73510981 ], [ 113.41687775, -7.73511982 ], [ 113.41694641, -7.7350502 ], [ 113.41697693, -7.73493004 ], [ 113.41694641, -7.73472023 ], [ 113.41681671, -7.73459005 ], [ 113.41644287, -7.7343998 ], [ 113.41578674, -7.73425007 ], [ 113.4156189, -7.73418999 ], [ 113.415802, -7.73395014 ], [ 113.41615295, -7.7339201 ], [ 113.4164505, -7.73378992 ], [ 113.41678619, -7.73374987 ], [ 113.41706848, -7.73375988 ], [ 113.41716766, -7.73381996 ], [ 113.41729736, -7.73395014 ], [ 113.41786194, -7.73408985 ], [ 113.41828918, -7.73416996 ], [ 113.41837311, -7.73418999 ], [ 113.41873169, -7.73428011 ], [ 113.41902161, -7.7342968 ], [ 113.41941833, -7.73432016 ], [ 113.41992188, -7.73433018 ], [ 113.42126465, -7.73449278 ], [ 113.42214966, -7.73460007 ], [ 113.42307281, -7.73471022 ], [ 113.42371368, -7.73478985 ], [ 113.42427826, -7.73481989 ], [ 113.42619324, -7.73514986 ], [ 113.42758179, -7.73536015 ], [ 113.42848206, -7.73546982 ], [ 113.42929077, -7.73541021 ], [ 113.42945862, -7.73541021 ], [ 113.42961884, -7.73541021 ], [ 113.43060303, -7.73544979 ], [ 113.43096924, -7.73547983 ], [ 113.43112183, -7.73543978 ], [ 113.4312973, -7.73527002 ], [ 113.43138123, -7.73507977 ], [ 113.43144226, -7.73483992 ], [ 113.43190002, -7.73432016 ], [ 113.43228912, -7.73396015 ], [ 113.43247223, -7.73383999 ], [ 113.43261719, -7.73380995 ], [ 113.4328537, -7.73383999 ], [ 113.43379211, -7.73405981 ], [ 113.43395233, -7.73410988 ], [ 113.43408203, -7.73425007 ], [ 113.43421936, -7.73444986 ], [ 113.43431091, -7.73451996 ], [ 113.43491364, -7.73414993 ], [ 113.4352417, -7.73394012 ], [ 113.43556976, -7.73380995 ], [ 113.43583679, -7.73375988 ], [ 113.43628693, -7.73387003 ], [ 113.43683624, -7.73397017 ], [ 113.43726349, -7.73414993 ], [ 113.43744659, -7.73423004 ], [ 113.43776703, -7.73416996 ], [ 113.43802643, -7.73409986 ], [ 113.43859863, -7.7342 ], [ 113.43882751, -7.73424006 ], [ 113.43895721, -7.73397017 ], [ 113.43904114, -7.73372984 ], [ 113.43920898, -7.7335 ], [ 113.43949127, -7.73323011 ], [ 113.44008636, -7.73288012 ], [ 113.44135284, -7.73203993 ], [ 113.44177246, -7.73178005 ], [ 113.44199371, -7.73169994 ], [ 113.44284821, -7.73178005 ], [ 113.44302368, -7.73177004 ], [ 113.44317627, -7.73169994 ], [ 113.44342804, -7.73144007 ], [ 113.4434967, -7.73107004 ], [ 113.44354248, -7.73089981 ], [ 113.44403839, -7.73045015 ], [ 113.44445801, -7.73012018 ], [ 113.44493103, -7.72987986 ], [ 113.44567871, -7.72945976 ], [ 113.44593811, -7.72931004 ], [ 113.44615173, -7.72925997 ], [ 113.44641876, -7.72933006 ], [ 113.4465332, -7.7293601 ], [ 113.44745636, -7.72849989 ], [ 113.44785309, -7.72813988 ], [ 113.44803619, -7.72801018 ], [ 113.44822693, -7.7279501 ], [ 113.44848633, -7.72802019 ], [ 113.44864655, -7.7280798 ], [ 113.4487915, -7.72806978 ], [ 113.44889069, -7.72798014 ], [ 113.44920349, -7.72733021 ], [ 113.44940186, -7.72686005 ], [ 113.44954681, -7.72664022 ], [ 113.44979095, -7.7263999 ], [ 113.44995117, -7.72630978 ], [ 113.45031738, -7.72635984 ], [ 113.45046234, -7.72636986 ], [ 113.45056915, -7.72631979 ], [ 113.450737, -7.72580004 ], [ 113.45079803, -7.72563982 ], [ 113.45091248, -7.72551012 ], [ 113.45111084, -7.72539997 ], [ 113.45127869, -7.72535992 ], [ 113.45142365, -7.72549009 ], [ 113.45173645, -7.72572994 ], [ 113.45194244, -7.72581005 ], [ 113.45217896, -7.72585011 ], [ 113.4526062, -7.72572994 ], [ 113.45350647, -7.72519016 ], [ 113.45371246, -7.72509003 ], [ 113.45397186, -7.72503996 ], [ 113.45441437, -7.72503233 ], [ 113.4545517, -7.72502995 ], [ 113.45464325, -7.7249999 ], [ 113.45510864, -7.72470999 ], [ 113.45546722, -7.72448015 ], [ 113.45585632, -7.72426748 ], [ 113.45678711, -7.72375011 ], [ 113.45715332, -7.72352982 ], [ 113.45744324, -7.72329998 ], [ 113.45748138, -7.72306013 ], [ 113.45790863, -7.72267008 ], [ 113.45834351, -7.72240019 ], [ 113.46025848, -7.72121 ], [ 113.46066284, -7.72094011 ], [ 113.46114349, -7.72047997 ], [ 113.46153259, -7.72343016 ], [ 113.46147919, -7.72392988 ], [ 113.46141052, -7.72412014 ], [ 113.46131134, -7.72432995 ], [ 113.46130371, -7.72454023 ], [ 113.46125031, -7.72510004 ], [ 113.46112061, -7.72559023 ], [ 113.46111298, -7.72573996 ], [ 113.46124268, -7.72578001 ], [ 113.46134186, -7.72584009 ], [ 113.46131897, -7.72599983 ], [ 113.46121979, -7.72623014 ], [ 113.46038055, -7.7262001 ], [ 113.46002197, -7.72716379 ], [ 113.45992279, -7.72744989 ], [ 113.4596405, -7.72842979 ], [ 113.45964813, -7.72866964 ], [ 113.45964813, -7.72881794 ], [ 113.45967102, -7.7297802 ], [ 113.45968628, -7.73054981 ], [ 113.45987701, -7.73137999 ], [ 113.45993042, -7.73190641 ], [ 113.45995331, -7.73207998 ], [ 113.45981598, -7.73267603 ], [ 113.46014404, -7.73276281 ], [ 113.4602356, -7.73277807 ], [ 113.46031952, -7.73305941 ], [ 113.460495, -7.73313665 ], [ 113.46047974, -7.73327732 ], [ 113.46030426, -7.73323154 ], [ 113.46021271, -7.73321629 ], [ 113.46016693, -7.73351383 ], [ 113.46024323, -7.73356056 ], [ 113.46022797, -7.73404551 ], [ 113.46022034, -7.73438978 ], [ 113.46029663, -7.73454618 ], [ 113.46047211, -7.73462343 ], [ 113.46070862, -7.734622 ], [ 113.46090698, -7.73471451 ], [ 113.46114349, -7.73479128 ], [ 113.46144104, -7.73502445 ], [ 113.46173096, -7.73525763 ], [ 113.4618988, -7.73525667 ], [ 113.46198273, -7.7353344 ], [ 113.46232605, -7.73536348 ], [ 113.46237183, -7.73573875 ], [ 113.46207428, -7.73574066 ], [ 113.46135712, -7.73572922 ], [ 113.46127319, -7.73572969 ], [ 113.46113586, -7.73555851 ], [ 113.46100616, -7.73555899 ], [ 113.46102142, -7.73571539 ], [ 113.46105957, -7.73585606 ], [ 113.46092987, -7.735888 ], [ 113.46096039, -7.73599768 ], [ 113.46109009, -7.73602819 ], [ 113.46117401, -7.73665333 ], [ 113.46138, -7.73714781 ], [ 113.4624176, -7.73638344 ], [ 113.46473694, -7.73467016 ], [ 113.46482086, -7.73463011 ], [ 113.46489716, -7.7346034 ], [ 113.46507263, -7.73446941 ], [ 113.46529388, -7.73432112 ], [ 113.46539307, -7.73423338 ], [ 113.46546173, -7.7341733 ], [ 113.4655838, -7.73451853 ], [ 113.46562195, -7.73469687 ], [ 113.4656601, -7.73486471 ], [ 113.46569824, -7.73504257 ], [ 113.46570587, -7.73514748 ], [ 113.4657135, -7.73530483 ], [ 113.46572113, -7.73546219 ], [ 113.46585846, -7.73573446 ], [ 113.46594238, -7.73587036 ], [ 113.46605682, -7.73599577 ], [ 113.46607971, -7.73613167 ], [ 113.46601868, -7.7362895 ], [ 113.46601105, -7.73646832 ], [ 113.46601868, -7.73662567 ], [ 113.46602631, -7.73671722 ], [ 113.46614838, -7.73687983 ], [ 113.46633148, -7.73705006 ], [ 113.46631622, -7.73715019 ], [ 113.46624756, -7.73744011 ], [ 113.46627045, -7.73776007 ], [ 113.46640015, -7.73845005 ], [ 113.46656799, -7.73906994 ], [ 113.46682739, -7.73980999 ], [ 113.46762085, -7.74186993 ], [ 113.46768188, -7.74221992 ], [ 113.46778107, -7.74281979 ], [ 113.46806335, -7.74299002 ], [ 113.46823883, -7.74302006 ], [ 113.46826935, -7.74315977 ], [ 113.46829224, -7.74324989 ], [ 113.46855927, -7.74447012 ], [ 113.46907806, -7.74705982 ], [ 113.46929169, -7.74797916 ], [ 113.46974945, -7.75 ], [ 113.469841, -7.75041771 ], [ 113.46997833, -7.75095463 ], [ 113.47003937, -7.75121021 ], [ 113.47009277, -7.75141001 ], [ 113.47015381, -7.75163984 ], [ 113.4702301, -7.75194311 ], [ 113.47057343, -7.75328016 ], [ 113.47061157, -7.75338984 ], [ 113.47065735, -7.75355005 ], [ 113.47052765, -7.7535882 ], [ 113.47036743, -7.75360966 ], [ 113.4702301, -7.75361061 ], [ 113.47008514, -7.75365782 ], [ 113.46992493, -7.75366783 ], [ 113.46970367, -7.75365973 ], [ 113.46959686, -7.75368071 ], [ 113.4693985, -7.75361204 ], [ 113.46901703, -7.75364161 ], [ 113.46871185, -7.75356865 ], [ 113.46844482, -7.75361919 ], [ 113.46763611, -7.75362396 ], [ 113.46640778, -7.75354576 ], [ 113.46573639, -7.75357819 ], [ 113.46565247, -7.75353622 ], [ 113.46472931, -7.75361252 ], [ 113.46472931, -7.75345612 ], [ 113.46408844, -7.75343132 ], [ 113.46368408, -7.75338078 ], [ 113.46354675, -7.75336361 ], [ 113.46338654, -7.75334644 ], [ 113.46266174, -7.7532692 ], [ 113.46220398, -7.75328588 ], [ 113.46195984, -7.75327301 ], [ 113.46160126, -7.75323248 ], [ 113.46131897, -7.75322008 ], [ 113.46115112, -7.75313568 ], [ 113.46103668, -7.75307989 ], [ 113.46084595, -7.75298119 ], [ 113.46063232, -7.75295401 ], [ 113.46035004, -7.75295544 ], [ 113.46002197, -7.7528863 ], [ 113.45946503, -7.75283241 ], [ 113.45916748, -7.75283432 ], [ 113.45892334, -7.75287819 ], [ 113.4584198, -7.75278997 ], [ 113.45836639, -7.75284004 ], [ 113.45825958, -7.75297022 ], [ 113.45800018, -7.75314999 ], [ 113.45768738, -7.75328016 ], [ 113.45688629, -7.75351 ], [ 113.45677185, -7.75354004 ], [ 113.45630646, -7.75367022 ], [ 113.45612335, -7.75379992 ], [ 113.45607758, -7.75404978 ], [ 113.4560318, -7.75424004 ], [ 113.45604706, -7.75446987 ], [ 113.4560318, -7.7547102 ], [ 113.45606995, -7.75494003 ], [ 113.45626831, -7.75547981 ], [ 113.45628357, -7.75568008 ], [ 113.45626831, -7.75609016 ], [ 113.45623016, -7.75634003 ], [ 113.45626068, -7.75643015 ], [ 113.4562912, -7.75653982 ], [ 113.45632935, -7.75678015 ], [ 113.45674896, -7.75763988 ], [ 113.45728302, -7.75814009 ], [ 113.45774841, -7.75846004 ], [ 113.45819092, -7.75868988 ], [ 113.45848083, -7.75880003 ], [ 113.45896149, -7.75921249 ], [ 113.45903778, -7.7592802 ], [ 113.45925903, -7.75943995 ], [ 113.45966339, -7.75950575 ], [ 113.45986176, -7.75954008 ], [ 113.46018982, -7.75989008 ], [ 113.46031189, -7.76000786 ], [ 113.46040344, -7.76008987 ], [ 113.46070099, -7.76023006 ], [ 113.46086121, -7.7603302 ], [ 113.46102905, -7.76050997 ], [ 113.46131897, -7.76046991 ], [ 113.46144104, -7.76046991 ], [ 113.46166229, -7.76057005 ], [ 113.46195221, -7.76083994 ], [ 113.46240234, -7.76154232 ], [ 113.46256256, -7.76177979 ], [ 113.46276855, -7.76212978 ], [ 113.46278381, -7.76227617 ], [ 113.46282196, -7.76255989 ], [ 113.46305847, -7.76277018 ], [ 113.46320343, -7.76288986 ], [ 113.46331024, -7.76321983 ], [ 113.46331024, -7.76330662 ], [ 113.46331024, -7.76340008 ], [ 113.46325684, -7.76358986 ], [ 113.46369171, -7.76386976 ], [ 113.46382904, -7.76395988 ], [ 113.46391296, -7.76410007 ], [ 113.46389771, -7.7643199 ], [ 113.46382904, -7.76462984 ], [ 113.46385956, -7.76485014 ], [ 113.46392059, -7.76499844 ], [ 113.46396637, -7.76512003 ], [ 113.46401215, -7.76556015 ], [ 113.46399689, -7.76572323 ], [ 113.46398163, -7.76592016 ], [ 113.46395111, -7.76613998 ], [ 113.46398926, -7.76628017 ], [ 113.46411896, -7.76644993 ], [ 113.46478271, -7.76652002 ], [ 113.46492767, -7.76656008 ], [ 113.46505737, -7.76666355 ], [ 113.46524048, -7.76680994 ], [ 113.46536255, -7.76690006 ], [ 113.46559143, -7.76678991 ], [ 113.46575165, -7.76668978 ], [ 113.46594238, -7.76666021 ], [ 113.46614075, -7.76671982 ], [ 113.466362, -7.76686001 ], [ 113.46672058, -7.76725006 ], [ 113.4668808, -7.76753998 ], [ 113.46697235, -7.76779985 ], [ 113.46697235, -7.76811981 ], [ 113.46694183, -7.76846981 ], [ 113.46716309, -7.7684598 ], [ 113.46727753, -7.76849985 ], [ 113.46781158, -7.7688899 ], [ 113.4683075, -7.76927996 ], [ 113.4686203, -7.76953983 ], [ 113.46896362, -7.7700901 ], [ 113.4691391, -7.77045012 ], [ 113.4694519, -7.77105999 ], [ 113.46961212, -7.77151012 ], [ 113.46961975, -7.77158165 ], [ 113.46964264, -7.77168989 ], [ 113.46965027, -7.77177 ], [ 113.46971893, -7.77201986 ], [ 113.46977234, -7.77220011 ], [ 113.46965027, -7.77271986 ], [ 113.46964264, -7.77285004 ], [ 113.46968842, -7.77294016 ], [ 113.46981049, -7.7729702 ], [ 113.46999359, -7.77296019 ], [ 113.47013092, -7.77301979 ], [ 113.47019958, -7.7730999 ], [ 113.47013855, -7.77383995 ], [ 113.47003937, -7.77418995 ], [ 113.46997833, -7.77467012 ], [ 113.46994019, -7.77479982 ], [ 113.46974945, -7.77487993 ], [ 113.46961975, -7.77493 ], [ 113.46954346, -7.7750001 ], [ 113.46954346, -7.77511024 ], [ 113.47006989, -7.77574015 ], [ 113.47048187, -7.77619982 ], [ 113.47064972, -7.77632999 ], [ 113.47077942, -7.77637005 ], [ 113.47094727, -7.77629995 ], [ 113.47106934, -7.77616978 ], [ 113.47133636, -7.77549982 ], [ 113.47148132, -7.77513981 ], [ 113.47158813, -7.77496004 ], [ 113.47167969, -7.77488995 ], [ 113.47186279, -7.77493 ], [ 113.47206879, -7.77505016 ], [ 113.47228241, -7.77525997 ], [ 113.4723587, -7.77541018 ], [ 113.4723587, -7.77559996 ], [ 113.472229, -7.77605009 ], [ 113.47212219, -7.77628994 ], [ 113.47203064, -7.77658987 ], [ 113.47187042, -7.77687979 ], [ 113.47168732, -7.77719021 ], [ 113.47158051, -7.77752018 ], [ 113.47154999, -7.77778006 ], [ 113.47158051, -7.7779398 ], [ 113.47171783, -7.77811003 ], [ 113.47190857, -7.77822018 ], [ 113.47216797, -7.77826023 ], [ 113.47241211, -7.77823019 ], [ 113.47257233, -7.77817011 ], [ 113.47264099, -7.77820015 ], [ 113.47270203, -7.77839994 ], [ 113.47276306, -7.77862978 ], [ 113.47283173, -7.77886009 ], [ 113.47283173, -7.77903986 ], [ 113.47264862, -7.77937984 ], [ 113.47257233, -7.77955008 ], [ 113.47265625, -7.77972984 ], [ 113.47271729, -7.77988005 ], [ 113.47276306, -7.7799902 ], [ 113.47255707, -7.78032017 ], [ 113.47245789, -7.78047991 ], [ 113.47241974, -7.78065014 ], [ 113.4724884, -7.78080988 ], [ 113.47276306, -7.78103018 ], [ 113.4726181, -7.78126001 ], [ 113.47241211, -7.78148985 ], [ 113.47212219, -7.78171015 ], [ 113.47155762, -7.78196001 ], [ 113.4708786, -7.78218985 ], [ 113.47036743, -7.78228998 ], [ 113.46984863, -7.78236008 ], [ 113.46941376, -7.78239012 ], [ 113.46907806, -7.78243017 ], [ 113.46875763, -7.78241014 ], [ 113.46846008, -7.78231001 ], [ 113.46831512, -7.78215885 ], [ 113.46824646, -7.78209019 ], [ 113.46798706, -7.78138018 ], [ 113.4679184, -7.78108978 ], [ 113.46785736, -7.78078985 ], [ 113.46770477, -7.78014517 ], [ 113.46752167, -7.78008986 ], [ 113.46733093, -7.77996016 ], [ 113.46704102, -7.77968979 ], [ 113.46617889, -7.77938986 ], [ 113.46566772, -7.77942991 ], [ 113.46565247, -7.77921009 ], [ 113.4655304, -7.77916002 ], [ 113.46530151, -7.77907991 ], [ 113.46482849, -7.77887011 ], [ 113.46386719, -7.77841997 ], [ 113.46295929, -7.77795458 ], [ 113.46279144, -7.77787018 ], [ 113.46261597, -7.77777243 ], [ 113.46253967, -7.77767992 ], [ 113.46250916, -7.77792835 ], [ 113.46251678, -7.77823734 ], [ 113.46238708, -7.7782383 ], [ 113.46196747, -7.77815676 ], [ 113.46125031, -7.77796459 ], [ 113.46050262, -7.77781487 ], [ 113.45950317, -7.77751207 ], [ 113.45940399, -7.77738667 ], [ 113.45935822, -7.77713442 ], [ 113.4593277, -7.77699471 ], [ 113.45922089, -7.77684116 ], [ 113.45906067, -7.77684212 ], [ 113.45889282, -7.77674484 ], [ 113.45875549, -7.77660561 ], [ 113.45848846, -7.77653694 ], [ 113.45841217, -7.77654362 ], [ 113.45827484, -7.77655506 ], [ 113.45813751, -7.77656698 ], [ 113.45768738, -7.77658367 ], [ 113.45705414, -7.7764473 ], [ 113.45657349, -7.77642202 ], [ 113.45580292, -7.77648258 ], [ 113.4551239, -7.77654219 ], [ 113.45489502, -7.77655077 ], [ 113.45466614, -7.77655888 ], [ 113.45405579, -7.77657652 ], [ 113.45370483, -7.7764945 ], [ 113.45350647, -7.77642536 ], [ 113.45314026, -7.77621746 ], [ 113.45293427, -7.77616262 ], [ 113.45248413, -7.77610922 ], [ 113.45198059, -7.77607107 ], [ 113.45178986, -7.77605724 ], [ 113.45179749, -7.77462721 ], [ 113.45184326, -7.77416229 ], [ 113.45178223, -7.77404594 ], [ 113.45162201, -7.77373981 ], [ 113.45137024, -7.77328014 ], [ 113.45108795, -7.77270985 ], [ 113.45095825, -7.77244997 ], [ 113.45001984, -7.77231979 ], [ 113.44924164, -7.77220011 ], [ 113.4485321, -7.77207994 ], [ 113.44776917, -7.77195978 ], [ 113.44724274, -7.77189302 ], [ 113.44650269, -7.77180004 ], [ 113.44586182, -7.77169228 ], [ 113.44545746, -7.77163982 ], [ 113.44537354, -7.77162981 ], [ 113.44535065, -7.77169991 ], [ 113.44535065, -7.77190018 ], [ 113.4450531, -7.7719717 ], [ 113.44464874, -7.77203131 ], [ 113.44425201, -7.77203369 ], [ 113.44354248, -7.77211428 ], [ 113.44311523, -7.77205944 ], [ 113.44306183, -7.77236557 ], [ 113.44299316, -7.77306414 ], [ 113.44339752, -7.77326441 ], [ 113.44334412, -7.77362871 ], [ 113.44321442, -7.77426577 ], [ 113.44309235, -7.77498341 ], [ 113.44309998, -7.77510548 ], [ 113.44297791, -7.77539015 ], [ 113.44261932, -7.77688122 ], [ 113.44204712, -7.77710772 ], [ 113.44195557, -7.77730942 ], [ 113.44174194, -7.77688885 ], [ 113.44160461, -7.77683067 ], [ 113.4414978, -7.77685356 ], [ 113.44139862, -7.77677965 ], [ 113.44133759, -7.77662468 ], [ 113.44113159, -7.77650738 ], [ 113.44091034, -7.77650881 ], [ 113.44081116, -7.77654648 ], [ 113.44059753, -7.77674007 ], [ 113.44043732, -7.77672625 ], [ 113.4404068, -7.77664518 ], [ 113.44033051, -7.77654171 ], [ 113.44010925, -7.77651358 ], [ 113.43997955, -7.77640343 ], [ 113.439888, -7.77615929 ], [ 113.44015503, -7.77549171 ], [ 113.44012451, -7.77538109 ], [ 113.43985748, -7.77527905 ], [ 113.43966675, -7.77528 ], [ 113.43940735, -7.77528667 ], [ 113.43927002, -7.77529001 ], [ 113.43917847, -7.77530527 ], [ 113.43891907, -7.77523279 ], [ 113.43871307, -7.77514505 ], [ 113.43848419, -7.77490187 ], [ 113.43843842, -7.77476931 ], [ 113.43823242, -7.77466679 ], [ 113.43810272, -7.7746892 ], [ 113.43802643, -7.77464008 ], [ 113.43801117, -7.7745285 ], [ 113.43787384, -7.77449989 ], [ 113.43727875, -7.7743721 ], [ 113.43718719, -7.77436924 ], [ 113.43696594, -7.77436209 ], [ 113.43666077, -7.77431774 ], [ 113.43614197, -7.77424002 ], [ 113.43598938, -7.77415991 ], [ 113.43588257, -7.77410269 ], [ 113.43570709, -7.77408028 ], [ 113.43550873, -7.77415085 ], [ 113.43541718, -7.77413845 ], [ 113.43516541, -7.7741065 ], [ 113.43509674, -7.77440786 ], [ 113.43505859, -7.77447748 ], [ 113.43465424, -7.7744565 ], [ 113.43450165, -7.77448273 ], [ 113.43431091, -7.77451611 ], [ 113.43408966, -7.77430964 ], [ 113.43391418, -7.77437973 ], [ 113.43362427, -7.77448559 ], [ 113.43351746, -7.77450943 ], [ 113.43334961, -7.77459192 ], [ 113.43322754, -7.77461481 ], [ 113.43295288, -7.77453566 ], [ 113.43286133, -7.77438593 ], [ 113.43262482, -7.77429485 ], [ 113.43244934, -7.77422619 ], [ 113.43228149, -7.77426195 ], [ 113.43186188, -7.77425289 ], [ 113.43172455, -7.77418423 ], [ 113.43154144, -7.77415514 ], [ 113.43148804, -7.77426767 ], [ 113.43117523, -7.77417564 ], [ 113.43101501, -7.77400351 ], [ 113.43022919, -7.77381897 ], [ 113.42878723, -7.77356339 ], [ 113.42865753, -7.77354002 ] ] ] ] } },
{ "type": "Feature", "properties": { "GID_0": "IDN", "NAME_0": "Indonesia", "GID_1": "IDN.11_1", "NAME_1": "Jawa Timur", "NL_NAME_1": null, "GID_2": "IDN.11.30_1", "NAME_2": "Probolinggo", "NL_NAME_2": null, "GID_3": "IDN.11.30.9_1", "NAME_3": "Krejengan", "VARNAME_3": null, "NL_NAME_3": null, "TYPE_3": "Kecamatan", "ENGTYPE_3": "Sub-district", "CC_3": "3513160", "HASC_3": null }, "geometry": { "type": "MultiPolygon", "coordinates": [ [ [ [ 113.43504333, -7.82215977 ], [ 113.43489075, -7.82215977 ], [ 113.43470764, -7.82215977 ], [ 113.43424988, -7.82215977 ], [ 113.43350983, -7.82215023 ], [ 113.43016052, -7.82205009 ], [ 113.42971802, -7.82206011 ], [ 113.42931366, -7.82200003 ], [ 113.42922974, -7.82193995 ], [ 113.42904663, -7.8217802 ], [ 113.42883301, -7.82159996 ], [ 113.42854309, -7.8214798 ], [ 113.42796326, -7.82136011 ], [ 113.42745209, -7.82121992 ], [ 113.42736053, -7.82118988 ], [ 113.42697906, -7.82107019 ], [ 113.42684937, -7.82103014 ], [ 113.426651, -7.82101011 ], [ 113.42606354, -7.82095003 ], [ 113.42575836, -7.82090998 ], [ 113.4256897, -7.82105255 ], [ 113.42578125, -7.82119989 ], [ 113.42520142, -7.82129002 ], [ 113.42459106, -7.8214798 ], [ 113.42450714, -7.82164001 ], [ 113.42427826, -7.82179737 ], [ 113.42414856, -7.82194996 ], [ 113.4240799, -7.82208014 ], [ 113.42395782, -7.82244015 ], [ 113.42391205, -7.82251978 ], [ 113.42372894, -7.82279015 ], [ 113.42349243, -7.82305002 ], [ 113.42308044, -7.82340002 ], [ 113.42272949, -7.82349014 ], [ 113.42241669, -7.82356024 ], [ 113.42195892, -7.82361984 ], [ 113.42146301, -7.82367992 ], [ 113.42121124, -7.82372999 ], [ 113.42079163, -7.82380009 ], [ 113.42040253, -7.82385015 ], [ 113.41999054, -7.82391024 ], [ 113.41941071, -7.82395983 ], [ 113.41860199, -7.82404995 ], [ 113.41812134, -7.82410002 ], [ 113.4176178, -7.8241601 ], [ 113.41703033, -7.82422018 ], [ 113.41657257, -7.82427979 ], [ 113.4162674, -7.8242898 ], [ 113.41575623, -7.8242898 ], [ 113.41547394, -7.82427645 ], [ 113.41532898, -7.82426977 ], [ 113.41493988, -7.82426023 ], [ 113.41452789, -7.82424021 ], [ 113.41417694, -7.82425022 ], [ 113.4138031, -7.82427979 ], [ 113.41342163, -7.82437992 ], [ 113.41307068, -7.82456017 ], [ 113.41287994, -7.82467985 ], [ 113.4127121, -7.82484531 ], [ 113.41261292, -7.82495022 ], [ 113.41242981, -7.8252902 ], [ 113.41226196, -7.82565022 ], [ 113.41220093, -7.82594013 ], [ 113.41207123, -7.82652998 ], [ 113.41191864, -7.82713985 ], [ 113.41179657, -7.82778978 ], [ 113.41172791, -7.82802296 ], [ 113.41168976, -7.82813978 ], [ 113.41162109, -7.82838011 ], [ 113.41156769, -7.82852983 ], [ 113.41143799, -7.82869005 ], [ 113.41130066, -7.82886982 ], [ 113.41113281, -7.82898998 ], [ 113.41094208, -7.82904673 ], [ 113.41062927, -7.82907009 ], [ 113.41039276, -7.82903004 ], [ 113.41005707, -7.82888985 ], [ 113.40979004, -7.82876015 ], [ 113.40962982, -7.82870007 ], [ 113.40950012, -7.82873011 ], [ 113.4093399, -7.82881021 ], [ 113.40901184, -7.8294301 ], [ 113.4088974, -7.82964993 ], [ 113.40888977, -7.82995987 ], [ 113.4088974, -7.83010006 ], [ 113.40879059, -7.83031988 ], [ 113.408638, -7.83052015 ], [ 113.40814972, -7.8304801 ], [ 113.40672302, -7.83030987 ], [ 113.40525818, -7.83039999 ], [ 113.40409851, -7.83065987 ], [ 113.40392303, -7.83070993 ], [ 113.40368652, -7.83073997 ], [ 113.40312958, -7.83079004 ], [ 113.40300751, -7.83078003 ], [ 113.40274811, -7.83077002 ], [ 113.40238953, -7.83082008 ], [ 113.4020462, -7.8309598 ], [ 113.40170288, -7.8311801 ], [ 113.40116882, -7.83153009 ], [ 113.40042877, -7.83203983 ], [ 113.40046692, -7.83177996 ], [ 113.40042877, -7.83151007 ], [ 113.40029144, -7.83140993 ], [ 113.4000473, -7.83123016 ], [ 113.39988708, -7.83100986 ], [ 113.39981842, -7.83072996 ], [ 113.39984894, -7.83058977 ], [ 113.39993286, -7.83049011 ], [ 113.40000916, -7.83049011 ], [ 113.40016174, -7.83058023 ], [ 113.40052795, -7.83077002 ], [ 113.40058899, -7.83071995 ], [ 113.40059662, -7.83062983 ], [ 113.40055084, -7.83050013 ], [ 113.40022278, -7.83006001 ], [ 113.40016174, -7.82991982 ], [ 113.40019989, -7.82981014 ], [ 113.40033722, -7.82964993 ], [ 113.40049744, -7.8295598 ], [ 113.40093994, -7.82929993 ], [ 113.40110016, -7.82905006 ], [ 113.40112305, -7.82888985 ], [ 113.40107727, -7.82852983 ], [ 113.40097046, -7.82842016 ], [ 113.40081787, -7.82835007 ], [ 113.40073395, -7.82831907 ], [ 113.40039825, -7.82819986 ], [ 113.4002533, -7.82805014 ], [ 113.40010071, -7.82777977 ], [ 113.39993286, -7.82751989 ], [ 113.39974213, -7.82742023 ], [ 113.39954376, -7.82738018 ], [ 113.39949799, -7.82725 ], [ 113.39935303, -7.82680988 ], [ 113.39927673, -7.82680988 ], [ 113.39919281, -7.82687998 ], [ 113.39894104, -7.82707024 ], [ 113.39884949, -7.82701015 ], [ 113.39852142, -7.82676983 ], [ 113.39846802, -7.82688999 ], [ 113.39846039, -7.82707977 ], [ 113.39845276, -7.82742977 ], [ 113.39836121, -7.82762003 ], [ 113.39817047, -7.8276701 ], [ 113.39806366, -7.82755995 ], [ 113.39797974, -7.82740021 ], [ 113.39787292, -7.82718992 ], [ 113.39778137, -7.82718992 ], [ 113.39759064, -7.82727003 ], [ 113.3973999, -7.82725 ], [ 113.39743042, -7.8271699 ], [ 113.39753723, -7.82705021 ], [ 113.39766693, -7.82690001 ], [ 113.39771271, -7.82672977 ], [ 113.39766693, -7.82656002 ], [ 113.39746857, -7.82588005 ], [ 113.3974762, -7.82560015 ], [ 113.39756775, -7.82557011 ], [ 113.39790344, -7.82549 ], [ 113.39785767, -7.82538986 ], [ 113.39777374, -7.82530022 ], [ 113.39718628, -7.82492018 ], [ 113.39707947, -7.82493019 ], [ 113.39685822, -7.82496023 ], [ 113.3967514, -7.82487011 ], [ 113.3967514, -7.82479 ], [ 113.39685059, -7.82465982 ], [ 113.39730072, -7.82421017 ], [ 113.39730835, -7.82405996 ], [ 113.39724731, -7.82391977 ], [ 113.39714813, -7.8238802 ], [ 113.39692688, -7.82389021 ], [ 113.39676666, -7.82394981 ], [ 113.39659882, -7.82411003 ], [ 113.39646912, -7.82420015 ], [ 113.39640808, -7.82415009 ], [ 113.39624786, -7.82391024 ], [ 113.39604187, -7.82367992 ], [ 113.3957901, -7.82343006 ], [ 113.39585114, -7.8233099 ], [ 113.39611053, -7.82298994 ], [ 113.39655304, -7.82261992 ], [ 113.39653015, -7.8224802 ], [ 113.3964386, -7.82235003 ], [ 113.3963089, -7.82224989 ], [ 113.39617157, -7.82222986 ], [ 113.39600372, -7.8222599 ], [ 113.39592743, -7.82236004 ], [ 113.39592743, -7.82250023 ], [ 113.3959198, -7.8228302 ], [ 113.3956604, -7.82264996 ], [ 113.39546967, -7.82241011 ], [ 113.39541626, -7.8222599 ], [ 113.39544678, -7.82212019 ], [ 113.3955307, -7.82205009 ], [ 113.39569092, -7.82198 ], [ 113.39595032, -7.82185984 ], [ 113.39604187, -7.82172012 ], [ 113.39608002, -7.82153988 ], [ 113.39607239, -7.82110977 ], [ 113.39601135, -7.82094002 ], [ 113.39586639, -7.8207798 ], [ 113.39575195, -7.82075024 ], [ 113.3953476, -7.82075977 ], [ 113.3952713, -7.82067013 ], [ 113.39518738, -7.82045984 ], [ 113.39508057, -7.8203702 ], [ 113.39498138, -7.82038021 ], [ 113.39478302, -7.8203702 ], [ 113.39478302, -7.82026005 ], [ 113.39478302, -7.82000017 ], [ 113.39454651, -7.81994009 ], [ 113.39450073, -7.81985998 ], [ 113.39450073, -7.81974983 ], [ 113.39459229, -7.81954002 ], [ 113.39459991, -7.81942987 ], [ 113.39450836, -7.81936979 ], [ 113.39437103, -7.81936979 ], [ 113.39424133, -7.81942987 ], [ 113.39405823, -7.81961012 ], [ 113.39385986, -7.81978989 ], [ 113.39372253, -7.81975985 ], [ 113.39350128, -7.81953001 ], [ 113.39320374, -7.81922007 ], [ 113.39305115, -7.81917 ], [ 113.39243317, -7.81908989 ], [ 113.39235687, -7.81912994 ], [ 113.39224243, -7.81901979 ], [ 113.39217377, -7.81884003 ], [ 113.39203644, -7.81852007 ], [ 113.39190674, -7.81842995 ], [ 113.39176941, -7.81842995 ], [ 113.39150238, -7.81837988 ], [ 113.39144897, -7.81829977 ], [ 113.39148712, -7.81823015 ], [ 113.39161682, -7.81800985 ], [ 113.3915863, -7.81786013 ], [ 113.39147949, -7.81765985 ], [ 113.39131927, -7.81747007 ], [ 113.39111328, -7.81737995 ], [ 113.39100647, -7.81728983 ], [ 113.39096832, -7.8171401 ], [ 113.39092255, -7.81697989 ], [ 113.3896637, -7.81730318 ], [ 113.3890686, -7.81746006 ], [ 113.38831329, -7.8176899 ], [ 113.38803101, -7.81782007 ], [ 113.38787079, -7.81788015 ], [ 113.38722992, -7.81807995 ], [ 113.38687897, -7.81798983 ], [ 113.38680267, -7.81798553 ], [ 113.38653564, -7.81797075 ], [ 113.38635254, -7.81795979 ], [ 113.38591766, -7.81795979 ], [ 113.38551331, -7.81800985 ], [ 113.38500214, -7.81814003 ], [ 113.38465118, -7.8183198 ], [ 113.38433838, -7.81850004 ], [ 113.38423157, -7.81892014 ], [ 113.38414001, -7.81962013 ], [ 113.38404846, -7.81977987 ], [ 113.38382721, -7.82004976 ], [ 113.38374329, -7.82015991 ], [ 113.38353729, -7.82039022 ], [ 113.38343048, -7.82053995 ], [ 113.38339996, -7.82062006 ], [ 113.3832016, -7.82107019 ], [ 113.38310242, -7.82110977 ], [ 113.38262939, -7.82123995 ], [ 113.3825531, -7.82130003 ], [ 113.38247681, -7.82136011 ], [ 113.38243866, -7.8214798 ], [ 113.38243866, -7.82167006 ], [ 113.38252258, -7.82186985 ], [ 113.38252258, -7.82202005 ], [ 113.38243103, -7.82219982 ], [ 113.38234711, -7.82242012 ], [ 113.38215637, -7.82284021 ], [ 113.38204956, -7.82285023 ], [ 113.38191986, -7.82279015 ], [ 113.38186646, -7.82273006 ], [ 113.38175201, -7.82258987 ], [ 113.38169098, -7.82253981 ], [ 113.38157654, -7.82250023 ], [ 113.38160706, -7.82216978 ], [ 113.38162994, -7.82184982 ], [ 113.38162231, -7.82145023 ], [ 113.38160706, -7.82115984 ], [ 113.38163757, -7.82092237 ], [ 113.38166809, -7.82073021 ], [ 113.38179779, -7.82041979 ], [ 113.38191986, -7.82005978 ], [ 113.38201141, -7.81945992 ], [ 113.3821106, -7.81894016 ], [ 113.38220978, -7.81857014 ], [ 113.38236237, -7.81800985 ], [ 113.38243866, -7.81763983 ], [ 113.38249207, -7.81734991 ], [ 113.38253784, -7.81701756 ], [ 113.38256073, -7.8168602 ], [ 113.38262939, -7.81638002 ], [ 113.38265991, -7.81615973 ], [ 113.38269806, -7.81587982 ], [ 113.38279724, -7.81533003 ], [ 113.38291168, -7.81479979 ], [ 113.38301086, -7.81442022 ], [ 113.38304901, -7.81409979 ], [ 113.38301086, -7.81366014 ], [ 113.38289642, -7.81310987 ], [ 113.38276672, -7.81270981 ], [ 113.38269043, -7.81252766 ], [ 113.38256836, -7.81225014 ], [ 113.38227844, -7.81176996 ], [ 113.38202667, -7.81126022 ], [ 113.38178253, -7.81076002 ], [ 113.3815918, -7.81037998 ], [ 113.38150787, -7.81007004 ], [ 113.38150787, -7.80957985 ], [ 113.3815155, -7.80924225 ], [ 113.38153076, -7.80879021 ], [ 113.38156128, -7.80837011 ], [ 113.38153076, -7.80811024 ], [ 113.38144684, -7.80784988 ], [ 113.38131714, -7.80765009 ], [ 113.38118744, -7.80747986 ], [ 113.380867, -7.80716991 ], [ 113.38041687, -7.80681992 ], [ 113.38025665, -7.8066659 ], [ 113.38004303, -7.8064599 ], [ 113.37953186, -7.80585003 ], [ 113.37908173, -7.80529022 ], [ 113.37857056, -7.80471992 ], [ 113.37818909, -7.80426979 ], [ 113.37802124, -7.80405998 ], [ 113.3779068, -7.80388021 ], [ 113.37786102, -7.80365992 ], [ 113.37779999, -7.80300999 ], [ 113.37779236, -7.80291271 ], [ 113.37773132, -7.80237007 ], [ 113.37772369, -7.80192995 ], [ 113.37773132, -7.80163002 ], [ 113.37776947, -7.80133009 ], [ 113.37779236, -7.80121946 ], [ 113.37786865, -7.80084991 ], [ 113.37802124, -7.80019999 ], [ 113.37815857, -7.79980993 ], [ 113.37821198, -7.79959011 ], [ 113.37818909, -7.79933977 ], [ 113.37809753, -7.79919004 ], [ 113.3779068, -7.79903984 ], [ 113.37753296, -7.79882002 ], [ 113.37698364, -7.79855061 ], [ 113.37687683, -7.79850006 ], [ 113.37645721, -7.79831982 ], [ 113.376091, -7.79806995 ], [ 113.37593079, -7.79782915 ], [ 113.37589264, -7.79759979 ], [ 113.37587738, -7.7973299 ], [ 113.37606812, -7.79707003 ], [ 113.37634277, -7.79678011 ], [ 113.37654877, -7.79651022 ], [ 113.37654114, -7.79636765 ], [ 113.37654114, -7.79623985 ], [ 113.37641144, -7.79590988 ], [ 113.37612915, -7.79567003 ], [ 113.37593079, -7.7954402 ], [ 113.37574005, -7.79525423 ], [ 113.37559509, -7.79499817 ], [ 113.37547302, -7.79476976 ], [ 113.37519836, -7.79430437 ], [ 113.37499237, -7.79399014 ], [ 113.37493134, -7.79389 ], [ 113.37489319, -7.79375982 ], [ 113.37490845, -7.79362011 ], [ 113.37493134, -7.79346418 ], [ 113.37497711, -7.79332018 ], [ 113.375, -7.79324007 ], [ 113.37522125, -7.79276991 ], [ 113.37526703, -7.79251003 ], [ 113.37529755, -7.79197264 ], [ 113.37532043, -7.79161978 ], [ 113.37538147, -7.79119015 ], [ 113.37550354, -7.7907691 ], [ 113.37557983, -7.79051018 ], [ 113.37568665, -7.79030466 ], [ 113.37580872, -7.79007006 ], [ 113.37605286, -7.78968477 ], [ 113.37619781, -7.78945017 ], [ 113.37654877, -7.78881979 ], [ 113.37677002, -7.78836012 ], [ 113.37693787, -7.78795004 ], [ 113.3769455, -7.78787661 ], [ 113.37696075, -7.78767014 ], [ 113.37699127, -7.78727007 ], [ 113.37702942, -7.78690004 ], [ 113.37716675, -7.78644991 ], [ 113.37743378, -7.78597021 ], [ 113.37773895, -7.78569984 ], [ 113.37805939, -7.78549004 ], [ 113.37854004, -7.78528976 ], [ 113.3789978, -7.78505993 ], [ 113.37924194, -7.78482008 ], [ 113.3794632, -7.78493023 ], [ 113.37953186, -7.78495979 ], [ 113.37968445, -7.78503418 ], [ 113.37992096, -7.78515005 ], [ 113.38024902, -7.78524113 ], [ 113.38046265, -7.78529978 ], [ 113.38124847, -7.78552008 ], [ 113.38169098, -7.78562737 ], [ 113.38182068, -7.78565788 ], [ 113.38195038, -7.78568983 ], [ 113.38207245, -7.78571367 ], [ 113.38230896, -7.78575993 ], [ 113.38259125, -7.78580999 ], [ 113.38316345, -7.78583002 ], [ 113.38379669, -7.78586006 ], [ 113.38464355, -7.78599024 ], [ 113.38522339, -7.78613997 ], [ 113.38574982, -7.78626013 ], [ 113.3861084, -7.78629017 ], [ 113.3862381, -7.78628016 ], [ 113.3864975, -7.78614998 ], [ 113.38757324, -7.7852602 ], [ 113.38813019, -7.78479004 ], [ 113.3883667, -7.78459978 ], [ 113.38912964, -7.78399992 ], [ 113.38961792, -7.78360987 ], [ 113.39008331, -7.78323984 ], [ 113.39057159, -7.78283024 ], [ 113.39073181, -7.78272343 ], [ 113.39083099, -7.78266001 ], [ 113.39192963, -7.78177977 ], [ 113.39237213, -7.78157997 ], [ 113.3931427, -7.78136015 ], [ 113.39408112, -7.78113985 ], [ 113.39511108, -7.78091002 ], [ 113.39607239, -7.78072977 ], [ 113.39697266, -7.78048992 ], [ 113.39752197, -7.78034019 ], [ 113.39798737, -7.78013992 ], [ 113.3983078, -7.78000021 ], [ 113.39878082, -7.77909994 ], [ 113.39910889, -7.77847004 ], [ 113.39923859, -7.77752018 ], [ 113.39926147, -7.77732992 ], [ 113.3992691, -7.77724981 ], [ 113.39929962, -7.77610016 ], [ 113.39929962, -7.77598 ], [ 113.39929962, -7.77553988 ], [ 113.39917755, -7.77495003 ], [ 113.39906311, -7.77455997 ], [ 113.3990097, -7.77419662 ], [ 113.39906311, -7.77408981 ], [ 113.39904785, -7.77400017 ], [ 113.39904022, -7.77390003 ], [ 113.39901733, -7.77378988 ], [ 113.39900208, -7.77361012 ], [ 113.3989563, -7.77318001 ], [ 113.3990097, -7.7730298 ], [ 113.39914703, -7.77256012 ], [ 113.39916229, -7.77232981 ], [ 113.39923096, -7.77225018 ], [ 113.3996582, -7.77172995 ], [ 113.40013885, -7.77112007 ], [ 113.40019226, -7.77107 ], [ 113.40067291, -7.77043009 ], [ 113.40110779, -7.76975012 ], [ 113.40155792, -7.76927996 ], [ 113.40202332, -7.76884985 ], [ 113.402771, -7.76837015 ], [ 113.40381622, -7.76769018 ], [ 113.40473938, -7.76715994 ], [ 113.40485382, -7.7671051 ], [ 113.40500641, -7.76703215 ], [ 113.40535736, -7.76686001 ], [ 113.40548706, -7.76680994 ], [ 113.40572357, -7.7667098 ], [ 113.40589905, -7.76664019 ], [ 113.40633392, -7.76650238 ], [ 113.40647125, -7.76645994 ], [ 113.40696716, -7.7664299 ], [ 113.40705872, -7.76641989 ], [ 113.40756226, -7.76643991 ], [ 113.40811157, -7.7664299 ], [ 113.40850067, -7.7665 ], [ 113.40885162, -7.76654005 ], [ 113.40881348, -7.76675987 ], [ 113.40876007, -7.76714373 ], [ 113.40876007, -7.76725006 ], [ 113.40878296, -7.76756001 ], [ 113.40843964, -7.76748991 ], [ 113.40828705, -7.76914978 ], [ 113.40860748, -7.76933002 ], [ 113.40853882, -7.76960993 ], [ 113.40791321, -7.76949978 ], [ 113.40747833, -7.77057981 ], [ 113.40738678, -7.77080011 ], [ 113.40760803, -7.77096987 ], [ 113.40727997, -7.77187014 ], [ 113.40693665, -7.77185011 ], [ 113.40654755, -7.77223015 ], [ 113.40619659, -7.77253008 ], [ 113.40611267, -7.77264977 ], [ 113.4059906, -7.77285004 ], [ 113.40592194, -7.7730298 ], [ 113.40593719, -7.77334976 ], [ 113.40596771, -7.77358198 ], [ 113.40599823, -7.77391005 ], [ 113.40605164, -7.77435017 ], [ 113.40613556, -7.77442741 ], [ 113.40635681, -7.77464008 ], [ 113.40650177, -7.77476978 ], [ 113.4069519, -7.77537012 ], [ 113.40712738, -7.77576017 ], [ 113.40743256, -7.7760601 ], [ 113.4079895, -7.77635002 ], [ 113.40849304, -7.77645016 ], [ 113.40914917, -7.77658987 ], [ 113.40962219, -7.7767601 ], [ 113.41010284, -7.77705002 ], [ 113.41024017, -7.77735996 ], [ 113.41030121, -7.77776003 ], [ 113.41033173, -7.77815008 ], [ 113.41026306, -7.7782979 ], [ 113.41017914, -7.77847004 ], [ 113.41007996, -7.77868986 ], [ 113.41004181, -7.77884007 ], [ 113.40988159, -7.7792902 ], [ 113.40953827, -7.77993011 ], [ 113.40950775, -7.78013992 ], [ 113.4093399, -7.78049994 ], [ 113.40911102, -7.78087997 ], [ 113.40885162, -7.7810998 ], [ 113.40859985, -7.78127003 ], [ 113.40852356, -7.78130007 ], [ 113.40836334, -7.78136015 ], [ 113.40805817, -7.78147984 ], [ 113.40775299, -7.78157997 ], [ 113.40746307, -7.78169012 ], [ 113.40731812, -7.78176022 ], [ 113.40724945, -7.78178978 ], [ 113.4072113, -7.78185987 ], [ 113.40721893, -7.78198004 ], [ 113.40737915, -7.78247023 ], [ 113.40751648, -7.78290987 ], [ 113.40772247, -7.78349018 ], [ 113.40808105, -7.78429985 ], [ 113.40844727, -7.78509998 ], [ 113.40875244, -7.78567982 ], [ 113.40886688, -7.7858901 ], [ 113.40892792, -7.78600979 ], [ 113.40904999, -7.78599024 ], [ 113.40927887, -7.78597021 ], [ 113.40968323, -7.78582001 ], [ 113.41007233, -7.78564978 ], [ 113.41031647, -7.78543997 ], [ 113.41053009, -7.78522015 ], [ 113.4105835, -7.78496981 ], [ 113.41056824, -7.78452015 ], [ 113.41062164, -7.78392982 ], [ 113.41075897, -7.78318024 ], [ 113.41079712, -7.78289986 ], [ 113.4108429, -7.78270006 ], [ 113.41104126, -7.78223991 ], [ 113.41130829, -7.78167915 ], [ 113.41143036, -7.78142977 ], [ 113.41152191, -7.78122902 ], [ 113.41162872, -7.78099012 ], [ 113.41181183, -7.78060007 ], [ 113.41208649, -7.77993011 ], [ 113.41223145, -7.77959013 ], [ 113.412323, -7.77944994 ], [ 113.41242218, -7.77940989 ], [ 113.41269684, -7.77939987 ], [ 113.41294861, -7.7794199 ], [ 113.41325378, -7.77946997 ], [ 113.41349792, -7.77961016 ], [ 113.4139328, -7.77993011 ], [ 113.41404724, -7.78002882 ], [ 113.41426849, -7.78022003 ], [ 113.4145813, -7.78045988 ], [ 113.41471863, -7.78053999 ], [ 113.41506195, -7.78072977 ], [ 113.41545868, -7.78091002 ], [ 113.41581726, -7.78093481 ], [ 113.41589355, -7.78094006 ], [ 113.41649628, -7.78105021 ], [ 113.41732025, -7.7802 ], [ 113.41766357, -7.77987003 ], [ 113.41803741, -7.77950001 ], [ 113.41905212, -7.77844 ], [ 113.42008972, -7.77739 ], [ 113.42092896, -7.77654982 ], [ 113.42192841, -7.77553988 ], [ 113.42227173, -7.77521992 ], [ 113.42234802, -7.77514267 ], [ 113.42259216, -7.77489996 ], [ 113.42339325, -7.77405977 ], [ 113.42346954, -7.77403212 ], [ 113.42391205, -7.77386999 ], [ 113.42471313, -7.77370977 ], [ 113.42555237, -7.7736001 ], [ 113.42635345, -7.77344561 ], [ 113.42649078, -7.77341986 ], [ 113.42693329, -7.77336979 ], [ 113.42711639, -7.77334023 ], [ 113.42771149, -7.77320004 ], [ 113.4281311, -7.77316999 ], [ 113.42841339, -7.77316999 ], [ 113.42861176, -7.77320099 ], [ 113.42874146, -7.77323008 ], [ 113.42865753, -7.77354002 ], [ 113.42878723, -7.77356339 ], [ 113.43022919, -7.77381897 ], [ 113.43101501, -7.77400351 ], [ 113.43117523, -7.77417564 ], [ 113.43148804, -7.77426767 ], [ 113.43154144, -7.77415514 ], [ 113.43172455, -7.77418423 ], [ 113.43186188, -7.77425289 ], [ 113.43228149, -7.77426195 ], [ 113.43244934, -7.77422619 ], [ 113.43262482, -7.77429485 ], [ 113.43286133, -7.77438593 ], [ 113.43295288, -7.77453566 ], [ 113.43322754, -7.77461481 ], [ 113.43334961, -7.77459192 ], [ 113.43351746, -7.77450943 ], [ 113.43362427, -7.77448559 ], [ 113.43391418, -7.77437973 ], [ 113.43408966, -7.77430964 ], [ 113.43431091, -7.77451611 ], [ 113.43450165, -7.77448273 ], [ 113.43465424, -7.7744565 ], [ 113.43505859, -7.77447748 ], [ 113.43509674, -7.77440786 ], [ 113.43516541, -7.7741065 ], [ 113.43541718, -7.77413845 ], [ 113.43550873, -7.77415085 ], [ 113.43570709, -7.77408028 ], [ 113.43588257, -7.77410269 ], [ 113.43598938, -7.77415991 ], [ 113.43614197, -7.77424002 ], [ 113.43666077, -7.77431774 ], [ 113.43696594, -7.77436209 ], [ 113.43718719, -7.77436924 ], [ 113.43727875, -7.7743721 ], [ 113.43787384, -7.77449989 ], [ 113.43801117, -7.7745285 ], [ 113.43802643, -7.77464008 ], [ 113.43810272, -7.7746892 ], [ 113.43823242, -7.77466679 ], [ 113.43843842, -7.77476931 ], [ 113.43848419, -7.77490187 ], [ 113.43871307, -7.77514505 ], [ 113.43891907, -7.77523279 ], [ 113.43917847, -7.77530527 ], [ 113.43927002, -7.77529001 ], [ 113.43940735, -7.77528667 ], [ 113.43966675, -7.77528 ], [ 113.43985748, -7.77527905 ], [ 113.44012451, -7.77538109 ], [ 113.44015503, -7.77549171 ], [ 113.439888, -7.77615929 ], [ 113.43997955, -7.77640343 ], [ 113.44010925, -7.77651358 ], [ 113.44033051, -7.77654171 ], [ 113.4404068, -7.77664518 ], [ 113.44043732, -7.77672625 ], [ 113.44059753, -7.77674007 ], [ 113.44081116, -7.77654648 ], [ 113.44091034, -7.77650881 ], [ 113.44113159, -7.77650738 ], [ 113.44133759, -7.77662468 ], [ 113.44139862, -7.77677965 ], [ 113.4414978, -7.77685356 ], [ 113.44160461, -7.77683067 ], [ 113.44174194, -7.77688885 ], [ 113.44195557, -7.77730942 ], [ 113.44204712, -7.77710772 ], [ 113.44203949, -7.77741003 ], [ 113.44200134, -7.77775002 ], [ 113.44197083, -7.77815008 ], [ 113.44197845, -7.77851009 ], [ 113.44199371, -7.77895021 ], [ 113.44203186, -7.77930021 ], [ 113.44204712, -7.77956009 ], [ 113.44206238, -7.77986002 ], [ 113.44206238, -7.78018999 ], [ 113.44203186, -7.78044987 ], [ 113.4420166, -7.78076982 ], [ 113.4420166, -7.78086519 ], [ 113.44200897, -7.78120995 ], [ 113.44204712, -7.78221989 ], [ 113.44207001, -7.78277016 ], [ 113.44207001, -7.78304005 ], [ 113.44278717, -7.78316021 ], [ 113.44407654, -7.78322983 ], [ 113.44525909, -7.78328991 ], [ 113.44592285, -7.7834301 ], [ 113.44654083, -7.78357983 ], [ 113.44715118, -7.78389978 ], [ 113.44756317, -7.78431988 ], [ 113.44792938, -7.78480005 ], [ 113.44812775, -7.78523016 ], [ 113.44828033, -7.78556013 ], [ 113.44837952, -7.78591251 ], [ 113.44824982, -7.78652 ], [ 113.44818115, -7.78697014 ], [ 113.44809723, -7.78766012 ], [ 113.44808197, -7.78782988 ], [ 113.44802856, -7.78814983 ], [ 113.44796753, -7.7887001 ], [ 113.44792938, -7.78909731 ], [ 113.44789886, -7.78939009 ], [ 113.44780731, -7.79006004 ], [ 113.44776154, -7.79062366 ], [ 113.44773865, -7.79083014 ], [ 113.44772339, -7.79114008 ], [ 113.44774628, -7.79129982 ], [ 113.44779968, -7.79136992 ], [ 113.44802856, -7.79162216 ], [ 113.44864655, -7.79230022 ], [ 113.44888306, -7.79257011 ], [ 113.44892883, -7.7926302 ], [ 113.44904327, -7.79287004 ], [ 113.4492569, -7.79354 ], [ 113.4493103, -7.79361916 ], [ 113.44941711, -7.79378986 ], [ 113.45140076, -7.7947402 ], [ 113.45146942, -7.79476833 ], [ 113.45207214, -7.79507017 ], [ 113.45263672, -7.79530001 ], [ 113.45252991, -7.79622984 ], [ 113.45252991, -7.79638004 ], [ 113.45269012, -7.79654741 ], [ 113.45278931, -7.79664993 ], [ 113.45301056, -7.79682016 ], [ 113.45330811, -7.7969799 ], [ 113.45339966, -7.79705 ], [ 113.45355225, -7.7972002 ], [ 113.45374298, -7.79747009 ], [ 113.45378113, -7.79756021 ], [ 113.45394897, -7.79775 ], [ 113.45432281, -7.79817581 ], [ 113.45449829, -7.79837894 ], [ 113.45456696, -7.79847002 ], [ 113.45462799, -7.79855013 ], [ 113.45478058, -7.79869986 ], [ 113.45494843, -7.79892015 ], [ 113.45522308, -7.79931021 ], [ 113.45558167, -7.79961014 ], [ 113.45574951, -7.79976988 ], [ 113.45588684, -7.8000598 ], [ 113.45593262, -7.800179 ], [ 113.45599365, -7.80032015 ], [ 113.45599365, -7.80084991 ], [ 113.45606995, -7.80172014 ], [ 113.45606995, -7.80190992 ], [ 113.45610809, -7.80248022 ], [ 113.45610046, -7.8031702 ], [ 113.45603943, -7.80362988 ], [ 113.45597076, -7.80423021 ], [ 113.45586395, -7.80489349 ], [ 113.45584869, -7.80496979 ], [ 113.45571899, -7.80574989 ], [ 113.45565796, -7.80615997 ], [ 113.45559692, -7.80651999 ], [ 113.45549774, -7.80736017 ], [ 113.45545959, -7.80771017 ], [ 113.45545197, -7.80834007 ], [ 113.45540619, -7.80878019 ], [ 113.45539856, -7.80914021 ], [ 113.45522308, -7.80921984 ], [ 113.4549408, -7.80910015 ], [ 113.45467377, -7.80904007 ], [ 113.45450592, -7.80901003 ], [ 113.45433807, -7.80897999 ], [ 113.45394897, -7.80895996 ], [ 113.45387268, -7.80895996 ], [ 113.45342255, -7.80891991 ], [ 113.45291901, -7.80890989 ], [ 113.45256042, -7.80894995 ], [ 113.4523468, -7.80903006 ], [ 113.45214081, -7.80917978 ], [ 113.45197296, -7.80944014 ], [ 113.45175171, -7.81002998 ], [ 113.45159149, -7.81052017 ], [ 113.45146942, -7.81081009 ], [ 113.45127106, -7.81114006 ], [ 113.45111084, -7.81138992 ], [ 113.45098877, -7.81167984 ], [ 113.45082855, -7.81175995 ], [ 113.45069885, -7.81206989 ], [ 113.45059204, -7.81236982 ], [ 113.45043182, -7.8125701 ], [ 113.4503479, -7.81267023 ], [ 113.45037079, -7.81275988 ], [ 113.45056152, -7.81278992 ], [ 113.45066071, -7.81279993 ], [ 113.45072174, -7.81286001 ], [ 113.45027161, -7.81408024 ], [ 113.45023346, -7.81419992 ], [ 113.4500885, -7.81444979 ], [ 113.44989777, -7.81482983 ], [ 113.44973755, -7.81500006 ], [ 113.4495163, -7.81519985 ], [ 113.44927979, -7.81534004 ], [ 113.44911957, -7.81522989 ], [ 113.44882202, -7.81516981 ], [ 113.44869232, -7.81517982 ], [ 113.44856262, -7.81534004 ], [ 113.44844818, -7.81564999 ], [ 113.44845581, -7.81596184 ], [ 113.44846344, -7.81618977 ], [ 113.44847107, -7.81655979 ], [ 113.44831848, -7.81742001 ], [ 113.44818115, -7.81799984 ], [ 113.44809723, -7.81818008 ], [ 113.44792175, -7.81832981 ], [ 113.44782257, -7.81843996 ], [ 113.44766998, -7.81857014 ], [ 113.44728088, -7.81879997 ], [ 113.44676208, -7.8190999 ], [ 113.44606781, -7.81943989 ], [ 113.44586945, -7.81957006 ], [ 113.44577789, -7.81968021 ], [ 113.44577026, -7.81993008 ], [ 113.44583893, -7.82021999 ], [ 113.44586945, -7.82033014 ], [ 113.44582367, -7.82043982 ], [ 113.44554138, -7.82060003 ], [ 113.44528198, -7.82069016 ], [ 113.44480896, -7.82078981 ], [ 113.44429016, -7.82097006 ], [ 113.44412231, -7.82107019 ], [ 113.44405365, -7.82116985 ], [ 113.44412231, -7.82144022 ], [ 113.44423676, -7.82168007 ], [ 113.4444809, -7.82196999 ], [ 113.44483948, -7.82234001 ], [ 113.44494629, -7.82253408 ], [ 113.44500732, -7.82263994 ], [ 113.44509125, -7.82274008 ], [ 113.44489288, -7.82282019 ], [ 113.44471741, -7.82286692 ], [ 113.44455719, -7.82290983 ], [ 113.44441223, -7.82285976 ], [ 113.44406891, -7.82261992 ], [ 113.44387054, -7.82251978 ], [ 113.44358063, -7.82252979 ], [ 113.44332886, -7.82247019 ], [ 113.44338989, -7.82233 ], [ 113.44345856, -7.82204008 ], [ 113.44335938, -7.82207012 ], [ 113.44315338, -7.82212019 ], [ 113.44267273, -7.82239008 ], [ 113.44216919, -7.82257986 ], [ 113.44140625, -7.8227706 ], [ 113.44132996, -7.82279015 ], [ 113.44088745, -7.82284021 ], [ 113.44000244, -7.82294989 ], [ 113.43978119, -7.82297993 ], [ 113.43907928, -7.82293987 ], [ 113.43882751, -7.82292986 ], [ 113.4384613, -7.8228898 ], [ 113.43833923, -7.82275009 ], [ 113.43824768, -7.82256985 ], [ 113.43820953, -7.82250023 ], [ 113.43813324, -7.82239008 ], [ 113.43801117, -7.82233 ], [ 113.43778992, -7.82230997 ], [ 113.43749237, -7.82241011 ], [ 113.43702698, -7.82231998 ], [ 113.43682098, -7.82227278 ], [ 113.43643951, -7.82221985 ], [ 113.436203, -7.82220984 ], [ 113.43554688, -7.82220984 ], [ 113.4352417, -7.82217979 ], [ 113.43504333, -7.82215977 ] ] ] ] } },
{ "type": "Feature", "properties": { "GID_0": "IDN", "NAME_0": "Indonesia", "GID_1": "IDN.11_1", "NAME_1": "Jawa Timur", "NL_NAME_1": null, "GID_2": "IDN.11.30_1", "NAME_2": "Probolinggo", "NL_NAME_2": null, "GID_3": "IDN.11.30.10_1", "NAME_3": "Krucil", "VARNAME_3": null, "NL_NAME_3": null, "TYPE_3": "Kecamatan", "ENGTYPE_3": "Sub-district", "CC_3": "3513090", "HASC_3": null }, "geometry": { "type": "MultiPolygon", "coordinates": [ [ [ [ 113.52790833, -8.01263618 ], [ 113.52807617, -8.01324081 ], [ 113.5281601, -8.01398087 ], [ 113.52825165, -8.01435661 ], [ 113.5286026, -8.01512241 ], [ 113.52871704, -8.01570702 ], [ 113.52872467, -8.01600075 ], [ 113.52867126, -8.01634979 ], [ 113.5286026, -8.01664352 ], [ 113.52841949, -8.01685333 ], [ 113.52813721, -8.01692486 ], [ 113.52758789, -8.01698208 ], [ 113.52713013, -8.01683331 ], [ 113.5259552, -8.01661777 ], [ 113.52329254, -8.01504803 ], [ 113.52317047, -8.01502228 ], [ 113.52297211, -8.01498413 ], [ 113.52281189, -8.01495552 ], [ 113.52259064, -8.01496983 ], [ 113.52245331, -8.01500225 ], [ 113.52222443, -8.01501083 ], [ 113.52203369, -8.01501083 ], [ 113.52172089, -8.01499367 ], [ 113.521492, -8.01495075 ], [ 113.5212326, -8.01487255 ], [ 113.52086639, -8.01477051 ], [ 113.52014923, -8.01458931 ], [ 113.51996613, -8.01455975 ], [ 113.51970673, -8.01462078 ], [ 113.51934814, -8.01459789 ], [ 113.51895905, -8.01447105 ], [ 113.51865387, -8.01433945 ], [ 113.51845551, -8.01426601 ], [ 113.51818085, -8.0141058 ], [ 113.51804352, -8.01407623 ], [ 113.51729584, -8.01405239 ], [ 113.51712799, -8.01404953 ], [ 113.5169754, -8.01405907 ], [ 113.51661682, -8.01399803 ], [ 113.51600647, -8.01391029 ], [ 113.51526642, -8.01385403 ], [ 113.51487732, -8.01390934 ], [ 113.51464081, -8.01388073 ], [ 113.51415253, -8.01375198 ], [ 113.51377869, -8.01356602 ], [ 113.51345062, -8.01335907 ], [ 113.51300049, -8.01313019 ], [ 113.51268005, -8.01303673 ], [ 113.51235199, -8.01292038 ], [ 113.51206207, -8.01275444 ], [ 113.51187134, -8.01255131 ], [ 113.51165009, -8.01231194 ], [ 113.51154327, -8.01224709 ], [ 113.51127625, -8.01207924 ], [ 113.5109787, -8.01179409 ], [ 113.51093292, -8.01173306 ], [ 113.51083374, -8.01160908 ], [ 113.51075745, -8.01160049 ], [ 113.51004028, -8.01150227 ], [ 113.50987244, -8.01140022 ], [ 113.50975037, -8.01124477 ], [ 113.509552, -8.01098442 ], [ 113.50935364, -8.01088142 ], [ 113.50914001, -8.01085472 ], [ 113.50868988, -8.01082516 ], [ 113.5083847, -8.01071453 ], [ 113.50813293, -8.01062584 ], [ 113.50773621, -8.0104599 ], [ 113.50730896, -8.01018333 ], [ 113.50693512, -8.00994205 ], [ 113.50685883, -8.00986481 ], [ 113.50665283, -8.00970173 ], [ 113.50634766, -8.00959778 ], [ 113.50610352, -8.00947857 ], [ 113.50576782, -8.00925446 ], [ 113.50572205, -8.00914955 ], [ 113.50563049, -8.00903797 ], [ 113.50538635, -8.0088625 ], [ 113.50513458, -8.00875854 ], [ 113.50476074, -8.00853634 ], [ 113.50465393, -8.00839996 ], [ 113.50463104, -8.00827122 ], [ 113.50462341, -8.00819111 ], [ 113.50460815, -8.00770664 ], [ 113.50453186, -8.00752735 ], [ 113.50419617, -8.0072279 ], [ 113.50404358, -8.00720501 ], [ 113.50382996, -8.00726032 ], [ 113.50363159, -8.00730705 ], [ 113.50344849, -8.00727654 ], [ 113.50258636, -8.00700665 ], [ 113.50239563, -8.0068922 ], [ 113.50217438, -8.00673103 ], [ 113.50199127, -8.00657558 ], [ 113.50149536, -8.00609779 ], [ 113.50128937, -8.00604153 ], [ 113.50113678, -8.00609016 ], [ 113.5010376, -8.00625706 ], [ 113.50098419, -8.00642395 ], [ 113.50096893, -8.00680542 ], [ 113.50097656, -8.0073967 ], [ 113.50086975, -8.00742435 ], [ 113.5006485, -8.0073595 ], [ 113.50035095, -8.00717354 ], [ 113.50004578, -8.00691891 ], [ 113.5, -8.00685978 ], [ 113.49995422, -8.00679398 ], [ 113.49993896, -8.00665092 ], [ 113.49993134, -8.00589466 ], [ 113.49983978, -8.00578499 ], [ 113.49968719, -8.00569248 ], [ 113.49951935, -8.00569057 ], [ 113.49940491, -8.00577641 ], [ 113.49927521, -8.0059433 ], [ 113.4990387, -8.00624943 ], [ 113.49886322, -8.00628948 ], [ 113.49859619, -8.00623798 ], [ 113.49832916, -8.00609589 ], [ 113.49820709, -8.00595284 ], [ 113.4980011, -8.00536919 ], [ 113.4977951, -8.00520229 ], [ 113.49765015, -8.00516987 ], [ 113.49723053, -8.00514412 ], [ 113.49691772, -8.00496578 ], [ 113.49677277, -8.00496674 ], [ 113.4962616, -8.0050602 ], [ 113.49610138, -8.00504398 ], [ 113.49559021, -8.00492191 ], [ 113.49554443, -8.00458527 ], [ 113.49484253, -8.00517654 ], [ 113.49463654, -8.00520039 ], [ 113.49442291, -8.00512505 ], [ 113.49427795, -8.00499058 ], [ 113.49423218, -8.00482464 ], [ 113.4941864, -8.00438786 ], [ 113.49422455, -8.00402737 ], [ 113.49429321, -8.00381851 ], [ 113.49456787, -8.00328732 ], [ 113.49454498, -8.00298405 ], [ 113.49438477, -8.00276852 ], [ 113.4942627, -8.00261593 ], [ 113.49417877, -8.00220299 ], [ 113.49407959, -8.00207901 ], [ 113.49328613, -8.00156307 ], [ 113.49292755, -8.00126362 ], [ 113.49238586, -8.00080299 ], [ 113.4923172, -8.00066376 ], [ 113.49230194, -8.00045776 ], [ 113.49227142, -8.00022507 ], [ 113.49224854, -7.99999952 ], [ 113.49223328, -7.99981785 ], [ 113.49219513, -7.99930859 ], [ 113.49212646, -7.99914837 ], [ 113.49200439, -7.99904251 ], [ 113.49177551, -7.99897718 ], [ 113.49152374, -7.99898911 ], [ 113.49102783, -7.99922132 ], [ 113.4908905, -7.99928856 ], [ 113.49072266, -7.99930477 ], [ 113.49060059, -7.99921227 ], [ 113.49039459, -7.99885988 ], [ 113.49034882, -7.99866819 ], [ 113.49033356, -7.99850416 ], [ 113.49029541, -7.9982214 ], [ 113.49028015, -7.99787188 ], [ 113.49020386, -7.99745226 ], [ 113.49015808, -7.9973464 ], [ 113.49012756, -7.99727488 ], [ 113.49000549, -7.99709368 ], [ 113.48977661, -7.99692297 ], [ 113.48923492, -7.99671173 ], [ 113.48863983, -7.99663019 ], [ 113.48804474, -7.99662971 ], [ 113.48786926, -7.99665308 ], [ 113.48778534, -7.99666929 ], [ 113.48754883, -7.99674129 ], [ 113.48690033, -7.99699497 ], [ 113.48677826, -7.99704218 ], [ 113.48653412, -7.99703836 ], [ 113.48605347, -7.99694204 ], [ 113.48581696, -7.99682713 ], [ 113.48544312, -7.99649525 ], [ 113.48513794, -7.99600935 ], [ 113.48498535, -7.99597836 ], [ 113.48480225, -7.9960146 ], [ 113.48477173, -7.9960947 ], [ 113.48482513, -7.99638891 ], [ 113.48480225, -7.99661589 ], [ 113.48471069, -7.9967041 ], [ 113.48455811, -7.99673748 ], [ 113.48418427, -7.99674463 ], [ 113.4837265, -7.99663782 ], [ 113.48332214, -7.99655724 ], [ 113.48298645, -7.99649096 ], [ 113.48278809, -7.99638605 ], [ 113.48274231, -7.99618721 ], [ 113.48283386, -7.99593544 ], [ 113.48294067, -7.99559164 ], [ 113.48287964, -7.99549818 ], [ 113.48232269, -7.99492121 ], [ 113.48231506, -7.99475145 ], [ 113.48232269, -7.99416399 ], [ 113.48228455, -7.99408102 ], [ 113.48220062, -7.99401331 ], [ 113.48191071, -7.99374962 ], [ 113.48178101, -7.99337816 ], [ 113.48168945, -7.99314308 ], [ 113.48150635, -7.99295759 ], [ 113.48132324, -7.99289131 ], [ 113.48100281, -7.99275351 ], [ 113.48078918, -7.99263096 ], [ 113.48042297, -7.99240303 ], [ 113.48001862, -7.99211979 ], [ 113.4797821, -7.99205017 ], [ 113.4793396, -7.99191999 ], [ 113.47894287, -7.99168015 ], [ 113.47870636, -7.99144983 ], [ 113.47821808, -7.99097013 ], [ 113.47779846, -7.99073982 ], [ 113.47731781, -7.99040985 ], [ 113.47686768, -7.99037981 ], [ 113.47660065, -7.99035978 ], [ 113.47627258, -7.99033022 ], [ 113.47583008, -7.99033022 ], [ 113.47509003, -7.99048996 ], [ 113.47479248, -7.99054003 ], [ 113.47444916, -7.9907198 ], [ 113.47440338, -7.99081993 ], [ 113.47427368, -7.99101019 ], [ 113.47420502, -7.9910326 ], [ 113.47406006, -7.99107981 ], [ 113.47389984, -7.99113989 ], [ 113.47367859, -7.99122 ], [ 113.47354126, -7.99129009 ], [ 113.47316742, -7.99152994 ], [ 113.47297668, -7.99171019 ], [ 113.47277069, -7.99191999 ], [ 113.47260284, -7.99216986 ], [ 113.47254181, -7.99234009 ], [ 113.47255707, -7.99256992 ], [ 113.47267914, -7.99300003 ], [ 113.47273254, -7.99311829 ], [ 113.47289276, -7.99350023 ], [ 113.47280121, -7.99396992 ], [ 113.47270203, -7.99439001 ], [ 113.47257996, -7.9945302 ], [ 113.47238159, -7.99459982 ], [ 113.47212982, -7.99460983 ], [ 113.47184753, -7.99456978 ], [ 113.47162628, -7.99445009 ], [ 113.47097778, -7.99407005 ], [ 113.47058868, -7.9938798 ], [ 113.4701767, -7.99381018 ], [ 113.4699173, -7.99388981 ], [ 113.46963501, -7.99412441 ], [ 113.46946716, -7.99435997 ], [ 113.46906281, -7.99487019 ], [ 113.46888733, -7.9949398 ], [ 113.46826935, -7.99515009 ], [ 113.46820831, -7.99519539 ], [ 113.46804047, -7.99531984 ], [ 113.46782684, -7.99553013 ], [ 113.46777344, -7.99566984 ], [ 113.467659, -7.9958601 ], [ 113.46755219, -7.99594021 ], [ 113.4673996, -7.99596024 ], [ 113.46710968, -7.99592018 ], [ 113.46672058, -7.99579 ], [ 113.46640778, -7.99567986 ], [ 113.46630096, -7.99566984 ], [ 113.4659729, -7.99576998 ], [ 113.46573639, -7.99592018 ], [ 113.46530914, -7.99631023 ], [ 113.46494293, -7.9966898 ], [ 113.4647522, -7.99670982 ], [ 113.4646225, -7.99665022 ], [ 113.46443176, -7.99646997 ], [ 113.4641037, -7.99620008 ], [ 113.46392822, -7.99623013 ], [ 113.46357727, -7.99630022 ], [ 113.46350098, -7.99626017 ], [ 113.46337891, -7.99611998 ], [ 113.46330261, -7.99590015 ], [ 113.46315765, -7.9956398 ], [ 113.46302795, -7.99554014 ], [ 113.46295929, -7.9955101 ], [ 113.46279907, -7.99544001 ], [ 113.46251678, -7.99538994 ], [ 113.46231842, -7.9953599 ], [ 113.46189117, -7.99525023 ], [ 113.46172333, -7.9952302 ], [ 113.46141815, -7.99529982 ], [ 113.46130371, -7.99530983 ], [ 113.46099091, -7.99533987 ], [ 113.46080017, -7.99525023 ], [ 113.46034241, -7.99490023 ], [ 113.46022034, -7.99461985 ], [ 113.46013641, -7.99444008 ], [ 113.46002197, -7.99416018 ], [ 113.4599762, -7.99369001 ], [ 113.45983124, -7.99358988 ], [ 113.45957184, -7.99350977 ], [ 113.45950317, -7.99339008 ], [ 113.45932007, -7.99301004 ], [ 113.45886993, -7.99196005 ], [ 113.4588089, -7.99187994 ], [ 113.45858002, -7.99179983 ], [ 113.45835876, -7.99171019 ], [ 113.4581604, -7.9914999 ], [ 113.45807648, -7.99139023 ], [ 113.45802307, -7.99129009 ], [ 113.45799255, -7.99120998 ], [ 113.45793152, -7.99097013 ], [ 113.45787811, -7.99076986 ], [ 113.45773315, -7.99061012 ], [ 113.45757294, -7.99056005 ], [ 113.45722961, -7.99060011 ], [ 113.45690918, -7.9905901 ], [ 113.45664215, -7.99049997 ], [ 113.45632935, -7.99039984 ], [ 113.45552826, -7.99003983 ], [ 113.45546722, -7.98999977 ], [ 113.45523071, -7.98993015 ], [ 113.45513153, -7.98994017 ], [ 113.45496368, -7.99000978 ], [ 113.45487976, -7.99004984 ], [ 113.45465088, -7.9902091 ], [ 113.45417786, -7.99054003 ], [ 113.45401001, -7.99053001 ], [ 113.45362091, -7.99038982 ], [ 113.45340729, -7.99027014 ], [ 113.45319366, -7.99018002 ], [ 113.45297241, -7.99014997 ], [ 113.4524231, -7.9902401 ], [ 113.45230103, -7.99033022 ], [ 113.45204163, -7.99054003 ], [ 113.45191956, -7.99064016 ], [ 113.45139313, -7.99109983 ], [ 113.45121765, -7.99110985 ], [ 113.45079041, -7.9910202 ], [ 113.45050812, -7.99085999 ], [ 113.45002747, -7.99046993 ], [ 113.44976044, -7.99012995 ], [ 113.4496994, -7.99003983 ], [ 113.44965363, -7.98998022 ], [ 113.44944, -7.98979998 ], [ 113.44924927, -7.98971987 ], [ 113.44904327, -7.98967981 ], [ 113.44834137, -7.98960018 ], [ 113.44814301, -7.98944998 ], [ 113.44772339, -7.98918009 ], [ 113.44753265, -7.98912001 ], [ 113.44728088, -7.98906994 ], [ 113.44693756, -7.98898983 ], [ 113.44628143, -7.98894978 ], [ 113.44589996, -7.98901987 ], [ 113.44570923, -7.9889698 ], [ 113.44496918, -7.98873997 ], [ 113.44486237, -7.98818016 ], [ 113.44480896, -7.98791981 ], [ 113.44477081, -7.98774004 ], [ 113.4447937, -7.98731995 ], [ 113.44484711, -7.98669004 ], [ 113.44477081, -7.98601007 ], [ 113.44470978, -7.98553991 ], [ 113.44445801, -7.98421001 ], [ 113.44425201, -7.98378992 ], [ 113.44296265, -7.98213005 ], [ 113.44255066, -7.98091412 ], [ 113.44241333, -7.98049021 ], [ 113.44225311, -7.9799304 ], [ 113.44210052, -7.97941017 ], [ 113.44207764, -7.97932005 ], [ 113.44158936, -7.97836018 ], [ 113.4408493, -7.97719002 ], [ 113.44059753, -7.97684669 ], [ 113.43994141, -7.97596979 ], [ 113.43942261, -7.97536993 ], [ 113.43936157, -7.9753232 ], [ 113.4386673, -7.97478008 ], [ 113.43830872, -7.97464991 ], [ 113.43797302, -7.97468996 ], [ 113.43778992, -7.97455978 ], [ 113.4377594, -7.97446012 ], [ 113.43771362, -7.97427988 ], [ 113.43753052, -7.97420979 ], [ 113.43733978, -7.97426987 ], [ 113.43681335, -7.97445011 ], [ 113.43663025, -7.97435999 ], [ 113.43654633, -7.97422981 ], [ 113.4365387, -7.97405005 ], [ 113.4365387, -7.97379017 ], [ 113.4363327, -7.9735198 ], [ 113.43618774, -7.97340012 ], [ 113.43601227, -7.97341013 ], [ 113.43590546, -7.97342634 ], [ 113.43543243, -7.97349977 ], [ 113.43496704, -7.97342014 ], [ 113.43489075, -7.97337008 ], [ 113.43489838, -7.9732399 ], [ 113.43489075, -7.9731102 ], [ 113.43473816, -7.9730401 ], [ 113.43419647, -7.9724102 ], [ 113.43409729, -7.97217989 ], [ 113.43398285, -7.97187996 ], [ 113.43383789, -7.97135019 ], [ 113.4336319, -7.97080231 ], [ 113.43334961, -7.9700799 ], [ 113.4332428, -7.96981001 ], [ 113.43315125, -7.96962976 ], [ 113.43286133, -7.96921015 ], [ 113.43273163, -7.96899986 ], [ 113.43222809, -7.96822023 ], [ 113.43148041, -7.96706009 ], [ 113.43096161, -7.966362 ], [ 113.43066406, -7.96594858 ], [ 113.43013, -7.96491003 ], [ 113.42993164, -7.96448994 ], [ 113.42978668, -7.96429014 ], [ 113.42935944, -7.96351337 ], [ 113.42906189, -7.96296978 ], [ 113.42904663, -7.96285009 ], [ 113.42902374, -7.96271992 ], [ 113.4287262, -7.96240997 ], [ 113.4285202, -7.96202993 ], [ 113.42839813, -7.96183014 ], [ 113.42838287, -7.96170998 ], [ 113.42832947, -7.96136999 ], [ 113.42829895, -7.96046019 ], [ 113.4282608, -7.95986986 ], [ 113.42814636, -7.95913982 ], [ 113.42788696, -7.95780993 ], [ 113.427742, -7.9573102 ], [ 113.42756653, -7.95672989 ], [ 113.42716217, -7.95577002 ], [ 113.42671967, -7.95493984 ], [ 113.42648315, -7.95430994 ], [ 113.42614746, -7.95382977 ], [ 113.4258194, -7.95338011 ], [ 113.42569733, -7.95318985 ], [ 113.42534637, -7.95263004 ], [ 113.42481995, -7.9520998 ], [ 113.42459106, -7.95163012 ], [ 113.42459106, -7.9513998 ], [ 113.42456055, -7.95059013 ], [ 113.42456818, -7.94995022 ], [ 113.42440033, -7.94936991 ], [ 113.42420959, -7.94862986 ], [ 113.42395782, -7.94822979 ], [ 113.42398071, -7.94766998 ], [ 113.42411041, -7.94702005 ], [ 113.42411804, -7.94692326 ], [ 113.42415619, -7.94663811 ], [ 113.42417908, -7.94639015 ], [ 113.42388153, -7.94567013 ], [ 113.42371368, -7.94497013 ], [ 113.42289734, -7.94351006 ], [ 113.42199707, -7.94215012 ], [ 113.42179871, -7.94178009 ], [ 113.42159271, -7.94156981 ], [ 113.4214325, -7.9412899 ], [ 113.42140198, -7.94114017 ], [ 113.4213562, -7.9409399 ], [ 113.42118073, -7.94051981 ], [ 113.42092896, -7.94034004 ], [ 113.42050171, -7.93943977 ], [ 113.42034149, -7.93899012 ], [ 113.4201889, -7.93832016 ], [ 113.42003632, -7.93748999 ], [ 113.42002869, -7.93741608 ], [ 113.41993713, -7.93665981 ], [ 113.41983032, -7.93627977 ], [ 113.41969299, -7.93577003 ], [ 113.41928864, -7.93486977 ], [ 113.41876984, -7.93420982 ], [ 113.41819, -7.93324995 ], [ 113.41790771, -7.93265009 ], [ 113.41786194, -7.93201017 ], [ 113.41770935, -7.93141985 ], [ 113.41748047, -7.93056011 ], [ 113.41710663, -7.92958021 ], [ 113.41651917, -7.92858982 ], [ 113.41589355, -7.9275198 ], [ 113.41560364, -7.92705107 ], [ 113.41509247, -7.92620993 ], [ 113.41484833, -7.92521 ], [ 113.41474915, -7.92461872 ], [ 113.41468811, -7.92424011 ], [ 113.41452026, -7.9236002 ], [ 113.41436005, -7.92287016 ], [ 113.41387177, -7.92212009 ], [ 113.4134903, -7.92154741 ], [ 113.41332245, -7.92128992 ], [ 113.4131012, -7.92090988 ], [ 113.41259766, -7.9200902 ], [ 113.41163635, -7.91901016 ], [ 113.41117096, -7.91823006 ], [ 113.41091919, -7.91772985 ], [ 113.41066742, -7.91726017 ], [ 113.41055298, -7.9169898 ], [ 113.41021729, -7.91625023 ], [ 113.41001129, -7.91597509 ], [ 113.40950775, -7.91531992 ], [ 113.40923309, -7.91492987 ], [ 113.40892792, -7.91442013 ], [ 113.40969849, -7.91403008 ], [ 113.40978241, -7.9138999 ], [ 113.4098587, -7.91378021 ], [ 113.41004181, -7.91352987 ], [ 113.41014099, -7.91341019 ], [ 113.41023254, -7.91332006 ], [ 113.41042328, -7.91313982 ], [ 113.41053009, -7.91305017 ], [ 113.41072083, -7.91290998 ], [ 113.41065216, -7.91243982 ], [ 113.4105072, -7.9122901 ], [ 113.41020203, -7.91204023 ], [ 113.41002655, -7.91189003 ], [ 113.40946198, -7.91125011 ], [ 113.4094162, -7.91110992 ], [ 113.40943146, -7.91092014 ], [ 113.40955353, -7.91055012 ], [ 113.40959167, -7.91035986 ], [ 113.40956116, -7.91020012 ], [ 113.40947723, -7.91009998 ], [ 113.40930176, -7.90997982 ], [ 113.40892029, -7.90983009 ], [ 113.40805817, -7.90952015 ], [ 113.40775299, -7.90930986 ], [ 113.40753937, -7.90909004 ], [ 113.4074173, -7.90883017 ], [ 113.40734863, -7.90860987 ], [ 113.40724182, -7.90826988 ], [ 113.40711212, -7.90788984 ], [ 113.40660095, -7.90754986 ], [ 113.40643311, -7.9073 ], [ 113.40628052, -7.90706015 ], [ 113.40609741, -7.90686989 ], [ 113.40608978, -7.90676022 ], [ 113.40615845, -7.90656996 ], [ 113.40646362, -7.90585995 ], [ 113.40655518, -7.90542984 ], [ 113.40661621, -7.90514994 ], [ 113.40656281, -7.90495014 ], [ 113.40641785, -7.90487003 ], [ 113.40608215, -7.90474987 ], [ 113.40582275, -7.90471983 ], [ 113.4052887, -7.90473986 ], [ 113.404953, -7.90471983 ], [ 113.40476227, -7.90472984 ], [ 113.40431213, -7.90478992 ], [ 113.40400696, -7.90488005 ], [ 113.40379333, -7.90492153 ], [ 113.40348816, -7.90498018 ], [ 113.40326691, -7.90497017 ], [ 113.40319824, -7.90491009 ], [ 113.40313721, -7.90477991 ], [ 113.40274811, -7.90318012 ], [ 113.40215302, -7.90229988 ], [ 113.40180969, -7.9014802 ], [ 113.40146637, -7.90038013 ], [ 113.40117645, -7.90016985 ], [ 113.40110016, -7.90002012 ], [ 113.40107727, -7.89985991 ], [ 113.40100098, -7.89945984 ], [ 113.40093994, -7.89926004 ], [ 113.40077972, -7.89870024 ], [ 113.40065765, -7.89830017 ], [ 113.39994049, -7.89634991 ], [ 113.3995285, -7.89581013 ], [ 113.39916992, -7.89552021 ], [ 113.39891052, -7.89529991 ], [ 113.39884186, -7.8951602 ], [ 113.39881134, -7.89503002 ], [ 113.39880371, -7.89446306 ], [ 113.39852142, -7.89409351 ], [ 113.39840698, -7.89394999 ], [ 113.39821625, -7.89319992 ], [ 113.39772034, -7.89214993 ], [ 113.39733124, -7.89118004 ], [ 113.39703369, -7.89037991 ], [ 113.39674377, -7.88957024 ], [ 113.39653778, -7.88902998 ], [ 113.39642334, -7.88867998 ], [ 113.39626312, -7.88822985 ], [ 113.39608002, -7.88828993 ], [ 113.39585876, -7.8882699 ], [ 113.39562225, -7.88816977 ], [ 113.3953476, -7.88797998 ], [ 113.39517212, -7.88780022 ], [ 113.39463806, -7.88704014 ], [ 113.39463806, -7.88676977 ], [ 113.39489746, -7.88684988 ], [ 113.39515686, -7.88687992 ], [ 113.39539337, -7.88685989 ], [ 113.39571381, -7.88703012 ], [ 113.39588165, -7.88712978 ], [ 113.39602661, -7.8871398 ], [ 113.39626312, -7.88709021 ], [ 113.39644623, -7.88702011 ], [ 113.39688873, -7.88708019 ], [ 113.3972168, -7.8871398 ], [ 113.39742279, -7.88712978 ], [ 113.39794922, -7.88665009 ], [ 113.39801788, -7.8865099 ], [ 113.39826965, -7.88613987 ], [ 113.39837646, -7.88604021 ], [ 113.39852142, -7.88599014 ], [ 113.39929962, -7.88620996 ], [ 113.39965057, -7.8863101 ], [ 113.39983368, -7.88630009 ], [ 113.40003967, -7.88619995 ], [ 113.400177, -7.88606024 ], [ 113.4002533, -7.88592005 ], [ 113.40032959, -7.88562012 ], [ 113.40039825, -7.8853898 ], [ 113.40048218, -7.88506985 ], [ 113.40061188, -7.88487005 ], [ 113.40058899, -7.88442993 ], [ 113.40045166, -7.88383007 ], [ 113.40042877, -7.88372469 ], [ 113.400383, -7.88351011 ], [ 113.40016937, -7.88304186 ], [ 113.39997101, -7.88270998 ], [ 113.39990234, -7.88261986 ], [ 113.39972687, -7.88262987 ], [ 113.39958191, -7.88276005 ], [ 113.39938354, -7.88293982 ], [ 113.39923859, -7.88294983 ], [ 113.39916229, -7.8828702 ], [ 113.39904785, -7.88263988 ], [ 113.39878082, -7.88219023 ], [ 113.39864349, -7.88219976 ], [ 113.39846802, -7.88228989 ], [ 113.397789, -7.88268995 ], [ 113.39766693, -7.88265991 ], [ 113.39752197, -7.88255978 ], [ 113.39732361, -7.88256979 ], [ 113.39704132, -7.88265991 ], [ 113.39671326, -7.88275003 ], [ 113.39629364, -7.88271999 ], [ 113.39588928, -7.88256979 ], [ 113.39546967, -7.88244009 ], [ 113.39512634, -7.88239002 ], [ 113.39476013, -7.88235998 ], [ 113.39456177, -7.88225985 ], [ 113.39438629, -7.88209009 ], [ 113.39415741, -7.88185978 ], [ 113.39398193, -7.88184977 ], [ 113.39401245, -7.88171005 ], [ 113.3940506, -7.88138008 ], [ 113.39411163, -7.88121986 ], [ 113.39415741, -7.8811245 ], [ 113.39421082, -7.88102007 ], [ 113.39446259, -7.88055992 ], [ 113.39457703, -7.88042021 ], [ 113.39479065, -7.88038015 ], [ 113.39501953, -7.88036013 ], [ 113.39512634, -7.88031006 ], [ 113.39524841, -7.88012981 ], [ 113.39536285, -7.8797102 ], [ 113.39539337, -7.87946987 ], [ 113.39589691, -7.8794899 ], [ 113.39681244, -7.87940979 ], [ 113.39903259, -7.8790102 ], [ 113.39997101, -7.87884998 ], [ 113.39994812, -7.87821007 ], [ 113.39996338, -7.87810993 ], [ 113.40016937, -7.87802982 ], [ 113.40029144, -7.87792015 ], [ 113.40057373, -7.8776598 ], [ 113.40065765, -7.8775301 ], [ 113.40072632, -7.87726021 ], [ 113.40081024, -7.87685013 ], [ 113.40078735, -7.87611866 ], [ 113.40110779, -7.87619019 ], [ 113.4018631, -7.87642002 ], [ 113.40239716, -7.87659979 ], [ 113.40274811, -7.87672281 ], [ 113.40309143, -7.87681007 ], [ 113.40338135, -7.87694979 ], [ 113.40419769, -7.87726021 ], [ 113.40484619, -7.87750006 ], [ 113.40493011, -7.8775301 ], [ 113.40609741, -7.87798023 ], [ 113.40673065, -7.87812996 ], [ 113.40696716, -7.87820005 ], [ 113.40744019, -7.87834978 ], [ 113.40802002, -7.87844992 ], [ 113.40860748, -7.87858009 ], [ 113.40963745, -7.87887001 ], [ 113.41005707, -7.87926006 ], [ 113.41027069, -7.8794899 ], [ 113.41036224, -7.87965012 ], [ 113.41036987, -7.87978983 ], [ 113.40986633, -7.88043022 ], [ 113.40969849, -7.88067007 ], [ 113.4095993, -7.88098001 ], [ 113.40959167, -7.88114023 ], [ 113.40973663, -7.8814702 ], [ 113.4098587, -7.88165998 ], [ 113.40998077, -7.88185978 ], [ 113.41091919, -7.88296986 ], [ 113.41136169, -7.88325977 ], [ 113.41156769, -7.88333988 ], [ 113.41249847, -7.88339996 ], [ 113.41282654, -7.88336992 ], [ 113.4132309, -7.88323021 ], [ 113.41352081, -7.88312006 ], [ 113.41368866, -7.88308001 ], [ 113.41426849, -7.88332987 ], [ 113.41439056, -7.88340998 ], [ 113.41452026, -7.88360977 ], [ 113.4145813, -7.88381004 ], [ 113.41468048, -7.88414001 ], [ 113.41483307, -7.88476992 ], [ 113.4155426, -7.88472986 ], [ 113.41583252, -7.88460016 ], [ 113.41609955, -7.88453007 ], [ 113.41629028, -7.88451004 ], [ 113.41677856, -7.88436985 ], [ 113.4172821, -7.88401985 ], [ 113.41757202, -7.88356018 ], [ 113.41764832, -7.88306999 ], [ 113.41770172, -7.88283014 ], [ 113.41777802, -7.88237 ], [ 113.41770935, -7.88183022 ], [ 113.4176712, -7.88146019 ], [ 113.4176712, -7.88114977 ], [ 113.4178772, -7.88068008 ], [ 113.41809082, -7.88014984 ], [ 113.41815948, -7.87979984 ], [ 113.4178772, -7.87941074 ], [ 113.41770935, -7.87918329 ], [ 113.41761017, -7.87904978 ], [ 113.4174118, -7.87870979 ], [ 113.41716766, -7.87814999 ], [ 113.4172287, -7.87790012 ], [ 113.41732025, -7.87775993 ], [ 113.41748047, -7.87747002 ], [ 113.41750336, -7.87729979 ], [ 113.41757202, -7.8771801 ], [ 113.41779327, -7.87688017 ], [ 113.41837311, -7.87621021 ], [ 113.4187088, -7.87584019 ], [ 113.41892242, -7.87556982 ], [ 113.41905212, -7.87536001 ], [ 113.41912079, -7.87518978 ], [ 113.4192276, -7.875 ], [ 113.41921997, -7.87434006 ], [ 113.41928864, -7.87373018 ], [ 113.41938019, -7.87327623 ], [ 113.41941833, -7.87305021 ], [ 113.41960144, -7.87228012 ], [ 113.41986084, -7.87165022 ], [ 113.42025757, -7.87094021 ], [ 113.42070007, -7.8703599 ], [ 113.42118073, -7.86997986 ], [ 113.42167664, -7.86970997 ], [ 113.42214203, -7.86958981 ], [ 113.42259216, -7.86952019 ], [ 113.42327118, -7.86923981 ], [ 113.42373657, -7.86926985 ], [ 113.42395782, -7.86932993 ], [ 113.42414093, -7.86926985 ], [ 113.42456818, -7.86919022 ], [ 113.42489624, -7.86898994 ], [ 113.4251709, -7.86880016 ], [ 113.42568207, -7.86861992 ], [ 113.42595673, -7.86858368 ], [ 113.42606354, -7.86856985 ], [ 113.4265213, -7.86857986 ], [ 113.42671967, -7.86857986 ], [ 113.42681885, -7.86857986 ], [ 113.42703247, -7.86853981 ], [ 113.42736053, -7.86841011 ], [ 113.42788696, -7.86821985 ], [ 113.42829895, -7.8680501 ], [ 113.42852783, -7.86795998 ], [ 113.4291687, -7.86773014 ], [ 113.42977905, -7.86750984 ], [ 113.42996216, -7.86745024 ], [ 113.43036652, -7.86739016 ], [ 113.43061829, -7.86736012 ], [ 113.4310379, -7.86728001 ], [ 113.43153381, -7.86726999 ], [ 113.43199158, -7.86730003 ], [ 113.43226624, -7.8674531 ], [ 113.43257141, -7.86772013 ], [ 113.43282318, -7.86800003 ], [ 113.4330368, -7.86811018 ], [ 113.43331909, -7.86822987 ], [ 113.43347168, -7.86826992 ], [ 113.43341827, -7.86853981 ], [ 113.43340302, -7.86866999 ], [ 113.43344116, -7.86888981 ], [ 113.43347931, -7.8691802 ], [ 113.43348694, -7.86940002 ], [ 113.43347931, -7.86963987 ], [ 113.43340302, -7.87001991 ], [ 113.4333725, -7.87021017 ], [ 113.43341064, -7.87031984 ], [ 113.4336319, -7.87052011 ], [ 113.43408203, -7.87085009 ], [ 113.43431091, -7.87104988 ], [ 113.43444824, -7.87125015 ], [ 113.43448639, -7.87145996 ], [ 113.43451691, -7.87184 ], [ 113.43447876, -7.87224007 ], [ 113.43447876, -7.87241983 ], [ 113.43453217, -7.87254 ], [ 113.43460083, -7.87261009 ], [ 113.43473053, -7.87262011 ], [ 113.43489838, -7.87258005 ], [ 113.43515015, -7.87255001 ], [ 113.43531036, -7.87255001 ], [ 113.43559265, -7.87263012 ], [ 113.43573761, -7.87273979 ], [ 113.43582153, -7.87289 ], [ 113.43585968, -7.87310982 ], [ 113.43582916, -7.87341022 ], [ 113.43583679, -7.87357998 ], [ 113.43585968, -7.8736701 ], [ 113.43611908, -7.87375021 ], [ 113.43649292, -7.87388992 ], [ 113.43663788, -7.87407017 ], [ 113.43669891, -7.87423992 ], [ 113.4367218, -7.87447023 ], [ 113.43669891, -7.87501001 ], [ 113.43686676, -7.87525988 ], [ 113.43699646, -7.87549019 ], [ 113.4370575, -7.87608004 ], [ 113.43701935, -7.87657022 ], [ 113.43701935, -7.87666988 ], [ 113.43708038, -7.87677002 ], [ 113.43850708, -7.87701988 ], [ 113.43939209, -7.87738991 ], [ 113.4400177, -7.87816 ], [ 113.44029236, -7.87836981 ], [ 113.44065857, -7.87854004 ], [ 113.44082642, -7.87858009 ], [ 113.44117737, -7.87849998 ], [ 113.44148254, -7.87833023 ], [ 113.44156647, -7.87827015 ], [ 113.44172668, -7.87823009 ], [ 113.44213867, -7.87814999 ], [ 113.44249725, -7.87820005 ], [ 113.44284821, -7.87829018 ], [ 113.44303131, -7.87840986 ], [ 113.44338226, -7.87899017 ], [ 113.44365692, -7.87935019 ], [ 113.44416046, -7.87973022 ], [ 113.44434357, -7.8798399 ], [ 113.44586945, -7.87996006 ], [ 113.44637299, -7.88002014 ], [ 113.44658661, -7.88008022 ], [ 113.44670105, -7.88015985 ], [ 113.44671631, -7.88024998 ], [ 113.4466095, -7.88041592 ], [ 113.44648743, -7.88060999 ], [ 113.44647217, -7.88076019 ], [ 113.44654846, -7.88091993 ], [ 113.44685364, -7.88121986 ], [ 113.4475708, -7.88174009 ], [ 113.44779968, -7.88183022 ], [ 113.4479599, -7.88186979 ], [ 113.44814301, -7.88199997 ], [ 113.448349, -7.88255978 ], [ 113.44841766, -7.88274002 ], [ 113.44857788, -7.88290977 ], [ 113.4489212, -7.88309002 ], [ 113.44915771, -7.88324022 ], [ 113.44927979, -7.88335991 ], [ 113.44940186, -7.88360023 ], [ 113.44956207, -7.88379002 ], [ 113.44980621, -7.88395023 ], [ 113.44996643, -7.8839798 ], [ 113.4502182, -7.88389015 ], [ 113.45069885, -7.8836298 ], [ 113.45079041, -7.88360023 ], [ 113.45092773, -7.88356018 ], [ 113.45105743, -7.88358021 ], [ 113.45120239, -7.88369989 ], [ 113.45133972, -7.88383007 ], [ 113.451828, -7.88424015 ], [ 113.45201111, -7.88435984 ], [ 113.45214081, -7.88436985 ], [ 113.45226288, -7.88430023 ], [ 113.45249176, -7.88400984 ], [ 113.4526062, -7.88387012 ], [ 113.45272064, -7.88382006 ], [ 113.45290375, -7.88382006 ], [ 113.45321655, -7.8839798 ], [ 113.45342255, -7.88411999 ], [ 113.45350647, -7.88418007 ], [ 113.45372009, -7.88426018 ], [ 113.45407867, -7.88431263 ], [ 113.45439148, -7.88429022 ], [ 113.45458221, -7.88423014 ], [ 113.45467377, -7.88418007 ], [ 113.45487976, -7.88414001 ], [ 113.45542908, -7.88375998 ], [ 113.45567322, -7.88363981 ], [ 113.45581818, -7.88360977 ], [ 113.45601654, -7.88369989 ], [ 113.45616913, -7.88384008 ], [ 113.45633698, -7.88419008 ], [ 113.45652008, -7.88472986 ], [ 113.45661163, -7.88495016 ], [ 113.45696259, -7.88534021 ], [ 113.45715332, -7.88550997 ], [ 113.4574585, -7.8856101 ], [ 113.45767212, -7.88563013 ], [ 113.45800018, -7.88558006 ], [ 113.45845795, -7.88539982 ], [ 113.45871735, -7.8853302 ], [ 113.45980072, -7.88583994 ], [ 113.46019745, -7.88609982 ], [ 113.46096802, -7.88660002 ], [ 113.46147919, -7.88718987 ], [ 113.46179199, -7.88751984 ], [ 113.46228027, -7.88784981 ], [ 113.46257782, -7.88804007 ], [ 113.4629364, -7.88834 ], [ 113.46392059, -7.88881016 ], [ 113.46505737, -7.88943005 ], [ 113.46527863, -7.88953018 ], [ 113.46559143, -7.88960981 ], [ 113.46570587, -7.88961363 ], [ 113.46591949, -7.88961983 ], [ 113.46617126, -7.88956022 ], [ 113.46661377, -7.8893199 ], [ 113.46687317, -7.88911009 ], [ 113.46768951, -7.88846016 ], [ 113.46794128, -7.88832998 ], [ 113.46813202, -7.88832998 ], [ 113.46852112, -7.88857985 ], [ 113.46868134, -7.88865995 ], [ 113.46878815, -7.88867998 ], [ 113.46913147, -7.88844013 ], [ 113.46942902, -7.88797998 ], [ 113.46971893, -7.88720989 ], [ 113.46987915, -7.88673019 ], [ 113.46996307, -7.88661003 ], [ 113.47003174, -7.88656998 ], [ 113.47022247, -7.88667011 ], [ 113.47039795, -7.88687992 ], [ 113.47077942, -7.88737011 ], [ 113.47086334, -7.88747978 ], [ 113.47084808, -7.88759995 ], [ 113.47077942, -7.88776016 ], [ 113.47064972, -7.88788986 ], [ 113.4703598, -7.88806009 ], [ 113.47019196, -7.88819981 ], [ 113.4701767, -7.88835001 ], [ 113.47022247, -7.88851023 ], [ 113.47032166, -7.8886199 ], [ 113.47058868, -7.88871002 ], [ 113.47126007, -7.88864994 ], [ 113.47138977, -7.88864994 ], [ 113.47151947, -7.88872004 ], [ 113.47167969, -7.88918018 ], [ 113.47174072, -7.88928986 ], [ 113.47189331, -7.88935995 ], [ 113.47223663, -7.88937998 ], [ 113.47238922, -7.88936996 ], [ 113.47299194, -7.88894987 ], [ 113.4731369, -7.88870001 ], [ 113.4732132, -7.88830996 ], [ 113.47325134, -7.88819981 ], [ 113.47338867, -7.88813019 ], [ 113.47355652, -7.88812017 ], [ 113.47386169, -7.88847017 ], [ 113.47422791, -7.88887978 ], [ 113.4744873, -7.88908005 ], [ 113.47492981, -7.88926983 ], [ 113.4756012, -7.88944006 ], [ 113.47596741, -7.88946009 ], [ 113.47631073, -7.88937998 ], [ 113.47654724, -7.88922977 ], [ 113.47669983, -7.88906002 ], [ 113.47683716, -7.88886023 ], [ 113.4770813, -7.88875008 ], [ 113.47721863, -7.88871765 ], [ 113.47730255, -7.88870001 ], [ 113.47746277, -7.88871002 ], [ 113.4776001, -7.88881016 ], [ 113.47788239, -7.88922024 ], [ 113.47805786, -7.88940001 ], [ 113.47821808, -7.88949013 ], [ 113.47837067, -7.88950014 ], [ 113.47853851, -7.88937998 ], [ 113.47866821, -7.88922024 ], [ 113.47892761, -7.88859987 ], [ 113.47902679, -7.88843012 ], [ 113.47914886, -7.88832998 ], [ 113.47933197, -7.88831997 ], [ 113.47958374, -7.88840008 ], [ 113.47987366, -7.88857985 ], [ 113.48001099, -7.88865995 ], [ 113.48033905, -7.88867998 ], [ 113.48069, -7.88871002 ], [ 113.48110962, -7.88895988 ], [ 113.4812088, -7.88906002 ], [ 113.4813385, -7.88937998 ], [ 113.48136902, -7.88965988 ], [ 113.48136902, -7.88985014 ], [ 113.48149109, -7.89008999 ], [ 113.48169708, -7.89038992 ], [ 113.48175812, -7.89043999 ], [ 113.48181915, -7.89049006 ], [ 113.48194885, -7.8905201 ], [ 113.48233032, -7.89043999 ], [ 113.48246765, -7.89036989 ], [ 113.48256683, -7.89027023 ], [ 113.48261261, -7.89002991 ], [ 113.4824295, -7.88960981 ], [ 113.48239899, -7.88951015 ], [ 113.4824295, -7.88942003 ], [ 113.48255157, -7.88933992 ], [ 113.48265076, -7.88933992 ], [ 113.48297882, -7.88951015 ], [ 113.48335266, -7.88975 ], [ 113.48387909, -7.88999987 ], [ 113.48429871, -7.89015007 ], [ 113.48468018, -7.89015007 ], [ 113.48509216, -7.89002991 ], [ 113.48532867, -7.88997984 ], [ 113.48551941, -7.88999987 ], [ 113.48580933, -7.89013004 ], [ 113.48603821, -7.89041996 ], [ 113.48638916, -7.89086008 ], [ 113.48660278, -7.89108992 ], [ 113.48677826, -7.89118004 ], [ 113.48690033, -7.89118004 ], [ 113.48735046, -7.89062977 ], [ 113.48748779, -7.89039993 ], [ 113.48757935, -7.89026022 ], [ 113.48783112, -7.88996744 ], [ 113.48789978, -7.88989019 ], [ 113.48802948, -7.88977003 ], [ 113.4881897, -7.88972998 ], [ 113.48845673, -7.88953018 ], [ 113.48869324, -7.88937998 ], [ 113.48921204, -7.88876009 ], [ 113.48983002, -7.88780022 ], [ 113.4901886, -7.88717985 ], [ 113.49060059, -7.88660002 ], [ 113.49073029, -7.88640022 ], [ 113.49121857, -7.88563013 ], [ 113.49167633, -7.88485003 ], [ 113.49210358, -7.88406992 ], [ 113.49225616, -7.88382149 ], [ 113.49236298, -7.88364983 ], [ 113.49259186, -7.8832798 ], [ 113.49301147, -7.88282013 ], [ 113.49371338, -7.8822999 ], [ 113.4943924, -7.88193989 ], [ 113.49542999, -7.88148022 ], [ 113.49584198, -7.88129997 ], [ 113.49594879, -7.8812499 ], [ 113.49629974, -7.88107014 ], [ 113.49640656, -7.88101006 ], [ 113.49681854, -7.88068008 ], [ 113.4970932, -7.88039017 ], [ 113.49729156, -7.88017988 ], [ 113.49781036, -7.87984991 ], [ 113.4981308, -7.87974977 ], [ 113.49845123, -7.87977982 ], [ 113.49865723, -7.87992001 ], [ 113.49878693, -7.8799901 ], [ 113.49897003, -7.88016987 ], [ 113.49951935, -7.88062 ], [ 113.49958801, -7.88068008 ], [ 113.5, -7.88106012 ], [ 113.50048828, -7.88137007 ], [ 113.5007782, -7.88154984 ], [ 113.50140381, -7.88200998 ], [ 113.50169373, -7.88221979 ], [ 113.50180817, -7.88230991 ], [ 113.50228882, -7.88248014 ], [ 113.50289154, -7.88273001 ], [ 113.50376129, -7.88324022 ], [ 113.50386047, -7.88328981 ], [ 113.50399017, -7.8833499 ], [ 113.5042038, -7.88353014 ], [ 113.50456238, -7.88379002 ], [ 113.50478363, -7.88398981 ], [ 113.50495148, -7.88414001 ], [ 113.50527191, -7.88423014 ], [ 113.50537109, -7.88425016 ], [ 113.50634003, -7.88465977 ], [ 113.50659943, -7.8847599 ], [ 113.50685883, -7.8847599 ], [ 113.50720978, -7.88467979 ], [ 113.50739288, -7.8846302 ], [ 113.50778961, -7.88465977 ], [ 113.50836182, -7.88456011 ], [ 113.50862885, -7.88453007 ], [ 113.50888062, -7.88459015 ], [ 113.50911713, -7.88465977 ], [ 113.50959778, -7.88479996 ], [ 113.51000977, -7.88486004 ], [ 113.51056671, -7.88500023 ], [ 113.51109314, -7.88503981 ], [ 113.51148987, -7.88511992 ], [ 113.51165771, -7.88522005 ], [ 113.51197052, -7.88557005 ], [ 113.51212311, -7.88577986 ], [ 113.5121994, -7.88591003 ], [ 113.51236725, -7.88604021 ], [ 113.5128479, -7.88582993 ], [ 113.51325989, -7.8856101 ], [ 113.51358032, -7.88551998 ], [ 113.51390839, -7.88546991 ], [ 113.51422882, -7.88552999 ], [ 113.51451111, -7.88562012 ], [ 113.5149231, -7.88530016 ], [ 113.51531219, -7.88481998 ], [ 113.51550293, -7.88468981 ], [ 113.51570129, -7.88462019 ], [ 113.51586151, -7.8846302 ], [ 113.51608276, -7.88479996 ], [ 113.51638794, -7.88492012 ], [ 113.5166626, -7.88495016 ], [ 113.51695251, -7.88490009 ], [ 113.51717377, -7.88486004 ], [ 113.51731873, -7.88489008 ], [ 113.51743317, -7.88496017 ], [ 113.51748657, -7.88513994 ], [ 113.51748657, -7.88540983 ], [ 113.5174942, -7.88556099 ], [ 113.51756287, -7.88571978 ], [ 113.51769257, -7.88577986 ], [ 113.51779938, -7.88581991 ], [ 113.51804352, -7.88598013 ], [ 113.51828003, -7.88606977 ], [ 113.51843262, -7.88609982 ], [ 113.51880646, -7.8865099 ], [ 113.51911926, -7.88698006 ], [ 113.51934052, -7.88722992 ], [ 113.5196228, -7.88752985 ], [ 113.51969147, -7.88770008 ], [ 113.5196228, -7.88815022 ], [ 113.51959991, -7.88829994 ], [ 113.51963806, -7.88847017 ], [ 113.51978302, -7.88859987 ], [ 113.5198822, -7.88863993 ], [ 113.52017212, -7.88862991 ], [ 113.52037048, -7.88859987 ], [ 113.52057648, -7.88865995 ], [ 113.52075958, -7.88875008 ], [ 113.52092743, -7.88886976 ], [ 113.52147675, -7.88902998 ], [ 113.52178192, -7.88913012 ], [ 113.52210236, -7.88935995 ], [ 113.52233887, -7.88958979 ], [ 113.52243805, -7.88972998 ], [ 113.52249908, -7.88991022 ], [ 113.52252197, -7.89002991 ], [ 113.52263641, -7.89020014 ], [ 113.52269745, -7.89027977 ], [ 113.52288818, -7.89043999 ], [ 113.5235672, -7.89065981 ], [ 113.5238266, -7.89077997 ], [ 113.52394104, -7.89087009 ], [ 113.52417755, -7.89125013 ], [ 113.52461243, -7.89168978 ], [ 113.52485657, -7.89192009 ], [ 113.52503967, -7.89204979 ], [ 113.52539063, -7.89209986 ], [ 113.52555084, -7.89210987 ], [ 113.52619171, -7.89188004 ], [ 113.52646637, -7.89171982 ], [ 113.52765656, -7.89104986 ], [ 113.52813721, -7.89081001 ], [ 113.52861023, -7.8907299 ], [ 113.52909088, -7.8907299 ], [ 113.5293808, -7.89076996 ], [ 113.52977753, -7.89091015 ], [ 113.53000641, -7.89104986 ], [ 113.53022003, -7.89125013 ], [ 113.53034973, -7.89144993 ], [ 113.5304184, -7.89176989 ], [ 113.53044891, -7.89204979 ], [ 113.53012848, -7.89277983 ], [ 113.53002167, -7.89302015 ], [ 113.52999878, -7.89318991 ], [ 113.53003693, -7.8933301 ], [ 113.53029633, -7.89363003 ], [ 113.53047943, -7.89373016 ], [ 113.53067017, -7.89378023 ], [ 113.53086853, -7.8937602 ], [ 113.53093719, -7.89372015 ], [ 113.53109741, -7.89362001 ], [ 113.53118896, -7.89348984 ], [ 113.53131104, -7.89308977 ], [ 113.53135681, -7.89299011 ], [ 113.53153229, -7.89285994 ], [ 113.53167725, -7.89281988 ], [ 113.53183746, -7.89284992 ], [ 113.5321579, -7.8931098 ], [ 113.53230286, -7.89319992 ], [ 113.53294373, -7.89327002 ], [ 113.53320313, -7.89327002 ], [ 113.53350067, -7.8933301 ], [ 113.53372192, -7.89343023 ], [ 113.53388214, -7.89361 ], [ 113.53401184, -7.8938098 ], [ 113.53414917, -7.89405012 ], [ 113.5343399, -7.89426994 ], [ 113.5349884, -7.89476013 ], [ 113.53527069, -7.89491987 ], [ 113.53547668, -7.89499998 ], [ 113.53562927, -7.89500999 ], [ 113.5357132, -7.89497995 ], [ 113.53578186, -7.89435005 ], [ 113.53582764, -7.89385986 ], [ 113.53604889, -7.89330006 ], [ 113.53613281, -7.89317989 ], [ 113.53614807, -7.89309978 ], [ 113.53626251, -7.89303017 ], [ 113.53652191, -7.89303017 ], [ 113.53669739, -7.8931098 ], [ 113.53692627, -7.89342022 ], [ 113.53720856, -7.89396 ], [ 113.53735352, -7.89418983 ], [ 113.53752899, -7.89454985 ], [ 113.53759003, -7.89476013 ], [ 113.53772736, -7.89502001 ], [ 113.53778839, -7.89515018 ], [ 113.53806305, -7.89532995 ], [ 113.53820801, -7.89537001 ], [ 113.53840637, -7.89529991 ], [ 113.53900146, -7.89490986 ], [ 113.53941345, -7.89456987 ], [ 113.53975677, -7.89425993 ], [ 113.54006195, -7.89400005 ], [ 113.5403595, -7.89379978 ], [ 113.54068756, -7.8936801 ], [ 113.54097748, -7.89362001 ], [ 113.54116821, -7.89364004 ], [ 113.54135895, -7.8937602 ], [ 113.54154205, -7.89396 ], [ 113.54160309, -7.89407015 ], [ 113.54174805, -7.89443016 ], [ 113.5418396, -7.89460993 ], [ 113.54187012, -7.89470005 ], [ 113.54200745, -7.8948698 ], [ 113.54206848, -7.89500999 ], [ 113.5421524, -7.89515018 ], [ 113.54225159, -7.8952198 ], [ 113.54237366, -7.89523983 ], [ 113.5425415, -7.8952198 ], [ 113.54282379, -7.89514017 ], [ 113.54297638, -7.89511013 ], [ 113.54332733, -7.89508009 ], [ 113.54357147, -7.89506006 ], [ 113.54376984, -7.89512014 ], [ 113.54403687, -7.89531994 ], [ 113.54419708, -7.89554977 ], [ 113.54429626, -7.89587021 ], [ 113.54434204, -7.89603996 ], [ 113.54444885, -7.89619017 ], [ 113.54477692, -7.89638996 ], [ 113.54502869, -7.89647007 ], [ 113.5459671, -7.89638996 ], [ 113.54673767, -7.89630985 ], [ 113.54708862, -7.89628983 ], [ 113.54733276, -7.89632988 ], [ 113.54759216, -7.89652014 ], [ 113.54779816, -7.89675999 ], [ 113.54794312, -7.89697981 ], [ 113.54811096, -7.89720011 ], [ 113.54831696, -7.89751005 ], [ 113.54836273, -7.89773989 ], [ 113.54826355, -7.89811993 ], [ 113.54810333, -7.8984499 ], [ 113.54802704, -7.89876986 ], [ 113.54808807, -7.89888 ], [ 113.54888153, -7.89934015 ], [ 113.54931641, -7.89976549 ], [ 113.54945374, -7.89987993 ], [ 113.54987335, -7.89988995 ], [ 113.5502243, -7.89984894 ], [ 113.55024719, -7.90019989 ], [ 113.55027008, -7.90031004 ], [ 113.55033112, -7.90059996 ], [ 113.55036926, -7.90071011 ], [ 113.55042267, -7.90089989 ], [ 113.55046082, -7.90102005 ], [ 113.55049133, -7.90112019 ], [ 113.55059052, -7.90126991 ], [ 113.55063629, -7.90136003 ], [ 113.55071259, -7.90146017 ], [ 113.55084229, -7.90157986 ], [ 113.5510025, -7.90171003 ], [ 113.5511322, -7.90179014 ], [ 113.55130768, -7.90189981 ], [ 113.55143738, -7.90198994 ], [ 113.551651, -7.90215015 ], [ 113.55172729, -7.90222979 ], [ 113.55182648, -7.90235996 ], [ 113.55207825, -7.90256977 ], [ 113.55226135, -7.90265989 ], [ 113.55232239, -7.90269995 ], [ 113.55252838, -7.90277004 ], [ 113.55262756, -7.90280008 ], [ 113.5530777, -7.90294981 ], [ 113.55329132, -7.90312004 ], [ 113.55345917, -7.90335989 ], [ 113.55362701, -7.90365982 ], [ 113.55371857, -7.90400982 ], [ 113.55374146, -7.90411997 ], [ 113.55375671, -7.90436983 ], [ 113.55387878, -7.90462017 ], [ 113.55403137, -7.90501022 ], [ 113.55407715, -7.90510988 ], [ 113.55438995, -7.90565014 ], [ 113.55477142, -7.90613985 ], [ 113.55534363, -7.90673018 ], [ 113.55603027, -7.90747023 ], [ 113.55625153, -7.90793991 ], [ 113.55657196, -7.90858984 ], [ 113.55684662, -7.90900993 ], [ 113.55734253, -7.90963984 ], [ 113.55821228, -7.91019011 ], [ 113.55912781, -7.91060019 ], [ 113.55951691, -7.91074991 ], [ 113.55991364, -7.91091013 ], [ 113.56079102, -7.91113997 ], [ 113.56173706, -7.91154003 ], [ 113.56243896, -7.9120698 ], [ 113.56298065, -7.91258001 ], [ 113.5639801, -7.9134202 ], [ 113.56421661, -7.91365623 ], [ 113.56465149, -7.91408014 ], [ 113.56486511, -7.91422701 ], [ 113.56507874, -7.91437006 ], [ 113.56572723, -7.91454983 ], [ 113.56643677, -7.91458988 ], [ 113.56674194, -7.91463995 ], [ 113.5670929, -7.91470003 ], [ 113.56812286, -7.91486979 ], [ 113.56891632, -7.91503 ], [ 113.56900024, -7.91504669 ], [ 113.56970978, -7.91519022 ], [ 113.57012939, -7.91546011 ], [ 113.5705719, -7.91590023 ], [ 113.57064819, -7.91595984 ], [ 113.57096863, -7.91630983 ], [ 113.57125854, -7.91655016 ], [ 113.5715332, -7.91669989 ], [ 113.5714798, -7.91694021 ], [ 113.57160187, -7.91717005 ], [ 113.5717392, -7.91739988 ], [ 113.57187653, -7.91764021 ], [ 113.57198334, -7.91795015 ], [ 113.57202911, -7.91820002 ], [ 113.57214355, -7.91844988 ], [ 113.57225037, -7.91862011 ], [ 113.57241058, -7.9188199 ], [ 113.57269287, -7.9190402 ], [ 113.57288361, -7.91917992 ], [ 113.57309723, -7.91929007 ], [ 113.57322693, -7.9193902 ], [ 113.57343292, -7.91957998 ], [ 113.57359314, -7.91971016 ], [ 113.5736618, -7.9197998 ], [ 113.57367706, -7.91989994 ], [ 113.57415771, -7.92008018 ], [ 113.57485199, -7.92017984 ], [ 113.57566833, -7.92026997 ], [ 113.57608795, -7.92040014 ], [ 113.57688904, -7.92069006 ], [ 113.57756042, -7.92106009 ], [ 113.57852936, -7.92163992 ], [ 113.579422, -7.92224979 ], [ 113.57991028, -7.92262983 ], [ 113.58065796, -7.92308998 ], [ 113.58146667, -7.92339993 ], [ 113.58154297, -7.92341805 ], [ 113.58207703, -7.92356014 ], [ 113.58280945, -7.92381001 ], [ 113.58289337, -7.92384005 ], [ 113.58390045, -7.92430019 ], [ 113.5846405, -7.92474985 ], [ 113.58518219, -7.92522001 ], [ 113.58544922, -7.92558765 ], [ 113.58576965, -7.92602015 ], [ 113.58586884, -7.92612982 ], [ 113.58635712, -7.92668009 ], [ 113.58647919, -7.92684984 ], [ 113.58653259, -7.92700005 ], [ 113.58657074, -7.92707014 ], [ 113.5866394, -7.92714977 ], [ 113.58667755, -7.92732 ], [ 113.58677673, -7.92749977 ], [ 113.58686066, -7.92771006 ], [ 113.58698273, -7.92800999 ], [ 113.5871582, -7.92824984 ], [ 113.58731842, -7.92848015 ], [ 113.58750153, -7.92884016 ], [ 113.58772278, -7.92907 ], [ 113.58785248, -7.92917013 ], [ 113.58833313, -7.92954016 ], [ 113.58892059, -7.92979002 ], [ 113.58963013, -7.93009996 ], [ 113.59011841, -7.93043995 ], [ 113.59089661, -7.93084002 ], [ 113.59114838, -7.93095016 ], [ 113.59156036, -7.93084002 ], [ 113.59198761, -7.93073988 ], [ 113.59229279, -7.93072987 ], [ 113.5923996, -7.93073988 ], [ 113.59272766, -7.93079996 ], [ 113.59294891, -7.93088007 ], [ 113.5930481, -7.93097019 ], [ 113.59306335, -7.93108988 ], [ 113.59307098, -7.93116999 ], [ 113.59310913, -7.93128014 ], [ 113.59322357, -7.93149996 ], [ 113.59335327, -7.93170023 ], [ 113.59368134, -7.93212986 ], [ 113.59377289, -7.93220997 ], [ 113.59403229, -7.93240976 ], [ 113.59445953, -7.93277979 ], [ 113.59500885, -7.93324995 ], [ 113.59564209, -7.93379021 ], [ 113.59599304, -7.93416023 ], [ 113.59645081, -7.93462992 ], [ 113.59661102, -7.93472004 ], [ 113.59686279, -7.93477011 ], [ 113.59706116, -7.93476009 ], [ 113.59736633, -7.93467999 ], [ 113.59777832, -7.93447018 ], [ 113.59792328, -7.93435001 ], [ 113.5979538, -7.93422985 ], [ 113.59797668, -7.93410015 ], [ 113.59803772, -7.93386984 ], [ 113.5980835, -7.93373013 ], [ 113.5981369, -7.93349981 ], [ 113.59822083, -7.93340015 ], [ 113.59867859, -7.93302011 ], [ 113.59884644, -7.93297005 ], [ 113.59937286, -7.93288994 ], [ 113.59998322, -7.9327302 ], [ 113.60050964, -7.93260002 ], [ 113.60089111, -7.93253422 ], [ 113.60195923, -7.93235016 ], [ 113.60238647, -7.93225002 ], [ 113.60282898, -7.93205023 ], [ 113.6031189, -7.93189001 ], [ 113.60369873, -7.93155003 ], [ 113.60408783, -7.93150997 ], [ 113.60466766, -7.93149996 ], [ 113.60513306, -7.93140984 ], [ 113.60549164, -7.93130016 ], [ 113.60552979, -7.93122005 ], [ 113.60556793, -7.93114996 ], [ 113.60562897, -7.93107986 ], [ 113.60574341, -7.93097019 ], [ 113.60588074, -7.93086004 ], [ 113.60594177, -7.93070984 ], [ 113.60600281, -7.93060017 ], [ 113.60604858, -7.93052006 ], [ 113.60611725, -7.93041992 ], [ 113.60617828, -7.9303298 ], [ 113.60626221, -7.93021011 ], [ 113.60632324, -7.93013 ], [ 113.60639954, -7.93001986 ], [ 113.60648346, -7.92994022 ], [ 113.6065979, -7.92987013 ], [ 113.6067276, -7.92979002 ], [ 113.60679626, -7.92973995 ], [ 113.60694122, -7.92965984 ], [ 113.60704041, -7.92959976 ], [ 113.60716248, -7.92953014 ], [ 113.60733032, -7.92944002 ], [ 113.60746002, -7.92933989 ], [ 113.60762787, -7.92914009 ], [ 113.60769653, -7.92907 ], [ 113.60775757, -7.9289999 ], [ 113.60784149, -7.92890978 ], [ 113.60801697, -7.92869997 ], [ 113.6083374, -7.92848015 ], [ 113.6085434, -7.92835999 ], [ 113.60870361, -7.92826986 ], [ 113.60884094, -7.92819023 ], [ 113.60903168, -7.9280901 ], [ 113.60922241, -7.92797995 ], [ 113.60939789, -7.9278698 ], [ 113.60958862, -7.92771006 ], [ 113.60967255, -7.92761993 ], [ 113.60984802, -7.9273901 ], [ 113.60993958, -7.92722988 ], [ 113.61006927, -7.92689991 ], [ 113.61009979, -7.9268198 ], [ 113.61049652, -7.92644978 ], [ 113.61126709, -7.92573977 ], [ 113.61183167, -7.92519999 ], [ 113.61235809, -7.92477989 ], [ 113.6129837, -7.92433023 ], [ 113.61328888, -7.92412996 ], [ 113.61382294, -7.92377996 ], [ 113.61460876, -7.92350006 ], [ 113.6156311, -7.92320013 ], [ 113.61643219, -7.92303991 ], [ 113.61752319, -7.92284012 ], [ 113.61869049, -7.92259979 ], [ 113.61953735, -7.9224 ], [ 113.62046814, -7.92195988 ], [ 113.62124634, -7.92149019 ], [ 113.62216949, -7.92103004 ], [ 113.62283325, -7.92071009 ], [ 113.62294006, -7.92067003 ], [ 113.62355804, -7.92047024 ], [ 113.62457275, -7.92026997 ], [ 113.62474823, -7.92024994 ], [ 113.625, -7.9202199 ], [ 113.62532043, -7.92022991 ], [ 113.62550354, -7.9202199 ], [ 113.62573242, -7.92023993 ], [ 113.62600708, -7.92022562 ], [ 113.62599945, -7.92090654 ], [ 113.62577057, -7.92206001 ], [ 113.62567902, -7.92268896 ], [ 113.62559509, -7.92338324 ], [ 113.6255188, -7.92373705 ], [ 113.62543488, -7.92407227 ], [ 113.6252594, -7.92430162 ], [ 113.625, -7.92500257 ], [ 113.62483978, -7.9253459 ], [ 113.6244812, -7.92577124 ], [ 113.62391663, -7.92622995 ], [ 113.62333679, -7.92649984 ], [ 113.62255096, -7.92678738 ], [ 113.62182617, -7.92698002 ], [ 113.62111664, -7.92701626 ], [ 113.62051392, -7.92717075 ], [ 113.62023163, -7.92716503 ], [ 113.62001038, -7.92720604 ], [ 113.61990356, -7.9272604 ], [ 113.61974335, -7.92740774 ], [ 113.61967468, -7.92751598 ], [ 113.61956024, -7.92771244 ], [ 113.61951447, -7.9278388 ], [ 113.61945343, -7.92797232 ], [ 113.61934662, -7.92820215 ], [ 113.61929321, -7.92828226 ], [ 113.6191864, -7.92839813 ], [ 113.61907959, -7.92851639 ], [ 113.61897278, -7.92858934 ], [ 113.61888123, -7.92862225 ], [ 113.61875916, -7.92883825 ], [ 113.61842346, -7.9294486 ], [ 113.6180954, -7.93010902 ], [ 113.61782074, -7.93069124 ], [ 113.61750793, -7.93139887 ], [ 113.61735535, -7.93232536 ], [ 113.61723328, -7.9331727 ], [ 113.61721039, -7.93378448 ], [ 113.6170578, -7.9342432 ], [ 113.61702728, -7.93459797 ], [ 113.61710358, -7.93499517 ], [ 113.61734009, -7.93536234 ], [ 113.61748505, -7.93558168 ], [ 113.61764526, -7.93583536 ], [ 113.61772156, -7.93596077 ], [ 113.61787415, -7.93603039 ], [ 113.61798859, -7.93614817 ], [ 113.61808014, -7.93620729 ], [ 113.61820221, -7.93627405 ], [ 113.61840057, -7.9365449 ], [ 113.61864471, -7.93702221 ], [ 113.61875153, -7.93770456 ], [ 113.6187973, -7.93837023 ], [ 113.61876678, -7.93852854 ], [ 113.61869049, -7.93892002 ], [ 113.61857605, -7.93909359 ], [ 113.61829376, -7.93951035 ], [ 113.61821747, -7.93962288 ], [ 113.6181488, -7.93972349 ], [ 113.61808014, -7.9397707 ], [ 113.61779022, -7.93996906 ], [ 113.6177063, -7.94001245 ], [ 113.61740875, -7.94015932 ], [ 113.61730194, -7.94021082 ], [ 113.61711121, -7.94034624 ], [ 113.61701965, -7.94041681 ], [ 113.61688995, -7.94051075 ], [ 113.61643219, -7.94084597 ], [ 113.61599731, -7.94117117 ], [ 113.61575317, -7.94135141 ], [ 113.61565399, -7.94142151 ], [ 113.61546326, -7.94156408 ], [ 113.61528778, -7.94166851 ], [ 113.6150589, -7.94180965 ], [ 113.6150589, -7.94189501 ], [ 113.61506653, -7.94204712 ], [ 113.61501312, -7.94238949 ], [ 113.61495209, -7.94260883 ], [ 113.61490631, -7.94273996 ], [ 113.61483765, -7.94291878 ], [ 113.6147995, -7.9430151 ], [ 113.61465454, -7.94345188 ], [ 113.61461639, -7.9435544 ], [ 113.61457062, -7.94363308 ], [ 113.61443329, -7.94386864 ], [ 113.61437225, -7.94398069 ], [ 113.61431885, -7.94406891 ], [ 113.61421204, -7.94421148 ], [ 113.61414337, -7.94429207 ], [ 113.61402893, -7.94439697 ], [ 113.61376953, -7.94462729 ], [ 113.6137085, -7.94467735 ], [ 113.61363983, -7.94473457 ], [ 113.61336517, -7.94496584 ], [ 113.61313629, -7.94516134 ], [ 113.61303711, -7.94528341 ], [ 113.6129303, -7.94542408 ], [ 113.61283875, -7.94554663 ], [ 113.61257172, -7.94596004 ], [ 113.6124115, -7.94624233 ], [ 113.61223602, -7.94661474 ], [ 113.61203003, -7.94698763 ], [ 113.61187744, -7.94725418 ], [ 113.61178589, -7.94740486 ], [ 113.61151123, -7.94786453 ], [ 113.61121368, -7.94826746 ], [ 113.61110687, -7.94838238 ], [ 113.61108398, -7.9486804 ], [ 113.61103821, -7.94902515 ], [ 113.61103821, -7.9492588 ], [ 113.61104584, -7.94962168 ], [ 113.61112213, -7.95005751 ], [ 113.6113205, -7.95063972 ], [ 113.61145782, -7.95082283 ], [ 113.61154938, -7.9509387 ], [ 113.61174774, -7.95120192 ], [ 113.61217499, -7.95152855 ], [ 113.61235809, -7.95170307 ], [ 113.61262512, -7.95195198 ], [ 113.61332703, -7.95231581 ], [ 113.61373901, -7.95253277 ], [ 113.61393738, -7.95263433 ], [ 113.61418152, -7.95276165 ], [ 113.61441803, -7.95293474 ], [ 113.6145401, -7.95302582 ], [ 113.61470032, -7.95314074 ], [ 113.61576843, -7.95315409 ], [ 113.61584473, -7.9531517 ], [ 113.61625671, -7.95307875 ], [ 113.6166687, -7.95300436 ], [ 113.6171875, -7.95294285 ], [ 113.61753082, -7.95290232 ], [ 113.61781311, -7.9528327 ], [ 113.61820984, -7.95275068 ], [ 113.6185379, -7.95266008 ], [ 113.61896515, -7.95251989 ], [ 113.61910248, -7.95243549 ], [ 113.61925507, -7.95234203 ], [ 113.61947632, -7.9522686 ], [ 113.61972809, -7.95226669 ], [ 113.62051392, -7.95217037 ], [ 113.62103271, -7.95218801 ], [ 113.62129211, -7.95219707 ], [ 113.62168121, -7.95224094 ], [ 113.62194824, -7.95227098 ], [ 113.62213898, -7.95235682 ], [ 113.62232971, -7.95244169 ], [ 113.62237549, -7.95251179 ], [ 113.62242889, -7.95258474 ], [ 113.62255096, -7.95276928 ], [ 113.62257385, -7.9528904 ], [ 113.62261963, -7.95316124 ], [ 113.62255859, -7.95350552 ], [ 113.62254333, -7.95358515 ], [ 113.62236786, -7.95382214 ], [ 113.62218475, -7.95406437 ], [ 113.62200928, -7.95429468 ], [ 113.62191772, -7.95438528 ], [ 113.6215744, -7.95471811 ], [ 113.62145996, -7.95483112 ], [ 113.62132263, -7.95496559 ], [ 113.62123108, -7.95505142 ], [ 113.62086487, -7.95529509 ], [ 113.62075806, -7.955369 ], [ 113.62039948, -7.95557499 ], [ 113.6199646, -7.95569897 ], [ 113.61950684, -7.95583153 ], [ 113.61934662, -7.95592117 ], [ 113.61927032, -7.95596361 ], [ 113.61908722, -7.95600271 ], [ 113.61869812, -7.95601416 ], [ 113.61837006, -7.95604467 ], [ 113.61826324, -7.95605469 ], [ 113.61800385, -7.95612621 ], [ 113.61751556, -7.95626068 ], [ 113.61682892, -7.95645666 ], [ 113.61669922, -7.95648384 ], [ 113.61643982, -7.95660353 ], [ 113.61630249, -7.95667076 ], [ 113.61595917, -7.95683336 ], [ 113.61576843, -7.95683908 ], [ 113.61566925, -7.95701599 ], [ 113.61560822, -7.95722198 ], [ 113.61556244, -7.95737696 ], [ 113.61555481, -7.95763636 ], [ 113.61554718, -7.95780039 ], [ 113.61559296, -7.9579339 ], [ 113.61566162, -7.95814514 ], [ 113.61608887, -7.95847225 ], [ 113.61616516, -7.9585104 ], [ 113.6164856, -7.95866585 ], [ 113.61662292, -7.95873499 ], [ 113.61671448, -7.95876265 ], [ 113.61692047, -7.95882177 ], [ 113.61736298, -7.95895243 ], [ 113.61756897, -7.95901155 ], [ 113.61764526, -7.95902634 ], [ 113.61826324, -7.95914316 ], [ 113.61862946, -7.95921278 ], [ 113.61891174, -7.95926619 ], [ 113.61925507, -7.95933104 ], [ 113.61997986, -7.95946693 ], [ 113.62073517, -7.95963478 ], [ 113.62142944, -7.95991278 ], [ 113.62207031, -7.96028519 ], [ 113.62216949, -7.96034384 ], [ 113.62268066, -7.96061039 ], [ 113.62284851, -7.96071911 ], [ 113.62310791, -7.96088696 ], [ 113.62323761, -7.96096754 ], [ 113.62366486, -7.9613533 ], [ 113.62380219, -7.96143389 ], [ 113.62362671, -7.96158981 ], [ 113.62349701, -7.9617033 ], [ 113.62342072, -7.96183586 ], [ 113.6233139, -7.96204901 ], [ 113.6232605, -7.96220446 ], [ 113.62349701, -7.96251869 ], [ 113.62395477, -7.96284533 ], [ 113.6245575, -7.9631238 ], [ 113.625, -7.9633255 ], [ 113.62536621, -7.9634223 ], [ 113.62567902, -7.96354437 ], [ 113.62611389, -7.96396971 ], [ 113.62624359, -7.96443033 ], [ 113.626297, -7.9650197 ], [ 113.62625122, -7.96553278 ], [ 113.62630463, -7.96583986 ], [ 113.62641144, -7.96630096 ], [ 113.62667084, -7.96670961 ], [ 113.62698364, -7.96691275 ], [ 113.62744904, -7.96698666 ], [ 113.62814331, -7.96700764 ], [ 113.62865448, -7.9670558 ], [ 113.62906647, -7.96720695 ], [ 113.62927246, -7.96741056 ], [ 113.62937927, -7.96766663 ], [ 113.62937927, -7.96802521 ], [ 113.62922668, -7.96835947 ], [ 113.62895203, -7.96874571 ], [ 113.62866974, -7.96915817 ], [ 113.62863159, -7.96924067 ], [ 113.62849426, -7.96954346 ], [ 113.62849426, -7.97010756 ], [ 113.62860107, -7.97074795 ], [ 113.62876129, -7.97128534 ], [ 113.62904358, -7.97187328 ], [ 113.62928009, -7.97225618 ], [ 113.6295166, -7.97245979 ], [ 113.62979889, -7.97248363 ], [ 113.63015747, -7.97232771 ], [ 113.63076782, -7.9717598 ], [ 113.631073, -7.97132206 ], [ 113.63156128, -7.97054958 ], [ 113.63209534, -7.96954632 ], [ 113.63253021, -7.96880007 ], [ 113.63301086, -7.9678483 ], [ 113.63362122, -7.96687031 ], [ 113.63431549, -7.9661994 ], [ 113.63495636, -7.965734 ], [ 113.63567352, -7.9655757 ], [ 113.63613892, -7.96559811 ], [ 113.63677979, -7.96605539 ], [ 113.63735199, -7.9667697 ], [ 113.63790131, -7.967484 ], [ 113.63852692, -7.96868515 ], [ 113.63925171, -7.96973181 ], [ 113.64008331, -7.97085428 ], [ 113.64086151, -7.9715929 ], [ 113.641716, -7.97227955 ], [ 113.64246368, -7.97271061 ], [ 113.64356232, -7.97311974 ], [ 113.64323425, -7.97345734 ], [ 113.64281464, -7.97386694 ], [ 113.64196014, -7.9744463 ], [ 113.64116669, -7.97483969 ], [ 113.64031219, -7.97519684 ], [ 113.639534, -7.97544241 ], [ 113.63870239, -7.97561407 ], [ 113.63803101, -7.97567368 ], [ 113.63713837, -7.9756422 ], [ 113.63613892, -7.97559357 ], [ 113.63507843, -7.97545195 ], [ 113.63420105, -7.97538376 ], [ 113.6337204, -7.97533131 ], [ 113.63308716, -7.97540903 ], [ 113.63256836, -7.97554207 ], [ 113.63208771, -7.97563744 ], [ 113.63173676, -7.97567701 ], [ 113.63105011, -7.97562551 ], [ 113.62995148, -7.97555876 ], [ 113.62915039, -7.97556353 ], [ 113.62874603, -7.9756403 ], [ 113.62820435, -7.97571802 ], [ 113.62768555, -7.9759059 ], [ 113.62737274, -7.9761672 ], [ 113.62700653, -7.97663212 ], [ 113.62691498, -7.97715044 ], [ 113.62696075, -7.97813082 ], [ 113.62705994, -7.9790926 ], [ 113.62712097, -7.97985077 ], [ 113.62715912, -7.98073864 ], [ 113.6271286, -7.98147869 ], [ 113.62698364, -7.98181295 ], [ 113.6266861, -7.9821291 ], [ 113.6259613, -7.98225594 ], [ 113.62550354, -7.98209381 ], [ 113.62516785, -7.98176575 ], [ 113.625, -7.9817276 ], [ 113.6245575, -7.98186493 ], [ 113.62414551, -7.98189831 ], [ 113.62361908, -7.98194742 ], [ 113.6233139, -7.98208714 ], [ 113.62288666, -7.98238039 ], [ 113.62229156, -7.98261404 ], [ 113.62142944, -7.98277235 ], [ 113.62038422, -7.98287058 ], [ 113.61949921, -7.98310566 ], [ 113.61882019, -7.98349237 ], [ 113.61847687, -7.98402977 ], [ 113.61833954, -7.98453569 ], [ 113.61833954, -7.98487234 ], [ 113.61860657, -7.98534441 ], [ 113.61911774, -7.98599911 ], [ 113.61955261, -7.98654699 ], [ 113.61968994, -7.98708153 ], [ 113.6195755, -7.98758698 ], [ 113.61923981, -7.98792553 ], [ 113.61857605, -7.98828125 ], [ 113.61766052, -7.9886694 ], [ 113.61669159, -7.98901224 ], [ 113.61597443, -7.98933792 ], [ 113.61551666, -7.98961639 ], [ 113.6150589, -7.98998642 ], [ 113.61489105, -7.99038506 ], [ 113.61487579, -7.99082899 ], [ 113.61494446, -7.99137926 ], [ 113.61494446, -7.99189949 ], [ 113.61495209, -7.9924345 ], [ 113.61490631, -7.99264908 ], [ 113.61472321, -7.99271107 ], [ 113.61437988, -7.9926219 ], [ 113.61405945, -7.99242496 ], [ 113.61397552, -7.99235058 ], [ 113.61368561, -7.9920907 ], [ 113.61344147, -7.99161816 ], [ 113.61329651, -7.99106836 ], [ 113.61332703, -7.99051762 ], [ 113.61345673, -7.98996592 ], [ 113.61371613, -7.98941374 ], [ 113.61394501, -7.98898411 ], [ 113.61400604, -7.98881531 ], [ 113.61396027, -7.98869324 ], [ 113.61378479, -7.98857164 ], [ 113.61351013, -7.98851252 ], [ 113.6131897, -7.98857546 ], [ 113.61283875, -7.9888072 ], [ 113.61239624, -7.98916197 ], [ 113.61203003, -7.98942423 ], [ 113.6115799, -7.98944235 ], [ 113.61110687, -7.98932314 ], [ 113.61054993, -7.98911238 ], [ 113.61027527, -7.9889307 ], [ 113.60990143, -7.98887205 ], [ 113.60964203, -7.98890448 ], [ 113.60930634, -7.98905945 ], [ 113.60892487, -7.98936796 ], [ 113.60858917, -7.98964548 ], [ 113.60823822, -7.98984623 ], [ 113.60777283, -7.9899559 ], [ 113.60725403, -7.98999023 ], [ 113.60688782, -7.98996162 ], [ 113.60640717, -7.98975086 ], [ 113.60562134, -7.98908281 ], [ 113.60503387, -7.98829079 ], [ 113.60450745, -7.98742247 ], [ 113.60425568, -7.98676586 ], [ 113.60424805, -7.98620033 ], [ 113.60432434, -7.9856081 ], [ 113.60432434, -7.98511362 ], [ 113.60404205, -7.98467207 ], [ 113.60377502, -7.98421478 ], [ 113.60371399, -7.98375607 ], [ 113.60379028, -7.98318958 ], [ 113.60407257, -7.98243856 ], [ 113.60411835, -7.98184156 ], [ 113.60411072, -7.98129082 ], [ 113.60398865, -7.98061848 ], [ 113.60358429, -7.98008537 ], [ 113.60302734, -7.9797678 ], [ 113.60276031, -7.97965479 ], [ 113.6026001, -7.97958708 ], [ 113.60173798, -7.97956181 ], [ 113.60102844, -7.97964287 ], [ 113.60017395, -7.9799695 ], [ 113.59955597, -7.98030996 ], [ 113.5989151, -7.98042107 ], [ 113.5980835, -7.98025799 ], [ 113.59711456, -7.97977495 ], [ 113.59660339, -7.979671 ], [ 113.59597778, -7.97959805 ], [ 113.59506989, -7.97951221 ], [ 113.59434509, -7.97934866 ], [ 113.59378052, -7.9791379 ], [ 113.59329987, -7.97909498 ], [ 113.59247589, -7.97919226 ], [ 113.59204102, -7.97940874 ], [ 113.59171295, -7.98006868 ], [ 113.59163666, -7.98089504 ], [ 113.59164429, -7.98161411 ], [ 113.59159851, -7.9821496 ], [ 113.59128571, -7.9830389 ], [ 113.59061432, -7.98399162 ], [ 113.58992767, -7.98497486 ], [ 113.5893631, -7.98537636 ], [ 113.58851624, -7.98556519 ], [ 113.58734131, -7.98578691 ], [ 113.58602905, -7.98587132 ], [ 113.58493042, -7.98592424 ], [ 113.58351135, -7.98594856 ], [ 113.5824585, -7.98598528 ], [ 113.58156586, -7.98591471 ], [ 113.58094788, -7.98579597 ], [ 113.5802536, -7.98566294 ], [ 113.57938385, -7.98557663 ], [ 113.57824707, -7.98543072 ], [ 113.57710266, -7.98523903 ], [ 113.5763855, -7.98512125 ], [ 113.57572937, -7.98512506 ], [ 113.57541656, -7.98512697 ], [ 113.57500458, -7.98520613 ], [ 113.57443237, -7.98543882 ], [ 113.5735321, -7.98596478 ], [ 113.57264709, -7.98644447 ], [ 113.57170868, -7.98713875 ], [ 113.57111359, -7.98761654 ], [ 113.57051849, -7.98784971 ], [ 113.56985474, -7.98786879 ], [ 113.56947327, -7.98784876 ], [ 113.56907654, -7.98782778 ], [ 113.56812286, -7.98768091 ], [ 113.56704712, -7.98745823 ], [ 113.56599426, -7.98717403 ], [ 113.56484222, -7.98678303 ], [ 113.5640564, -7.9864974 ], [ 113.56319427, -7.9863348 ], [ 113.56256866, -7.98636913 ], [ 113.56178284, -7.98646593 ], [ 113.56080627, -7.98662519 ], [ 113.56015778, -7.9869194 ], [ 113.55998993, -7.98706436 ], [ 113.55969238, -7.98732615 ], [ 113.55963135, -7.98760176 ], [ 113.55957794, -7.98788166 ], [ 113.55952454, -7.98806143 ], [ 113.55943298, -7.988307 ], [ 113.55937958, -7.98845005 ], [ 113.55934906, -7.9886508 ], [ 113.55931854, -7.98883533 ], [ 113.55924225, -7.98906279 ], [ 113.55915833, -7.98917246 ], [ 113.5590744, -7.98926163 ], [ 113.5589447, -7.98945856 ], [ 113.55886841, -7.98964071 ], [ 113.55873108, -7.98982859 ], [ 113.55845642, -7.99006653 ], [ 113.55860138, -7.9902606 ], [ 113.55876923, -7.99052572 ], [ 113.5587616, -7.99062872 ], [ 113.55874634, -7.99072647 ], [ 113.55867004, -7.99118805 ], [ 113.55857086, -7.99141836 ], [ 113.5583725, -7.9916997 ], [ 113.55809784, -7.99209166 ], [ 113.55800629, -7.99237251 ], [ 113.55782318, -7.99290133 ], [ 113.55773926, -7.99312782 ], [ 113.55763245, -7.99334621 ], [ 113.55747986, -7.99350595 ], [ 113.55721283, -7.99360371 ], [ 113.55697632, -7.99355412 ], [ 113.55677032, -7.99362755 ], [ 113.55647278, -7.99374485 ], [ 113.55617523, -7.99398994 ], [ 113.55568695, -7.99419785 ], [ 113.55521393, -7.99444532 ], [ 113.55480194, -7.99467754 ], [ 113.55451202, -7.99500036 ], [ 113.55438995, -7.99523067 ], [ 113.55425262, -7.99558353 ], [ 113.55410004, -7.99582958 ], [ 113.55382538, -7.99604511 ], [ 113.55344391, -7.99632263 ], [ 113.55313873, -7.99666119 ], [ 113.55290985, -7.99724388 ], [ 113.55276489, -7.9978261 ], [ 113.55253601, -7.99821043 ], [ 113.55212402, -7.99842215 ], [ 113.55195618, -7.99846172 ], [ 113.55164337, -7.99853754 ], [ 113.5514679, -7.9985671 ], [ 113.5513382, -7.99864292 ], [ 113.55117035, -7.9990654 ], [ 113.55112457, -7.99919128 ], [ 113.55103302, -7.99923325 ], [ 113.5509491, -7.99920559 ], [ 113.5508194, -7.99898052 ], [ 113.55052948, -7.99859381 ], [ 113.55041504, -7.99852371 ], [ 113.55023956, -7.99857569 ], [ 113.55010223, -7.99870205 ], [ 113.54999542, -7.99894428 ], [ 113.54999542, -7.99906778 ], [ 113.55003357, -7.99926949 ], [ 113.54995728, -7.99939871 ], [ 113.54967499, -7.99947166 ], [ 113.54951477, -7.99936771 ], [ 113.54940033, -7.99920654 ], [ 113.54927826, -7.999053 ], [ 113.54914856, -7.99899197 ], [ 113.54889679, -7.99889231 ], [ 113.54880524, -7.99888325 ], [ 113.54808044, -7.99913645 ], [ 113.54782867, -7.99921465 ], [ 113.54750824, -7.99917507 ], [ 113.54721069, -7.99913073 ], [ 113.54710388, -7.99914122 ], [ 113.546875, -7.99923468 ], [ 113.54662323, -7.99948311 ], [ 113.54642487, -7.99966526 ], [ 113.5459671, -7.99960852 ], [ 113.54576111, -7.99960089 ], [ 113.54557037, -7.99957848 ], [ 113.54532623, -7.99950886 ], [ 113.54522705, -7.99951744 ], [ 113.54489136, -7.99991989 ], [ 113.54477692, -7.99999952 ], [ 113.54453278, -8.00015926 ], [ 113.54441071, -8.00024223 ], [ 113.54428864, -8.00042152 ], [ 113.54420471, -8.0009222 ], [ 113.54418182, -8.00108719 ], [ 113.54409027, -8.00109386 ], [ 113.54388428, -8.00095081 ], [ 113.54361725, -8.00071526 ], [ 113.54343414, -8.00062084 ], [ 113.54319763, -8.00057793 ], [ 113.54298401, -8.00059795 ], [ 113.54282379, -8.00065136 ], [ 113.54266357, -8.00079155 ], [ 113.54261017, -8.00086498 ], [ 113.54251099, -8.00104237 ], [ 113.54243469, -8.00124931 ], [ 113.54229736, -8.00165749 ], [ 113.54203033, -8.0019331 ], [ 113.54193115, -8.00203037 ], [ 113.54189301, -8.00222683 ], [ 113.54200745, -8.00251579 ], [ 113.54206848, -8.00266075 ], [ 113.54210663, -8.00298882 ], [ 113.542099, -8.00324154 ], [ 113.54203796, -8.00339222 ], [ 113.54187775, -8.00349903 ], [ 113.54175568, -8.00355816 ], [ 113.54160309, -8.00356579 ], [ 113.54140472, -8.0036335 ], [ 113.54122162, -8.0037241 ], [ 113.54116058, -8.00377178 ], [ 113.54102325, -8.00398922 ], [ 113.54098511, -8.0041132 ], [ 113.5409317, -8.0043335 ], [ 113.54078674, -8.00456238 ], [ 113.54050446, -8.00487804 ], [ 113.54019165, -8.00498104 ], [ 113.54003906, -8.00500298 ], [ 113.53913879, -8.00491524 ], [ 113.53903198, -8.00491047 ], [ 113.5389328, -8.00503826 ], [ 113.53892517, -8.00517178 ], [ 113.53901672, -8.00533676 ], [ 113.53937531, -8.00593567 ], [ 113.53942108, -8.00605011 ], [ 113.53938293, -8.00622177 ], [ 113.53926086, -8.00637245 ], [ 113.53914642, -8.00642776 ], [ 113.53868866, -8.00629616 ], [ 113.53804779, -8.00620365 ], [ 113.53787994, -8.00618267 ], [ 113.53764343, -8.00622368 ], [ 113.53710175, -8.00636101 ], [ 113.53666687, -8.00640678 ], [ 113.53649902, -8.00640869 ], [ 113.53637695, -8.00646973 ], [ 113.53616333, -8.00690269 ], [ 113.53605652, -8.0072155 ], [ 113.53598022, -8.00742054 ], [ 113.5358429, -8.00756168 ], [ 113.5356369, -8.00760078 ], [ 113.53544617, -8.00757885 ], [ 113.53507233, -8.00706387 ], [ 113.53496552, -8.00689793 ], [ 113.53475952, -8.00674629 ], [ 113.53456879, -8.00666809 ], [ 113.53440857, -8.00665188 ], [ 113.53427124, -8.00671577 ], [ 113.53420258, -8.00719357 ], [ 113.53421021, -8.00747871 ], [ 113.53421021, -8.00771713 ], [ 113.53369904, -8.0079174 ], [ 113.53359985, -8.00798225 ], [ 113.53351593, -8.00814724 ], [ 113.53333282, -8.00885296 ], [ 113.53323364, -8.00911713 ], [ 113.53310394, -8.0091753 ], [ 113.53284454, -8.00919724 ], [ 113.53259277, -8.00916958 ], [ 113.53139496, -8.00840473 ], [ 113.53104401, -8.00818348 ], [ 113.53083801, -8.00807667 ], [ 113.53051758, -8.00801373 ], [ 113.53038025, -8.008008 ], [ 113.53019714, -8.00810909 ], [ 113.5300293, -8.00826645 ], [ 113.52991486, -8.00842762 ], [ 113.52986908, -8.00859261 ], [ 113.52980042, -8.00884819 ], [ 113.52973175, -8.00894356 ], [ 113.52928925, -8.00938416 ], [ 113.52899933, -8.00995827 ], [ 113.52882385, -8.01083851 ], [ 113.52846527, -8.01160526 ], [ 113.52790833, -8.01263618 ] ] ] ] } },
{ "type": "Feature", "properties": { "GID_0": "IDN", "NAME_0": "Indonesia", "GID_1": "IDN.11_1", "NAME_1": "Jawa Timur", "NL_NAME_1": null, "GID_2": "IDN.11.30_1", "NAME_2": "Probolinggo", "NL_NAME_2": null, "GID_3": "IDN.11.30.11_1", "NAME_3": "Kuripan", "VARNAME_3": null, "NL_NAME_3": null, "TYPE_3": "Kecamatan", "ENGTYPE_3": "Sub-district", "CC_3": "3513030", "HASC_3": null }, "geometry": { "type": "MultiPolygon", "coordinates": [ [ [ [ 113.11974335, -7.90022993 ], [ 113.11907196, -7.90057993 ], [ 113.11894989, -7.90065002 ], [ 113.11849976, -7.90115023 ], [ 113.11846924, -7.90121984 ], [ 113.11820221, -7.90179014 ], [ 113.11805725, -7.90209007 ], [ 113.11781311, -7.90262985 ], [ 113.11760712, -7.90304995 ], [ 113.11737823, -7.90352011 ], [ 113.11723328, -7.90383005 ], [ 113.11721039, -7.90390015 ], [ 113.11694336, -7.90438986 ], [ 113.11666107, -7.90482998 ], [ 113.11650085, -7.90495014 ], [ 113.11641693, -7.90508986 ], [ 113.11614227, -7.90578985 ], [ 113.11589813, -7.90626001 ], [ 113.11575317, -7.90653992 ], [ 113.11568451, -7.90668774 ], [ 113.11562347, -7.90682983 ], [ 113.11522675, -7.90764999 ], [ 113.1151123, -7.90782022 ], [ 113.11486053, -7.90812016 ], [ 113.11455536, -7.90846586 ], [ 113.11446381, -7.90856981 ], [ 113.11435699, -7.90867996 ], [ 113.1140976, -7.90900993 ], [ 113.11392975, -7.90922022 ], [ 113.1137619, -7.90944004 ], [ 113.11348724, -7.90977001 ], [ 113.11325073, -7.90995979 ], [ 113.11299896, -7.91019011 ], [ 113.11276245, -7.91046 ], [ 113.11247253, -7.91075993 ], [ 113.11225891, -7.91093016 ], [ 113.11193848, -7.91109991 ], [ 113.11154175, -7.9113102 ], [ 113.1114502, -7.91135979 ], [ 113.11122131, -7.91154003 ], [ 113.11044312, -7.91180992 ], [ 113.10945892, -7.91223001 ], [ 113.10810089, -7.91374016 ], [ 113.10793304, -7.91407013 ], [ 113.10784912, -7.91450024 ], [ 113.10782623, -7.91483021 ], [ 113.10784149, -7.91513014 ], [ 113.10768127, -7.91530991 ], [ 113.10739899, -7.91561985 ], [ 113.10735321, -7.91569996 ], [ 113.1072464, -7.91593981 ], [ 113.10716248, -7.91630983 ], [ 113.1071167, -7.91683006 ], [ 113.10701752, -7.91689014 ], [ 113.10688019, -7.91689014 ], [ 113.10658264, -7.91690016 ], [ 113.10645294, -7.91697979 ], [ 113.10637665, -7.91709995 ], [ 113.10626221, -7.91725016 ], [ 113.10611725, -7.9172802 ], [ 113.10601807, -7.91724014 ], [ 113.10575867, -7.9170599 ], [ 113.10562897, -7.91706991 ], [ 113.1055603, -7.91715002 ], [ 113.10555267, -7.9172802 ], [ 113.1055069, -7.91753006 ], [ 113.10542297, -7.91764021 ], [ 113.1052475, -7.91770983 ], [ 113.10510254, -7.91771984 ], [ 113.10498047, -7.91765022 ], [ 113.1046524, -7.91738987 ], [ 113.10449982, -7.91739988 ], [ 113.10421753, -7.91747999 ], [ 113.10360718, -7.91771984 ], [ 113.10327911, -7.9177599 ], [ 113.10308838, -7.91776991 ], [ 113.10294342, -7.91785002 ], [ 113.10276031, -7.91802979 ], [ 113.10257721, -7.91829014 ], [ 113.10253143, -7.91850996 ], [ 113.10247803, -7.91879988 ], [ 113.1023407, -7.91908979 ], [ 113.102211, -7.91920996 ], [ 113.10205078, -7.91928005 ], [ 113.10187531, -7.91936874 ], [ 113.10157776, -7.9195199 ], [ 113.10102844, -7.91971016 ], [ 113.10086823, -7.9197998 ], [ 113.1004715, -7.91997004 ], [ 113.10002136, -7.92012978 ], [ 113.09986115, -7.92028999 ], [ 113.0996933, -7.92054987 ], [ 113.09967041, -7.92069006 ], [ 113.09963989, -7.92082024 ], [ 113.0994873, -7.92101002 ], [ 113.09938049, -7.9211998 ], [ 113.09938049, -7.92133999 ], [ 113.09945679, -7.92153978 ], [ 113.09947968, -7.92171001 ], [ 113.09941101, -7.92187023 ], [ 113.09909821, -7.92233992 ], [ 113.09895325, -7.9224 ], [ 113.09857178, -7.92244005 ], [ 113.09825897, -7.92242002 ], [ 113.09796906, -7.92243004 ], [ 113.09767914, -7.92249012 ], [ 113.09754181, -7.92258978 ], [ 113.09734344, -7.92271996 ], [ 113.09712219, -7.92277002 ], [ 113.09693909, -7.92284012 ], [ 113.09686279, -7.9229598 ], [ 113.0968399, -7.92311001 ], [ 113.09680939, -7.92331982 ], [ 113.09671783, -7.92343998 ], [ 113.09654999, -7.92355013 ], [ 113.09632111, -7.92363977 ], [ 113.09604645, -7.92374992 ], [ 113.09591675, -7.92369986 ], [ 113.09574127, -7.92364979 ], [ 113.09551239, -7.92364979 ], [ 113.09539032, -7.92369986 ], [ 113.0953598, -7.92363024 ], [ 113.09525299, -7.92348003 ], [ 113.09516144, -7.92333984 ], [ 113.09515381, -7.92312002 ], [ 113.09515381, -7.9229598 ], [ 113.09503174, -7.9226799 ], [ 113.09432983, -7.92209005 ], [ 113.09397888, -7.92164993 ], [ 113.09322357, -7.92122984 ], [ 113.09304047, -7.92109013 ], [ 113.09266663, -7.92124987 ], [ 113.09233856, -7.92141008 ], [ 113.09216309, -7.92145014 ], [ 113.09159088, -7.9215498 ], [ 113.09143066, -7.92168999 ], [ 113.09114838, -7.92188978 ], [ 113.09085846, -7.92199993 ], [ 113.09065247, -7.92213154 ], [ 113.09059143, -7.92217016 ], [ 113.09024811, -7.92244005 ], [ 113.09001923, -7.92254019 ], [ 113.08975983, -7.92269993 ], [ 113.08953857, -7.92282009 ], [ 113.08918762, -7.92300987 ], [ 113.08891296, -7.92315006 ], [ 113.08881378, -7.92320013 ], [ 113.08846283, -7.92319012 ], [ 113.08824921, -7.9230299 ], [ 113.08815765, -7.92292023 ], [ 113.08789063, -7.92257023 ], [ 113.08785248, -7.92244005 ], [ 113.08773804, -7.92217016 ], [ 113.08757019, -7.92193985 ], [ 113.0872879, -7.92171001 ], [ 113.08711243, -7.92152977 ], [ 113.08677673, -7.92120981 ], [ 113.08657837, -7.92104006 ], [ 113.08631897, -7.92081022 ], [ 113.08609772, -7.92061996 ], [ 113.08599091, -7.92053986 ], [ 113.08535767, -7.92005014 ], [ 113.08517456, -7.91991949 ], [ 113.0850296, -7.91981411 ], [ 113.08435822, -7.91934013 ], [ 113.08367157, -7.91890001 ], [ 113.08335876, -7.91870022 ], [ 113.08278656, -7.91831017 ], [ 113.08216095, -7.91797018 ], [ 113.08203125, -7.91790009 ], [ 113.08129883, -7.91757011 ], [ 113.08088684, -7.91739988 ], [ 113.08049774, -7.91723013 ], [ 113.07997894, -7.91697979 ], [ 113.08026123, -7.91685009 ], [ 113.08039093, -7.91677999 ], [ 113.08056641, -7.91644001 ], [ 113.08078003, -7.91606998 ], [ 113.08093262, -7.91571999 ], [ 113.08101654, -7.91548014 ], [ 113.08100128, -7.91526985 ], [ 113.08097076, -7.91509008 ], [ 113.08110809, -7.91478014 ], [ 113.08117676, -7.91445017 ], [ 113.08114624, -7.91423988 ], [ 113.08090973, -7.91390991 ], [ 113.08082581, -7.91377258 ], [ 113.08081818, -7.91368008 ], [ 113.08087921, -7.91352987 ], [ 113.0812912, -7.91331005 ], [ 113.08161163, -7.91303015 ], [ 113.08165741, -7.91297007 ], [ 113.08190155, -7.91274023 ], [ 113.08217621, -7.91261005 ], [ 113.08238983, -7.91252995 ], [ 113.08257294, -7.91234016 ], [ 113.08286285, -7.9120698 ], [ 113.08299255, -7.9119401 ], [ 113.08306885, -7.91175985 ], [ 113.08307648, -7.91160011 ], [ 113.08299255, -7.9113698 ], [ 113.0827179, -7.91079998 ], [ 113.08267212, -7.91063976 ], [ 113.08271027, -7.91041994 ], [ 113.08289337, -7.91009998 ], [ 113.08332062, -7.90954018 ], [ 113.08341217, -7.90936995 ], [ 113.08345795, -7.90914011 ], [ 113.08332062, -7.90874004 ], [ 113.08325958, -7.90858984 ], [ 113.08335114, -7.90825987 ], [ 113.08341217, -7.90814018 ], [ 113.08390045, -7.90776014 ], [ 113.08412933, -7.90755987 ], [ 113.08429718, -7.90701008 ], [ 113.08428192, -7.90672016 ], [ 113.0842514, -7.90648985 ], [ 113.08451843, -7.90611982 ], [ 113.08460999, -7.90600014 ], [ 113.08453369, -7.90587854 ], [ 113.08448029, -7.90578985 ], [ 113.08442688, -7.90569019 ], [ 113.08444977, -7.90556002 ], [ 113.08464813, -7.90535021 ], [ 113.08473206, -7.9052701 ], [ 113.08482361, -7.90491009 ], [ 113.08486938, -7.9047699 ], [ 113.08509064, -7.90456009 ], [ 113.08556366, -7.90425014 ], [ 113.08576965, -7.90408993 ], [ 113.08589172, -7.90386009 ], [ 113.08595276, -7.90360022 ], [ 113.08612823, -7.90327978 ], [ 113.08634949, -7.90291977 ], [ 113.08643341, -7.90268993 ], [ 113.08638, -7.90207005 ], [ 113.08637238, -7.90186977 ], [ 113.08641052, -7.90171003 ], [ 113.08654785, -7.9015398 ], [ 113.08673096, -7.90138006 ], [ 113.08682251, -7.90116978 ], [ 113.08679962, -7.90101004 ], [ 113.0867691, -7.90087986 ], [ 113.08672333, -7.90075016 ], [ 113.08669281, -7.90063 ], [ 113.08666992, -7.90050983 ], [ 113.08667755, -7.90037012 ], [ 113.0867691, -7.90024996 ], [ 113.08689117, -7.9001298 ], [ 113.08705902, -7.89998007 ], [ 113.08719635, -7.89986992 ], [ 113.0875473, -7.89974022 ], [ 113.08786011, -7.89964008 ], [ 113.08824921, -7.89954996 ], [ 113.08843231, -7.89945984 ], [ 113.08859253, -7.89933014 ], [ 113.08867645, -7.89912987 ], [ 113.08870697, -7.89894009 ], [ 113.08860779, -7.89853001 ], [ 113.08856201, -7.89834976 ], [ 113.08867645, -7.89784002 ], [ 113.08879852, -7.89743996 ], [ 113.08885193, -7.89731646 ], [ 113.08892822, -7.89712 ], [ 113.08908081, -7.89688015 ], [ 113.08927155, -7.8966198 ], [ 113.08940887, -7.89639997 ], [ 113.08947754, -7.89618015 ], [ 113.0894928, -7.89590979 ], [ 113.08940887, -7.89546013 ], [ 113.08930969, -7.89495993 ], [ 113.08924866, -7.8945899 ], [ 113.08921051, -7.89426994 ], [ 113.08927155, -7.89408016 ], [ 113.08937836, -7.89397001 ], [ 113.0894928, -7.89386988 ], [ 113.08976746, -7.89378023 ], [ 113.09020233, -7.89365005 ], [ 113.09046936, -7.89350986 ], [ 113.09056091, -7.89316988 ], [ 113.09078979, -7.89273977 ], [ 113.09031677, -7.89236021 ], [ 113.08986664, -7.89223003 ], [ 113.08933258, -7.89211988 ], [ 113.08856964, -7.89204979 ], [ 113.08773041, -7.89203978 ], [ 113.08657837, -7.89206982 ], [ 113.08573914, -7.89192009 ], [ 113.08483887, -7.89184999 ], [ 113.08431244, -7.8918252 ], [ 113.08379364, -7.89179993 ], [ 113.08257294, -7.8920598 ], [ 113.08234406, -7.89196205 ], [ 113.08236694, -7.89156246 ], [ 113.08261871, -7.89108849 ], [ 113.08262634, -7.89039326 ], [ 113.0824585, -7.88990688 ], [ 113.0823288, -7.88926792 ], [ 113.08226776, -7.88871193 ], [ 113.08236694, -7.88855839 ], [ 113.08260345, -7.88845968 ], [ 113.08268738, -7.88809776 ], [ 113.08283234, -7.8874712 ], [ 113.08293152, -7.88713694 ], [ 113.08302307, -7.8867054 ], [ 113.08313751, -7.88613415 ], [ 113.08330536, -7.88572502 ], [ 113.08302307, -7.88592625 ], [ 113.08274078, -7.88609457 ], [ 113.08231354, -7.88608265 ], [ 113.08229828, -7.88619423 ], [ 113.08209229, -7.8863759 ], [ 113.08189392, -7.8864603 ], [ 113.08172607, -7.88664198 ], [ 113.08164215, -7.88665628 ], [ 113.0815506, -7.88703251 ], [ 113.08129883, -7.88718653 ], [ 113.08110809, -7.88711834 ], [ 113.0810318, -7.88709068 ], [ 113.08065796, -7.88695335 ], [ 113.08045959, -7.88721848 ], [ 113.08069611, -7.8874259 ], [ 113.08063507, -7.88769054 ], [ 113.08048248, -7.88803911 ], [ 113.08001709, -7.88822222 ], [ 113.07967377, -7.8882103 ], [ 113.07946014, -7.88839197 ], [ 113.07907104, -7.88874149 ], [ 113.07862854, -7.88907766 ], [ 113.078125, -7.88930273 ], [ 113.07810211, -7.88941717 ], [ 113.07793427, -7.88947058 ], [ 113.07769775, -7.88958311 ], [ 113.07758331, -7.88966703 ], [ 113.07756042, -7.88983393 ], [ 113.0774765, -7.89004326 ], [ 113.07733917, -7.8901968 ], [ 113.07710266, -7.89036465 ], [ 113.07713318, -7.89060116 ], [ 113.07691956, -7.89071369 ], [ 113.07688141, -7.89082479 ], [ 113.07681274, -7.89097834 ], [ 113.07689667, -7.89121437 ], [ 113.0769043, -7.89131451 ], [ 113.07662201, -7.89166069 ], [ 113.07633972, -7.89191246 ], [ 113.07596588, -7.89209509 ], [ 113.07574463, -7.89238834 ], [ 113.07550812, -7.89248705 ], [ 113.07534027, -7.89289093 ], [ 113.07495117, -7.89331007 ], [ 113.07455444, -7.8936739 ], [ 113.07403564, -7.89407969 ], [ 113.07334137, -7.89434767 ], [ 113.07249451, -7.89475536 ], [ 113.0725708, -7.89382267 ], [ 113.07247162, -7.89354515 ], [ 113.07257843, -7.89314127 ], [ 113.07289886, -7.89286137 ], [ 113.07310486, -7.89247084 ], [ 113.07359314, -7.89191246 ], [ 113.07359314, -7.89210701 ], [ 113.07389069, -7.89193869 ], [ 113.07426453, -7.89146376 ], [ 113.07444, -7.8910594 ], [ 113.0743866, -7.89078188 ], [ 113.07446289, -7.89065599 ], [ 113.07421112, -7.8906002 ], [ 113.07350922, -7.89036989 ], [ 113.0732193, -7.89024019 ], [ 113.0727005, -7.89000988 ], [ 113.07247925, -7.88993979 ], [ 113.07216644, -7.88981009 ], [ 113.07107544, -7.88940287 ], [ 113.07093048, -7.88934994 ], [ 113.07068634, -7.88926983 ], [ 113.07012939, -7.88905001 ], [ 113.06994629, -7.88897991 ], [ 113.06938934, -7.88862991 ], [ 113.06910706, -7.8882699 ], [ 113.06903076, -7.88787889 ], [ 113.06909943, -7.88777542 ], [ 113.06919098, -7.88741016 ], [ 113.06945801, -7.88669014 ], [ 113.06996155, -7.88589001 ], [ 113.07055664, -7.8851099 ], [ 113.07073975, -7.88487005 ], [ 113.07077789, -7.88479996 ], [ 113.07099152, -7.88442993 ], [ 113.07118225, -7.88417006 ], [ 113.07131958, -7.88398981 ], [ 113.07147217, -7.88374996 ], [ 113.07164001, -7.88357019 ], [ 113.0725708, -7.8825202 ], [ 113.07303619, -7.88206005 ], [ 113.07359314, -7.88135004 ], [ 113.07414246, -7.88075018 ], [ 113.07472992, -7.88029003 ], [ 113.0749588, -7.88014984 ], [ 113.07540131, -7.87984991 ], [ 113.07617188, -7.8794198 ], [ 113.07627106, -7.8793602 ], [ 113.07707977, -7.87883997 ], [ 113.07782745, -7.87841988 ], [ 113.0786438, -7.87802982 ], [ 113.07881165, -7.87790012 ], [ 113.07919312, -7.87775993 ], [ 113.07936096, -7.87764978 ], [ 113.07945251, -7.87756014 ], [ 113.0795517, -7.87747002 ], [ 113.07971191, -7.87727022 ], [ 113.07997894, -7.87687016 ], [ 113.0802536, -7.87664986 ], [ 113.08062744, -7.87657022 ], [ 113.08087158, -7.87643003 ], [ 113.08106232, -7.87623978 ], [ 113.08125305, -7.8761301 ], [ 113.08155823, -7.87587023 ], [ 113.08187866, -7.87561989 ], [ 113.08231354, -7.87545013 ], [ 113.08245087, -7.87537003 ], [ 113.08254242, -7.87522984 ], [ 113.08267975, -7.87501001 ], [ 113.08289337, -7.87479019 ], [ 113.08319092, -7.87455988 ], [ 113.08338165, -7.87450981 ], [ 113.08367157, -7.87442017 ], [ 113.0839386, -7.87421989 ], [ 113.08428955, -7.87390995 ], [ 113.08450317, -7.87377024 ], [ 113.08464813, -7.8736701 ], [ 113.08489227, -7.8735199 ], [ 113.08592987, -7.87256002 ], [ 113.08625031, -7.87266016 ], [ 113.08666229, -7.87271976 ], [ 113.08742523, -7.87265205 ], [ 113.08756256, -7.87264013 ], [ 113.08779907, -7.87252998 ], [ 113.08796692, -7.87236977 ], [ 113.08805847, -7.87217999 ], [ 113.08809662, -7.87193012 ], [ 113.08804321, -7.87157011 ], [ 113.08789063, -7.87122011 ], [ 113.08770752, -7.87083006 ], [ 113.08763123, -7.8705101 ], [ 113.08764648, -7.87029982 ], [ 113.08779144, -7.87003994 ], [ 113.08791351, -7.86999989 ], [ 113.08820343, -7.86996984 ], [ 113.08866882, -7.86980343 ], [ 113.08888245, -7.86973 ], [ 113.08927917, -7.86969995 ], [ 113.08938599, -7.86970806 ], [ 113.08953857, -7.86971998 ], [ 113.0894165, -7.86956978 ], [ 113.08943939, -7.86931992 ], [ 113.08944702, -7.86898994 ], [ 113.08944702, -7.86857986 ], [ 113.08943176, -7.86831999 ], [ 113.08940887, -7.86813211 ], [ 113.08940125, -7.86802006 ], [ 113.08937073, -7.86785984 ], [ 113.08885956, -7.86772013 ], [ 113.08865356, -7.86766005 ], [ 113.08824158, -7.86772013 ], [ 113.08812714, -7.86773014 ], [ 113.08786774, -7.86753988 ], [ 113.08772278, -7.86743879 ], [ 113.08740997, -7.86737013 ], [ 113.08728027, -7.8673501 ], [ 113.08698273, -7.86709976 ], [ 113.08679199, -7.86695004 ], [ 113.0865097, -7.86680984 ], [ 113.08621216, -7.86676979 ], [ 113.08596802, -7.86680984 ], [ 113.0856781, -7.86689997 ], [ 113.08547974, -7.86690998 ], [ 113.08500671, -7.86675978 ], [ 113.08470154, -7.8666501 ], [ 113.08444214, -7.86664009 ], [ 113.08431244, -7.86652994 ], [ 113.08416748, -7.8663702 ], [ 113.0840683, -7.86625004 ], [ 113.08383942, -7.86591005 ], [ 113.08376312, -7.86568022 ], [ 113.08370972, -7.86518002 ], [ 113.08365631, -7.86467981 ], [ 113.08364105, -7.86449003 ], [ 113.08357239, -7.86398983 ], [ 113.08352661, -7.86358976 ], [ 113.08349609, -7.86328459 ], [ 113.08390045, -7.86319017 ], [ 113.08512115, -7.86308002 ], [ 113.08592987, -7.86318016 ], [ 113.08634186, -7.86316013 ], [ 113.08670807, -7.86308002 ], [ 113.08740997, -7.86282015 ], [ 113.08818817, -7.8625598 ], [ 113.08927155, -7.86226988 ], [ 113.09013367, -7.86210012 ], [ 113.09082794, -7.86199999 ], [ 113.09143066, -7.86182022 ], [ 113.09163666, -7.86179018 ], [ 113.09207153, -7.8618598 ], [ 113.092453, -7.86187983 ], [ 113.09298706, -7.86178017 ], [ 113.09320068, -7.86168003 ], [ 113.09338379, -7.86154985 ], [ 113.09365082, -7.86133003 ], [ 113.09400177, -7.86116982 ], [ 113.09426117, -7.86110306 ], [ 113.09439087, -7.86107016 ], [ 113.09461212, -7.86091995 ], [ 113.09475708, -7.86084986 ], [ 113.0949707, -7.86084986 ], [ 113.0951004, -7.86090994 ], [ 113.09520721, -7.86104012 ], [ 113.09541321, -7.86128998 ], [ 113.0954895, -7.86129999 ], [ 113.09559631, -7.86129379 ], [ 113.09573364, -7.86124992 ], [ 113.09580231, -7.86114979 ], [ 113.09590149, -7.86099005 ], [ 113.09603882, -7.86090994 ], [ 113.09618378, -7.86090994 ], [ 113.09705353, -7.86092997 ], [ 113.09736633, -7.86062002 ], [ 113.097435, -7.86057138 ], [ 113.09796906, -7.8601799 ], [ 113.09810638, -7.86018991 ], [ 113.09824371, -7.86028004 ], [ 113.09838104, -7.86046982 ], [ 113.09851837, -7.86061001 ], [ 113.09868622, -7.86058998 ], [ 113.09882355, -7.86051989 ], [ 113.09889221, -7.8604002 ], [ 113.09899139, -7.86025 ], [ 113.09906769, -7.86023998 ], [ 113.09914398, -7.86026621 ], [ 113.09931946, -7.86041021 ], [ 113.09957123, -7.86063004 ], [ 113.09989929, -7.86051989 ], [ 113.10015106, -7.86048985 ], [ 113.10041046, -7.86044979 ], [ 113.10051727, -7.86035013 ], [ 113.10059357, -7.86021996 ], [ 113.10059357, -7.86004019 ], [ 113.10063171, -7.8599 ], [ 113.10088348, -7.85958004 ], [ 113.10108948, -7.85945988 ], [ 113.10166168, -7.85913992 ], [ 113.10183716, -7.85901022 ], [ 113.10198975, -7.85899019 ], [ 113.10220337, -7.85903978 ], [ 113.10256958, -7.85914993 ], [ 113.10276794, -7.85913992 ], [ 113.1029129, -7.85903978 ], [ 113.10327148, -7.85875988 ], [ 113.10340881, -7.85896015 ], [ 113.1035614, -7.85917997 ], [ 113.10365295, -7.85923004 ], [ 113.10375214, -7.85921001 ], [ 113.10384369, -7.85911989 ], [ 113.10385132, -7.85902023 ], [ 113.10391235, -7.85880995 ], [ 113.10402679, -7.85870981 ], [ 113.10411835, -7.85871983 ], [ 113.10459137, -7.85888004 ], [ 113.10475159, -7.85901022 ], [ 113.10478973, -7.85921001 ], [ 113.10497284, -7.85916996 ], [ 113.10533905, -7.85896015 ], [ 113.10549927, -7.85931015 ], [ 113.10561371, -7.85956001 ], [ 113.10569763, -7.85962009 ], [ 113.10582733, -7.85959005 ], [ 113.10614777, -7.85948658 ], [ 113.10645294, -7.85938978 ], [ 113.10659027, -7.8593998 ], [ 113.1072464, -7.85926008 ], [ 113.10758972, -7.85894012 ], [ 113.1076889, -7.85898018 ], [ 113.10777283, -7.85909986 ], [ 113.10781097, -7.8592701 ], [ 113.10787201, -7.8594799 ], [ 113.10806274, -7.85972023 ], [ 113.10823822, -7.8598299 ], [ 113.10838318, -7.85980988 ], [ 113.10868073, -7.85972977 ], [ 113.10900879, -7.85953999 ], [ 113.10923767, -7.85933018 ], [ 113.10942841, -7.85903978 ], [ 113.10958099, -7.85898018 ], [ 113.11045074, -7.85885 ], [ 113.11147308, -7.85863018 ], [ 113.11170959, -7.85851002 ], [ 113.11206818, -7.85860014 ], [ 113.11260223, -7.85871983 ], [ 113.11276245, -7.85864639 ], [ 113.11283875, -7.85861015 ], [ 113.11296082, -7.8585 ], [ 113.11318207, -7.85824013 ], [ 113.11351013, -7.85801983 ], [ 113.11382294, -7.85796022 ], [ 113.1140976, -7.85800982 ], [ 113.11435699, -7.85819006 ], [ 113.11464691, -7.85838985 ], [ 113.11508179, -7.85846996 ], [ 113.11524963, -7.85845852 ], [ 113.11537933, -7.85844994 ], [ 113.1155777, -7.85846996 ], [ 113.11589813, -7.85853004 ], [ 113.11612701, -7.85846996 ], [ 113.11652374, -7.85830021 ], [ 113.11672211, -7.85821009 ], [ 113.11691284, -7.85812998 ], [ 113.1169281, -7.85801983 ], [ 113.11698914, -7.85782003 ], [ 113.11714172, -7.85762978 ], [ 113.11740112, -7.85741997 ], [ 113.11766815, -7.85726023 ], [ 113.11778259, -7.85722017 ], [ 113.11798859, -7.85715008 ], [ 113.11811829, -7.85716009 ], [ 113.11831665, -7.85712004 ], [ 113.11849213, -7.85699987 ], [ 113.11859894, -7.85684013 ], [ 113.11863708, -7.85667992 ], [ 113.1186676, -7.85643005 ], [ 113.11872101, -7.85612011 ], [ 113.11881256, -7.85600996 ], [ 113.11897278, -7.85589981 ], [ 113.11937714, -7.85567999 ], [ 113.11978912, -7.8555398 ], [ 113.11997223, -7.85555983 ], [ 113.12017822, -7.85558987 ], [ 113.12081146, -7.85569 ], [ 113.12088776, -7.85567999 ], [ 113.12101746, -7.85564756 ], [ 113.12109375, -7.85562992 ], [ 113.12130737, -7.85545015 ], [ 113.12142181, -7.85529995 ], [ 113.12158203, -7.8550601 ], [ 113.1219101, -7.85479021 ], [ 113.12207794, -7.85468006 ], [ 113.12226868, -7.85458994 ], [ 113.12277985, -7.8544302 ], [ 113.12307739, -7.85434008 ], [ 113.123909, -7.85410023 ], [ 113.12404633, -7.85404015 ], [ 113.12412262, -7.85399008 ], [ 113.12419128, -7.85386992 ], [ 113.1242981, -7.85346985 ], [ 113.12454224, -7.85311985 ], [ 113.12467194, -7.85290003 ], [ 113.12473297, -7.8527298 ], [ 113.12476349, -7.85259008 ], [ 113.12478638, -7.85219002 ], [ 113.12483215, -7.85201979 ], [ 113.12493896, -7.85181999 ], [ 113.125, -7.85172987 ], [ 113.12515259, -7.85152006 ], [ 113.12528229, -7.85145998 ], [ 113.12536621, -7.85146999 ], [ 113.12561035, -7.85156012 ], [ 113.12586975, -7.85164022 ], [ 113.12586212, -7.85198021 ], [ 113.12615204, -7.85234022 ], [ 113.126297, -7.85253 ], [ 113.12638092, -7.85298395 ], [ 113.12661743, -7.85331011 ], [ 113.12689209, -7.85372019 ], [ 113.1271286, -7.85418987 ], [ 113.12726593, -7.85438156 ], [ 113.12735748, -7.85451984 ], [ 113.12776184, -7.85502005 ], [ 113.12796021, -7.85534 ], [ 113.12847137, -7.85598993 ], [ 113.12870789, -7.85680008 ], [ 113.12879181, -7.85753012 ], [ 113.12879181, -7.85778952 ], [ 113.12879181, -7.85795021 ], [ 113.12872314, -7.85845995 ], [ 113.12875366, -7.85889006 ], [ 113.12875366, -7.85934019 ], [ 113.12876129, -7.85983467 ], [ 113.12876129, -7.85993004 ], [ 113.12863159, -7.8600502 ], [ 113.12854004, -7.86023998 ], [ 113.12857819, -7.8604598 ], [ 113.12872314, -7.86091995 ], [ 113.12879181, -7.86109495 ], [ 113.12882996, -7.86118984 ], [ 113.12891388, -7.86133099 ], [ 113.12917328, -7.86178255 ], [ 113.12957001, -7.86248016 ], [ 113.12973785, -7.86244011 ], [ 113.13002014, -7.86247015 ], [ 113.13023376, -7.86253023 ], [ 113.1306076, -7.86271 ], [ 113.13072205, -7.86275005 ], [ 113.13088989, -7.86290979 ], [ 113.13101959, -7.86296988 ], [ 113.13111877, -7.86291981 ], [ 113.13128662, -7.8628602 ], [ 113.13141632, -7.86288977 ], [ 113.13175201, -7.86303997 ], [ 113.13191986, -7.86315012 ], [ 113.13195801, -7.86322975 ], [ 113.13200378, -7.86330986 ], [ 113.13208771, -7.86386013 ], [ 113.13210297, -7.8641901 ], [ 113.13214111, -7.86442995 ], [ 113.13217926, -7.86474991 ], [ 113.13214111, -7.86507988 ], [ 113.13200378, -7.86547995 ], [ 113.13182831, -7.8661499 ], [ 113.13175964, -7.8662014 ], [ 113.13186646, -7.86629009 ], [ 113.13201141, -7.86646986 ], [ 113.13208008, -7.86659002 ], [ 113.13213348, -7.86678982 ], [ 113.13220215, -7.86688995 ], [ 113.13265991, -7.86687994 ], [ 113.13316345, -7.86701012 ], [ 113.13340759, -7.86704016 ], [ 113.13375092, -7.86714983 ], [ 113.13407898, -7.86717987 ], [ 113.13421631, -7.86713171 ], [ 113.13436127, -7.86708021 ], [ 113.13459015, -7.86701012 ], [ 113.13516235, -7.86709023 ], [ 113.13549042, -7.86704016 ], [ 113.13574982, -7.8670001 ], [ 113.13594818, -7.86691999 ], [ 113.13610077, -7.86680984 ], [ 113.13623047, -7.86661005 ], [ 113.13625336, -7.86646938 ], [ 113.13627625, -7.86635017 ], [ 113.1362915, -7.86622 ], [ 113.13638306, -7.86612988 ], [ 113.13665009, -7.86613989 ], [ 113.13680267, -7.86612988 ], [ 113.13707733, -7.86590004 ], [ 113.13726807, -7.86569977 ], [ 113.13739777, -7.86542988 ], [ 113.13742828, -7.86522007 ], [ 113.13744354, -7.86508989 ], [ 113.13751221, -7.8650198 ], [ 113.13767242, -7.86499977 ], [ 113.13780975, -7.8650198 ], [ 113.13796234, -7.86488008 ], [ 113.13806152, -7.86478996 ], [ 113.13819885, -7.86474991 ], [ 113.13848877, -7.86495018 ], [ 113.13874817, -7.8650198 ], [ 113.13886261, -7.86505985 ], [ 113.13886261, -7.86534977 ], [ 113.13878632, -7.86554003 ], [ 113.13900757, -7.86583996 ], [ 113.13909912, -7.86596012 ], [ 113.13912964, -7.86611986 ], [ 113.1391983, -7.86619997 ], [ 113.13928986, -7.86624002 ], [ 113.13941956, -7.86618996 ], [ 113.13996887, -7.86618996 ], [ 113.14035797, -7.86615992 ], [ 113.14057159, -7.86613989 ], [ 113.14087677, -7.86625004 ], [ 113.14100647, -7.86634016 ], [ 113.14103699, -7.86640978 ], [ 113.14086151, -7.86661005 ], [ 113.14067078, -7.86679983 ], [ 113.14057922, -7.86699009 ], [ 113.14055634, -7.86716986 ], [ 113.14066315, -7.86745977 ], [ 113.14074707, -7.86758995 ], [ 113.14099884, -7.86775017 ], [ 113.14122009, -7.8678298 ], [ 113.14144135, -7.86781979 ], [ 113.14163971, -7.86779022 ], [ 113.14173889, -7.86780977 ], [ 113.14180756, -7.86793995 ], [ 113.14183807, -7.86809015 ], [ 113.141922, -7.86816978 ], [ 113.14201355, -7.8681798 ], [ 113.14206696, -7.86787987 ], [ 113.14209747, -7.8677702 ], [ 113.1421814, -7.86769009 ], [ 113.14241791, -7.86766005 ], [ 113.14263916, -7.86769009 ], [ 113.14289093, -7.86781979 ], [ 113.14302063, -7.86790991 ], [ 113.14315796, -7.86791992 ], [ 113.14340973, -7.86788988 ], [ 113.14360809, -7.86791992 ], [ 113.14378357, -7.86798 ], [ 113.14430237, -7.8675499 ], [ 113.14453125, -7.86744022 ], [ 113.14437103, -7.86831999 ], [ 113.14421844, -7.86890984 ], [ 113.14413452, -7.86929941 ], [ 113.14394379, -7.87017012 ], [ 113.14363098, -7.87082005 ], [ 113.14350891, -7.87090015 ], [ 113.14306641, -7.87124014 ], [ 113.14276123, -7.87159014 ], [ 113.1425705, -7.87193012 ], [ 113.14218903, -7.87272978 ], [ 113.14207458, -7.87295485 ], [ 113.14196777, -7.87315989 ], [ 113.14163971, -7.87383986 ], [ 113.14143372, -7.87428999 ], [ 113.14137268, -7.87457991 ], [ 113.14134216, -7.87478018 ], [ 113.14131165, -7.875 ], [ 113.14128113, -7.87526989 ], [ 113.14144135, -7.87593985 ], [ 113.1415329, -7.87635994 ], [ 113.14176178, -7.87696981 ], [ 113.14199066, -7.87734985 ], [ 113.1424408, -7.87769985 ], [ 113.14292145, -7.87795019 ], [ 113.14305878, -7.87800074 ], [ 113.14349365, -7.87814999 ], [ 113.14395905, -7.87823009 ], [ 113.14438629, -7.87824011 ], [ 113.14469147, -7.87829018 ], [ 113.14517975, -7.87838984 ], [ 113.14577484, -7.87851667 ], [ 113.14591217, -7.87856007 ], [ 113.14656067, -7.87871456 ], [ 113.14666748, -7.87873983 ], [ 113.14677429, -7.87877846 ], [ 113.14743042, -7.8790102 ], [ 113.14788818, -7.87909985 ], [ 113.14824677, -7.87912989 ], [ 113.14859009, -7.87908983 ], [ 113.14907074, -7.87894011 ], [ 113.14951324, -7.87887001 ], [ 113.15006256, -7.87887001 ], [ 113.15054321, -7.87892008 ], [ 113.15065765, -7.87895012 ], [ 113.15110016, -7.87905979 ], [ 113.1517334, -7.87927008 ], [ 113.15235901, -7.87947989 ], [ 113.15289307, -7.87981987 ], [ 113.1530838, -7.87999344 ], [ 113.15351868, -7.88039017 ], [ 113.1541214, -7.88092995 ], [ 113.15418243, -7.88098001 ], [ 113.15473938, -7.88146019 ], [ 113.15509796, -7.88178015 ], [ 113.15531921, -7.88204002 ], [ 113.15557861, -7.8822999 ], [ 113.15589142, -7.88271999 ], [ 113.15595245, -7.88284159 ], [ 113.15599823, -7.88294983 ], [ 113.15603638, -7.88301325 ], [ 113.15653992, -7.88322115 ], [ 113.15750122, -7.88420391 ], [ 113.15713501, -7.8849926 ], [ 113.1574173, -7.88522577 ], [ 113.15751648, -7.88494062 ], [ 113.15790558, -7.88493872 ], [ 113.15849304, -7.88433266 ], [ 113.15908051, -7.88404512 ], [ 113.15930939, -7.88389349 ], [ 113.15982819, -7.88307047 ], [ 113.1602478, -7.88269997 ], [ 113.16101837, -7.88254499 ], [ 113.16166687, -7.88207293 ], [ 113.16239166, -7.88215303 ], [ 113.16252899, -7.88218355 ], [ 113.16365051, -7.88243103 ], [ 113.1641922, -7.88259554 ], [ 113.16403961, -7.88293123 ], [ 113.16412354, -7.88298893 ], [ 113.16490173, -7.88352966 ], [ 113.16632843, -7.88385725 ], [ 113.16745758, -7.8842864 ], [ 113.16783905, -7.88386583 ], [ 113.16847992, -7.88418055 ], [ 113.1696701, -7.88338995 ], [ 113.16973114, -7.88316011 ], [ 113.16983795, -7.88298988 ], [ 113.16998291, -7.88290977 ], [ 113.17008972, -7.8828702 ], [ 113.17035675, -7.88279009 ], [ 113.17095947, -7.8824501 ], [ 113.1711731, -7.88233995 ], [ 113.17131805, -7.88230991 ], [ 113.17150116, -7.88235998 ], [ 113.17170715, -7.88253021 ], [ 113.17179871, -7.88259983 ], [ 113.17196655, -7.8825798 ], [ 113.17227173, -7.88242006 ], [ 113.17250061, -7.88225985 ], [ 113.1725769, -7.88216019 ], [ 113.1725235, -7.88193989 ], [ 113.17247772, -7.8818202 ], [ 113.17250824, -7.88168001 ], [ 113.17263031, -7.88155985 ], [ 113.17281342, -7.88149977 ], [ 113.17310333, -7.88151979 ], [ 113.17340088, -7.88157988 ], [ 113.17356873, -7.88156986 ], [ 113.17371368, -7.88149023 ], [ 113.17376709, -7.88140011 ], [ 113.17369843, -7.88118982 ], [ 113.17366791, -7.88110018 ], [ 113.17415619, -7.88083982 ], [ 113.17436981, -7.88077021 ], [ 113.17453003, -7.88076019 ], [ 113.17472076, -7.88094282 ], [ 113.17484283, -7.88106012 ], [ 113.17500305, -7.88120985 ], [ 113.17516327, -7.88127995 ], [ 113.17536926, -7.88129997 ], [ 113.17558289, -7.8812499 ], [ 113.17577362, -7.88109016 ], [ 113.17601776, -7.88079023 ], [ 113.17710114, -7.88008022 ], [ 113.17727661, -7.87996006 ], [ 113.17736053, -7.8798399 ], [ 113.18326569, -7.88167191 ], [ 113.18708801, -7.88287592 ], [ 113.18717957, -7.88290453 ], [ 113.18735504, -7.88295984 ], [ 113.18733978, -7.8834691 ], [ 113.18735504, -7.88382435 ], [ 113.18736267, -7.88403845 ], [ 113.18734741, -7.88432789 ], [ 113.18715668, -7.88452864 ], [ 113.18675995, -7.88502979 ], [ 113.18667603, -7.88553953 ], [ 113.1867981, -7.88601828 ], [ 113.18688965, -7.88647699 ], [ 113.18704987, -7.88688564 ], [ 113.1873703, -7.88717365 ], [ 113.18772125, -7.88739157 ], [ 113.18771362, -7.88746977 ], [ 113.18757629, -7.88762188 ], [ 113.18703461, -7.88763475 ], [ 113.18653107, -7.88758755 ], [ 113.1864624, -7.88766766 ], [ 113.18645477, -7.88777733 ], [ 113.18654633, -7.88803673 ], [ 113.1867981, -7.88813019 ], [ 113.18704224, -7.88838005 ], [ 113.18714905, -7.88855982 ], [ 113.18711853, -7.88867998 ], [ 113.18701935, -7.8888402 ], [ 113.18682098, -7.88894367 ], [ 113.18675232, -7.88939333 ], [ 113.18684387, -7.88962698 ], [ 113.18697357, -7.88998127 ], [ 113.18714905, -7.89024019 ], [ 113.18731689, -7.89036989 ], [ 113.18730164, -7.89048004 ], [ 113.1871109, -7.89054012 ], [ 113.18697357, -7.89077044 ], [ 113.18695831, -7.89091206 ], [ 113.18695068, -7.89103985 ], [ 113.18704224, -7.89134979 ], [ 113.1870575, -7.89168072 ], [ 113.18699646, -7.89198017 ], [ 113.18695068, -7.89203739 ], [ 113.18689728, -7.89208984 ], [ 113.18681335, -7.89209986 ], [ 113.1867218, -7.89201021 ], [ 113.18668365, -7.89186001 ], [ 113.18673706, -7.89166021 ], [ 113.18667603, -7.89155054 ], [ 113.18662262, -7.8914113 ], [ 113.18642426, -7.89142227 ], [ 113.18625641, -7.89147282 ], [ 113.18592072, -7.89152479 ], [ 113.18553162, -7.89149666 ], [ 113.18548584, -7.89162683 ], [ 113.18547058, -7.89177656 ], [ 113.18572235, -7.89215469 ], [ 113.18560028, -7.89239502 ], [ 113.1857605, -7.89258385 ], [ 113.1860199, -7.8925128 ], [ 113.18627167, -7.89239979 ], [ 113.18640137, -7.89248991 ], [ 113.18652344, -7.89265013 ], [ 113.18652344, -7.89274979 ], [ 113.18644714, -7.89281988 ], [ 113.18628693, -7.89287996 ], [ 113.18588257, -7.89307022 ], [ 113.18567657, -7.89326 ], [ 113.18540192, -7.89363003 ], [ 113.18522644, -7.89383984 ], [ 113.185112, -7.89386988 ], [ 113.1848526, -7.8938899 ], [ 113.18466187, -7.8940177 ], [ 113.18462372, -7.89432716 ], [ 113.18473053, -7.8948102 ], [ 113.18425751, -7.89508009 ], [ 113.18413544, -7.89519835 ], [ 113.18380737, -7.89550018 ], [ 113.18367767, -7.89588022 ], [ 113.18350983, -7.89624977 ], [ 113.1833725, -7.89636993 ], [ 113.18321228, -7.89651012 ], [ 113.1831665, -7.89665985 ], [ 113.1831665, -7.89680672 ], [ 113.1831665, -7.89718008 ], [ 113.18305969, -7.89744997 ], [ 113.18300629, -7.89758015 ], [ 113.18292236, -7.89761019 ], [ 113.18271637, -7.89766979 ], [ 113.18266296, -7.89780998 ], [ 113.18254089, -7.89811993 ], [ 113.18251801, -7.89823008 ], [ 113.18250275, -7.89835978 ], [ 113.18231964, -7.89855003 ], [ 113.18224335, -7.89863014 ], [ 113.18224335, -7.89877987 ], [ 113.18226624, -7.89897013 ], [ 113.18234253, -7.89925003 ], [ 113.18238831, -7.8994298 ], [ 113.18261719, -7.89985991 ], [ 113.18256378, -7.89998007 ], [ 113.18241119, -7.9001298 ], [ 113.18203735, -7.90048981 ], [ 113.18186951, -7.90080976 ], [ 113.18179321, -7.90103006 ], [ 113.18177032, -7.90132999 ], [ 113.18170929, -7.90158987 ], [ 113.1815567, -7.90193987 ], [ 113.18141174, -7.90214014 ], [ 113.18106842, -7.90243006 ], [ 113.18080139, -7.90266991 ], [ 113.18067169, -7.90288019 ], [ 113.18063354, -7.90305996 ], [ 113.18065643, -7.90391016 ], [ 113.18005371, -7.90473986 ], [ 113.17964172, -7.90532017 ], [ 113.17920685, -7.90596008 ], [ 113.17906189, -7.9061923 ], [ 113.17900848, -7.90627003 ], [ 113.17893219, -7.90653992 ], [ 113.1789093, -7.90674019 ], [ 113.17888641, -7.90697002 ], [ 113.17893219, -7.90725994 ], [ 113.17931366, -7.90794992 ], [ 113.17974091, -7.90858984 ], [ 113.1803894, -7.90920019 ], [ 113.18103027, -7.90962982 ], [ 113.18180847, -7.91014004 ], [ 113.18187714, -7.91018009 ], [ 113.18247986, -7.91056013 ], [ 113.18299103, -7.91093016 ], [ 113.18360138, -7.91151094 ], [ 113.18366241, -7.91157007 ], [ 113.18431854, -7.91209984 ], [ 113.1849823, -7.91273022 ], [ 113.18537903, -7.9131999 ], [ 113.18572998, -7.91368341 ], [ 113.18618011, -7.91429567 ], [ 113.18627167, -7.91442013 ], [ 113.18681335, -7.91512012 ], [ 113.18739319, -7.91577339 ], [ 113.18744659, -7.91584015 ], [ 113.18846893, -7.91665983 ], [ 113.18893433, -7.91711283 ], [ 113.18910217, -7.91727018 ], [ 113.18917084, -7.91733646 ], [ 113.18965149, -7.91779995 ], [ 113.19046021, -7.91862011 ], [ 113.19142914, -7.91942978 ], [ 113.19208527, -7.92001057 ], [ 113.19235992, -7.92024994 ], [ 113.19315338, -7.92087984 ], [ 113.19420624, -7.92174006 ], [ 113.19436646, -7.92182779 ], [ 113.19532013, -7.92236996 ], [ 113.19622803, -7.92282009 ], [ 113.19634247, -7.92286015 ], [ 113.19689178, -7.92306995 ], [ 113.19744873, -7.92327976 ], [ 113.19820404, -7.92353725 ], [ 113.19864655, -7.92368984 ], [ 113.19917297, -7.92387009 ], [ 113.20005798, -7.9243598 ], [ 113.20063782, -7.92484999 ], [ 113.20120239, -7.92549992 ], [ 113.2015686, -7.92602015 ], [ 113.20207214, -7.92675018 ], [ 113.20249176, -7.92750978 ], [ 113.20281219, -7.92820072 ], [ 113.20272064, -7.92826033 ], [ 113.20262146, -7.92838144 ], [ 113.20259857, -7.92850208 ], [ 113.20263672, -7.9286623 ], [ 113.2027359, -7.92901278 ], [ 113.2026825, -7.92915869 ], [ 113.2025528, -7.92928028 ], [ 113.20223236, -7.92944622 ], [ 113.20204926, -7.92947721 ], [ 113.20184326, -7.92942619 ], [ 113.20149994, -7.92926836 ], [ 113.20069885, -7.92895031 ], [ 113.20049286, -7.92896223 ], [ 113.20028687, -7.92904902 ], [ 113.20011139, -7.92919016 ], [ 113.19952393, -7.92985535 ], [ 113.19950104, -7.93003845 ], [ 113.19956207, -7.93029213 ], [ 113.19957733, -7.93047333 ], [ 113.19950104, -7.93075037 ], [ 113.19941711, -7.93088818 ], [ 113.19933319, -7.93088007 ], [ 113.19917297, -7.93078661 ], [ 113.19893646, -7.93066931 ], [ 113.19880676, -7.93067312 ], [ 113.19864655, -7.930758 ], [ 113.19852448, -7.93089151 ], [ 113.19843292, -7.93109179 ], [ 113.19831848, -7.93120766 ], [ 113.19796753, -7.93152666 ], [ 113.19786835, -7.93176889 ], [ 113.19766998, -7.93244267 ], [ 113.19757843, -7.9327898 ], [ 113.19748688, -7.93321753 ], [ 113.19734955, -7.93359518 ], [ 113.197258, -7.93393469 ], [ 113.197258, -7.93419361 ], [ 113.19731903, -7.93435192 ], [ 113.19743347, -7.93466616 ], [ 113.19739532, -7.93487501 ], [ 113.19723511, -7.93526936 ], [ 113.19700623, -7.93568563 ], [ 113.19667053, -7.93610954 ], [ 113.1965332, -7.93617201 ], [ 113.19641113, -7.93614817 ], [ 113.19628143, -7.93615007 ], [ 113.19623566, -7.9362278 ], [ 113.1962204, -7.93633318 ], [ 113.19625854, -7.93657112 ], [ 113.19626617, -7.93673086 ], [ 113.19618988, -7.93688726 ], [ 113.19605255, -7.93702888 ], [ 113.1958313, -7.9371624 ], [ 113.19544983, -7.93738413 ], [ 113.194664, -7.93807745 ], [ 113.19425201, -7.93830442 ], [ 113.19417572, -7.93848705 ], [ 113.19417572, -7.93855906 ], [ 113.19418335, -7.9386363 ], [ 113.19423676, -7.9390955 ], [ 113.19416809, -7.93933916 ], [ 113.19412231, -7.93956041 ], [ 113.1941452, -7.94001913 ], [ 113.19415283, -7.94023466 ], [ 113.1941452, -7.94036484 ], [ 113.19412994, -7.94056559 ], [ 113.19400787, -7.94086504 ], [ 113.19376373, -7.94121647 ], [ 113.193573, -7.94144869 ], [ 113.19339752, -7.94165945 ], [ 113.19316864, -7.94180775 ], [ 113.19273376, -7.94199705 ], [ 113.19257355, -7.94209623 ], [ 113.19208527, -7.94258642 ], [ 113.19152832, -7.94332743 ], [ 113.19146729, -7.94340944 ], [ 113.1913681, -7.94359159 ], [ 113.1913147, -7.94380569 ], [ 113.19134521, -7.94406319 ], [ 113.19134521, -7.94433498 ], [ 113.19126892, -7.94458151 ], [ 113.19112396, -7.94475603 ], [ 113.1908493, -7.94498348 ], [ 113.19069672, -7.94500828 ], [ 113.1905365, -7.94496632 ], [ 113.19012451, -7.94484663 ], [ 113.18989563, -7.94483471 ], [ 113.18961334, -7.94489098 ], [ 113.18939209, -7.94503021 ], [ 113.1892395, -7.94518614 ], [ 113.18914032, -7.94539452 ], [ 113.18913269, -7.94558382 ], [ 113.18913269, -7.94585896 ], [ 113.18906403, -7.94592619 ], [ 113.18897247, -7.9459281 ], [ 113.18880463, -7.9458456 ], [ 113.188591, -7.94563437 ], [ 113.1882782, -7.94526625 ], [ 113.18810272, -7.94512701 ], [ 113.18789673, -7.94504929 ], [ 113.18769073, -7.94503641 ], [ 113.18752289, -7.94509792 ], [ 113.18739319, -7.94523191 ], [ 113.18728638, -7.94544983 ], [ 113.18708801, -7.94598579 ], [ 113.18690491, -7.94618845 ], [ 113.18677521, -7.94626045 ], [ 113.18664551, -7.94625425 ], [ 113.18635559, -7.94615746 ], [ 113.18592072, -7.94600582 ], [ 113.1856842, -7.94599152 ], [ 113.18546295, -7.94603825 ], [ 113.18534851, -7.94612694 ], [ 113.18531036, -7.94621658 ], [ 113.18534851, -7.94633532 ], [ 113.18539429, -7.94639874 ], [ 113.18547821, -7.94650507 ], [ 113.18566132, -7.94676399 ], [ 113.18569183, -7.946908 ], [ 113.18565369, -7.94711304 ], [ 113.18557739, -7.9472661 ], [ 113.18545532, -7.94734097 ], [ 113.18528748, -7.94734097 ], [ 113.18461609, -7.94731665 ], [ 113.18430328, -7.94744015 ], [ 113.18392944, -7.94752264 ], [ 113.18353271, -7.9476347 ], [ 113.18264008, -7.9479928 ], [ 113.18231201, -7.94818974 ], [ 113.18192291, -7.94842339 ], [ 113.18160248, -7.94874382 ], [ 113.1815033, -7.94894505 ], [ 113.18145752, -7.94919395 ], [ 113.18138123, -7.94964027 ], [ 113.18127441, -7.9497633 ], [ 113.18112183, -7.94983387 ], [ 113.18081665, -7.94990253 ], [ 113.18026733, -7.9500246 ], [ 113.18014526, -7.95013285 ], [ 113.18008423, -7.95026255 ], [ 113.18009186, -7.95041323 ], [ 113.18015289, -7.95109701 ], [ 113.18009949, -7.95134068 ], [ 113.1800766, -7.95146227 ], [ 113.17988586, -7.95155716 ], [ 113.17974854, -7.95161057 ], [ 113.1795578, -7.95168686 ], [ 113.17938995, -7.95175362 ], [ 113.17932892, -7.95185804 ], [ 113.17934418, -7.95196009 ], [ 113.17955017, -7.95229387 ], [ 113.17960358, -7.95246506 ], [ 113.17974091, -7.95298052 ], [ 113.17973328, -7.95309734 ], [ 113.17964935, -7.95318365 ], [ 113.17950439, -7.95324135 ], [ 113.17917633, -7.95329618 ], [ 113.17889404, -7.95338345 ], [ 113.17871094, -7.95351076 ], [ 113.17835999, -7.95377684 ], [ 113.17817688, -7.95377588 ], [ 113.17797089, -7.95380306 ], [ 113.17777252, -7.9539094 ], [ 113.1775589, -7.95410633 ], [ 113.17746735, -7.95425844 ], [ 113.17735291, -7.95461464 ], [ 113.17725372, -7.95506907 ], [ 113.17729187, -7.95533133 ], [ 113.17733002, -7.95560312 ], [ 113.1772995, -7.95628643 ], [ 113.17712402, -7.95649052 ], [ 113.17634583, -7.95743847 ], [ 113.17604828, -7.95780611 ], [ 113.17580414, -7.95810747 ], [ 113.17553711, -7.95823288 ], [ 113.17516327, -7.95831347 ], [ 113.17491913, -7.95829916 ], [ 113.17446899, -7.95824051 ], [ 113.17427063, -7.95830727 ], [ 113.17404938, -7.95850897 ], [ 113.17391968, -7.9586997 ], [ 113.17389679, -7.95886803 ], [ 113.17392731, -7.95936346 ], [ 113.17389679, -7.95965004 ], [ 113.17386627, -7.95975447 ], [ 113.17378235, -7.95984364 ], [ 113.17354584, -7.95992947 ], [ 113.17314911, -7.96009302 ], [ 113.17272949, -7.96028042 ], [ 113.1725769, -7.96040392 ], [ 113.17229462, -7.96071672 ], [ 113.17209625, -7.96111345 ], [ 113.17184448, -7.96147537 ], [ 113.17175293, -7.96158791 ], [ 113.17156982, -7.96168661 ], [ 113.17125702, -7.96173763 ], [ 113.17090607, -7.96169901 ], [ 113.17073059, -7.96158648 ], [ 113.17032623, -7.96133184 ], [ 113.17016602, -7.96132469 ], [ 113.17001343, -7.96139145 ], [ 113.16989136, -7.96153736 ], [ 113.16954803, -7.96200752 ], [ 113.16925812, -7.96160984 ], [ 113.16854095, -7.9607501 ], [ 113.16793823, -7.96001053 ], [ 113.16780853, -7.95984983 ], [ 113.16687012, -7.95855999 ], [ 113.16623688, -7.95741987 ], [ 113.16610718, -7.95717001 ], [ 113.16584015, -7.95668983 ], [ 113.1654129, -7.95593977 ], [ 113.16510773, -7.9553771 ], [ 113.16475677, -7.95474005 ], [ 113.16454315, -7.95432091 ], [ 113.16436005, -7.95395803 ], [ 113.16428375, -7.95380259 ], [ 113.16416931, -7.9535799 ], [ 113.16371918, -7.95257998 ], [ 113.16362762, -7.95239019 ], [ 113.16326904, -7.95127869 ], [ 113.16307068, -7.95065022 ], [ 113.16303253, -7.95049 ], [ 113.16280365, -7.94966984 ], [ 113.16268158, -7.94877005 ], [ 113.16256714, -7.94784021 ], [ 113.16249847, -7.94679022 ], [ 113.16240692, -7.9450798 ], [ 113.16239166, -7.94478607 ], [ 113.16236877, -7.94449997 ], [ 113.16233826, -7.94399977 ], [ 113.16217804, -7.94227982 ], [ 113.162117, -7.9417901 ], [ 113.16205597, -7.94131088 ], [ 113.16201782, -7.94104004 ], [ 113.16188049, -7.93948984 ], [ 113.16174316, -7.93807983 ], [ 113.16155243, -7.93683004 ], [ 113.16145325, -7.9365201 ], [ 113.16140747, -7.93639994 ], [ 113.16137695, -7.93626738 ], [ 113.16127777, -7.93584013 ], [ 113.16104126, -7.93555021 ], [ 113.16078949, -7.93530989 ], [ 113.16056824, -7.93516016 ], [ 113.16046143, -7.93511152 ], [ 113.15999603, -7.93496418 ], [ 113.1595459, -7.93484974 ], [ 113.15885925, -7.93480301 ], [ 113.15848541, -7.93462133 ], [ 113.15810394, -7.93447304 ], [ 113.15753174, -7.93464327 ], [ 113.15744781, -7.93496037 ], [ 113.15718842, -7.93534565 ], [ 113.15673065, -7.93526459 ], [ 113.15633392, -7.93513298 ], [ 113.15604401, -7.93508434 ], [ 113.15594482, -7.93513489 ], [ 113.15564728, -7.935637 ], [ 113.15544891, -7.93607187 ], [ 113.15523529, -7.93625689 ], [ 113.15493011, -7.9364419 ], [ 113.15466309, -7.93640995 ], [ 113.15441132, -7.93632746 ], [ 113.15406036, -7.93617916 ], [ 113.15389252, -7.93606329 ], [ 113.15367889, -7.93621445 ], [ 113.15357971, -7.93658209 ], [ 113.15361023, -7.93699932 ], [ 113.15359497, -7.93731642 ], [ 113.15338135, -7.93756771 ], [ 113.15331268, -7.93781805 ], [ 113.15309906, -7.93815279 ], [ 113.15302277, -7.93824005 ], [ 113.15274811, -7.93853521 ], [ 113.15247345, -7.93852997 ], [ 113.15177155, -7.93846989 ], [ 113.15126801, -7.93837023 ], [ 113.15042877, -7.93809986 ], [ 113.14971924, -7.93788004 ], [ 113.14938354, -7.9377799 ], [ 113.14903259, -7.93767977 ], [ 113.1488266, -7.93759012 ], [ 113.14826202, -7.9373498 ], [ 113.14743805, -7.93697023 ], [ 113.14655304, -7.93649006 ], [ 113.14585876, -7.93600988 ], [ 113.14533234, -7.9354701 ], [ 113.14491272, -7.93486023 ], [ 113.1448288, -7.93470001 ], [ 113.14453888, -7.93413019 ], [ 113.1442337, -7.93349981 ], [ 113.14415741, -7.93329 ], [ 113.14404297, -7.93295383 ], [ 113.14398193, -7.93276978 ], [ 113.14382935, -7.93230009 ], [ 113.14376831, -7.93212986 ], [ 113.14369965, -7.93173599 ], [ 113.14366913, -7.93157005 ], [ 113.14364624, -7.93148994 ], [ 113.14356995, -7.93073988 ], [ 113.14353943, -7.93049049 ], [ 113.14352417, -7.93035793 ], [ 113.14221191, -7.92999029 ], [ 113.13954926, -7.92799473 ], [ 113.13899231, -7.92817163 ], [ 113.13873291, -7.92804623 ], [ 113.13855743, -7.92795849 ], [ 113.13835907, -7.92768383 ], [ 113.13786316, -7.9273138 ], [ 113.13760376, -7.92703104 ], [ 113.13733673, -7.92680168 ], [ 113.13708496, -7.92650986 ], [ 113.13702393, -7.92602205 ], [ 113.13758087, -7.92610788 ], [ 113.13766479, -7.92603636 ], [ 113.1378479, -7.92590237 ], [ 113.13799286, -7.92575073 ], [ 113.138237, -7.92558956 ], [ 113.13835907, -7.92542934 ], [ 113.13852692, -7.92525101 ], [ 113.13883972, -7.92491198 ], [ 113.13893127, -7.92468929 ], [ 113.13903809, -7.92439604 ], [ 113.13913727, -7.92423582 ], [ 113.139328, -7.92367983 ], [ 113.13925934, -7.92364979 ], [ 113.13907623, -7.92356014 ], [ 113.1384964, -7.92332983 ], [ 113.13791656, -7.9231801 ], [ 113.13696289, -7.92292023 ], [ 113.13623047, -7.9228301 ], [ 113.1361084, -7.92281485 ], [ 113.13574982, -7.92277002 ], [ 113.1354599, -7.92272997 ], [ 113.13459015, -7.9226799 ], [ 113.13439941, -7.9226656 ], [ 113.13395691, -7.92263174 ], [ 113.13366699, -7.92260981 ], [ 113.13327789, -7.92251015 ], [ 113.13314819, -7.92248011 ], [ 113.13266754, -7.92227983 ], [ 113.13210297, -7.92202997 ], [ 113.13182068, -7.92183018 ], [ 113.13157654, -7.92156982 ], [ 113.13143921, -7.92121983 ], [ 113.1313324, -7.92070007 ], [ 113.13128662, -7.92040014 ], [ 113.13130188, -7.92027998 ], [ 113.13143921, -7.91985989 ], [ 113.13160706, -7.91949987 ], [ 113.13169098, -7.91928005 ], [ 113.13169861, -7.91899014 ], [ 113.13166809, -7.91871977 ], [ 113.13162231, -7.91839981 ], [ 113.1315918, -7.91802979 ], [ 113.13155365, -7.91785002 ], [ 113.13137054, -7.91762018 ], [ 113.13124084, -7.91745996 ], [ 113.13111115, -7.91712999 ], [ 113.13108826, -7.91694021 ], [ 113.13128662, -7.91660023 ], [ 113.1314621, -7.91631985 ], [ 113.13165283, -7.91573 ], [ 113.13168335, -7.91544008 ], [ 113.13173676, -7.91519022 ], [ 113.13185883, -7.91499996 ], [ 113.13204193, -7.91485023 ], [ 113.13226318, -7.91479015 ], [ 113.13243103, -7.91477013 ], [ 113.13252258, -7.91469002 ], [ 113.13260651, -7.91439009 ], [ 113.13269043, -7.91409016 ], [ 113.13278961, -7.91368008 ], [ 113.13282013, -7.91324997 ], [ 113.13271332, -7.91281986 ], [ 113.13256836, -7.91234016 ], [ 113.13247681, -7.91199017 ], [ 113.13249969, -7.91181993 ], [ 113.13262939, -7.91160011 ], [ 113.13234711, -7.91139984 ], [ 113.13221741, -7.91097546 ], [ 113.13217926, -7.91087008 ], [ 113.13201904, -7.91049004 ], [ 113.13195801, -7.91031981 ], [ 113.13188171, -7.91008997 ], [ 113.13179779, -7.90970993 ], [ 113.13175201, -7.90927982 ], [ 113.13173676, -7.90894985 ], [ 113.13179779, -7.90860987 ], [ 113.13188171, -7.90827465 ], [ 113.13191986, -7.90812016 ], [ 113.13211823, -7.9073801 ], [ 113.13237, -7.90655994 ], [ 113.13250732, -7.90601015 ], [ 113.13254547, -7.90545797 ], [ 113.12902069, -7.90372992 ], [ 113.12908173, -7.90350008 ], [ 113.12892914, -7.90323019 ], [ 113.12886047, -7.90312004 ], [ 113.12888336, -7.90300989 ], [ 113.12908173, -7.90285015 ], [ 113.12927246, -7.90274 ], [ 113.12931061, -7.90249014 ], [ 113.1292572, -7.90222979 ], [ 113.12924194, -7.90198994 ], [ 113.1295929, -7.90154982 ], [ 113.12966919, -7.90142012 ], [ 113.12967682, -7.90129995 ], [ 113.12953949, -7.90112019 ], [ 113.12947083, -7.90103006 ], [ 113.12953186, -7.9009099 ], [ 113.12963104, -7.90077019 ], [ 113.12973022, -7.9005599 ], [ 113.12976074, -7.90028954 ], [ 113.12944794, -7.90013981 ], [ 113.12892914, -7.90009022 ], [ 113.12824249, -7.90013981 ], [ 113.12789917, -7.90021992 ], [ 113.12770081, -7.90023994 ], [ 113.12711334, -7.90032005 ], [ 113.1263504, -7.90035009 ], [ 113.12584686, -7.90035009 ], [ 113.12567139, -7.90032005 ], [ 113.125, -7.90021992 ], [ 113.12454987, -7.90006018 ], [ 113.12433624, -7.90003014 ], [ 113.1232605, -7.89995003 ], [ 113.12275696, -7.89995003 ], [ 113.1220932, -7.89996004 ], [ 113.12098694, -7.89996004 ], [ 113.12090302, -7.89997005 ], [ 113.12019348, -7.90006018 ], [ 113.11974335, -7.90022993 ] ] ] ] } },
{ "type": "Feature", "properties": { "GID_0": "IDN", "NAME_0": "Indonesia", "GID_1": "IDN.11_1", "NAME_1": "Jawa Timur", "NL_NAME_1": null, "GID_2": "IDN.11.30_1", "NAME_2": "Probolinggo", "NL_NAME_2": null, "GID_3": "IDN.11.30.12_1", "NAME_3": "Leces", "VARNAME_3": null, "NL_NAME_3": null, "TYPE_3": "Kecamatan", "ENGTYPE_3": "Sub-district", "CC_3": "3513050", "HASC_3": null }, "geometry": { "type": "MultiPolygon", "coordinates": [ [ [ [ 113.25167847, -7.90660238 ], [ 113.25158691, -7.90655088 ], [ 113.25095367, -7.90642262 ], [ 113.25059509, -7.90641499 ], [ 113.25024414, -7.90648746 ], [ 113.25, -7.90662479 ], [ 113.24970245, -7.90686703 ], [ 113.24906158, -7.90744734 ], [ 113.24871826, -7.90764189 ], [ 113.24848938, -7.90777493 ], [ 113.24826813, -7.90802717 ], [ 113.24823761, -7.90793705 ], [ 113.24819183, -7.90786743 ], [ 113.24808502, -7.90782976 ], [ 113.24781799, -7.90782881 ], [ 113.24741364, -7.90779066 ], [ 113.24729919, -7.90768719 ], [ 113.24725342, -7.90755606 ], [ 113.24725342, -7.90723133 ], [ 113.24720001, -7.90683126 ], [ 113.24710846, -7.90675449 ], [ 113.24693298, -7.90672636 ], [ 113.2460022, -7.90665293 ], [ 113.24523926, -7.90650272 ], [ 113.24492645, -7.9064045 ], [ 113.24455261, -7.90628767 ], [ 113.24370575, -7.90602398 ], [ 113.24340057, -7.90590191 ], [ 113.24324036, -7.90583658 ], [ 113.24222565, -7.90543795 ], [ 113.24150085, -7.90523767 ], [ 113.24117279, -7.90511894 ], [ 113.24085236, -7.9049325 ], [ 113.24035645, -7.90486336 ], [ 113.23970795, -7.90478754 ], [ 113.23960114, -7.90477467 ], [ 113.23886871, -7.90463972 ], [ 113.2385025, -7.9045496 ], [ 113.23767853, -7.90434933 ], [ 113.23685455, -7.90407562 ], [ 113.23614502, -7.90385723 ], [ 113.23571777, -7.90364504 ], [ 113.23542786, -7.9034996 ], [ 113.2345047, -7.90306902 ], [ 113.23371887, -7.90272093 ], [ 113.23285675, -7.90246773 ], [ 113.23251343, -7.90236568 ], [ 113.23126221, -7.90206623 ], [ 113.23014069, -7.90186882 ], [ 113.2292099, -7.90173483 ], [ 113.22839355, -7.90161371 ], [ 113.22818756, -7.90158272 ], [ 113.22725677, -7.90155077 ], [ 113.22620392, -7.90150976 ], [ 113.22504425, -7.90145111 ], [ 113.22398376, -7.9013176 ], [ 113.22324371, -7.90116692 ], [ 113.22309875, -7.90113688 ], [ 113.22203064, -7.90087414 ], [ 113.22105408, -7.90056419 ], [ 113.21990204, -7.90032005 ], [ 113.21901703, -7.90014839 ], [ 113.21828461, -7.89993906 ], [ 113.21788788, -7.8998208 ], [ 113.21743011, -7.89973068 ], [ 113.21699524, -7.89971447 ], [ 113.21639252, -7.89968967 ], [ 113.21524811, -7.89957142 ], [ 113.21508789, -7.89955187 ], [ 113.21463776, -7.89949512 ], [ 113.21376038, -7.89936066 ], [ 113.21277618, -7.89916229 ], [ 113.2116394, -7.89876986 ], [ 113.21037292, -7.89814615 ], [ 113.2093811, -7.89791965 ], [ 113.20919037, -7.89791584 ], [ 113.20832062, -7.89789724 ], [ 113.20751953, -7.89804411 ], [ 113.20755005, -7.89794016 ], [ 113.20739746, -7.89784956 ], [ 113.20726776, -7.89783144 ], [ 113.20713806, -7.8977375 ], [ 113.20705414, -7.89767122 ], [ 113.20703125, -7.89758587 ], [ 113.20703125, -7.89751005 ], [ 113.20705414, -7.89743423 ], [ 113.2070694, -7.89735842 ], [ 113.20714569, -7.89731026 ], [ 113.20729065, -7.89728117 ], [ 113.20741272, -7.89722347 ], [ 113.20752716, -7.89704275 ], [ 113.20756531, -7.8969574 ], [ 113.20755768, -7.89677048 ], [ 113.20751953, -7.89651728 ], [ 113.20750427, -7.89620113 ], [ 113.20750427, -7.89595222 ], [ 113.20760345, -7.89579964 ], [ 113.20767212, -7.89569521 ], [ 113.20783234, -7.89574575 ], [ 113.20797729, -7.89575386 ], [ 113.20806122, -7.89570427 ], [ 113.20780182, -7.89535284 ], [ 113.20768738, -7.8951354 ], [ 113.20764923, -7.89494991 ], [ 113.20768738, -7.89473581 ], [ 113.20774841, -7.89455652 ], [ 113.20778656, -7.89448977 ], [ 113.20778656, -7.8942337 ], [ 113.20787811, -7.89409065 ], [ 113.20795441, -7.89393854 ], [ 113.20806122, -7.89385271 ], [ 113.20810699, -7.89376831 ], [ 113.20813751, -7.89368343 ], [ 113.20801544, -7.89362526 ], [ 113.20788574, -7.89353323 ], [ 113.20779419, -7.89340496 ], [ 113.20780945, -7.89330673 ], [ 113.20791626, -7.89321804 ], [ 113.20811462, -7.89309359 ], [ 113.20820618, -7.89302444 ], [ 113.20828247, -7.89292622 ], [ 113.20839691, -7.8927474 ], [ 113.20844269, -7.89229345 ], [ 113.20843506, -7.89204216 ], [ 113.20848846, -7.89184809 ], [ 113.20855713, -7.89177179 ], [ 113.20867157, -7.89178991 ], [ 113.20881653, -7.89182854 ], [ 113.20892334, -7.89177895 ], [ 113.208992, -7.89171171 ], [ 113.20903015, -7.89160919 ], [ 113.20903778, -7.89147139 ], [ 113.20896912, -7.89135599 ], [ 113.20891571, -7.89118242 ], [ 113.20897675, -7.89106655 ], [ 113.20921326, -7.89105988 ], [ 113.20937347, -7.89097977 ], [ 113.2095871, -7.89075613 ], [ 113.20996857, -7.89028692 ], [ 113.21028137, -7.88971138 ], [ 113.21044159, -7.88932323 ], [ 113.21052551, -7.88914061 ], [ 113.21057129, -7.88897562 ], [ 113.21058655, -7.88867283 ], [ 113.21057892, -7.88837433 ], [ 113.21052551, -7.88809443 ], [ 113.21054077, -7.88785839 ], [ 113.21077728, -7.88779497 ], [ 113.21080017, -7.88758993 ], [ 113.21077728, -7.88743448 ], [ 113.21068573, -7.88723898 ], [ 113.21063995, -7.8868165 ], [ 113.21060944, -7.88660765 ], [ 113.21061707, -7.88627386 ], [ 113.21059418, -7.88600683 ], [ 113.21056366, -7.88550854 ], [ 113.2105484, -7.88535309 ], [ 113.21048737, -7.88521528 ], [ 113.21035767, -7.88508224 ], [ 113.21019745, -7.88498974 ], [ 113.21007538, -7.88483047 ], [ 113.21012115, -7.88473225 ], [ 113.21029663, -7.88471317 ], [ 113.21041107, -7.88461018 ], [ 113.21051788, -7.88450289 ], [ 113.21053314, -7.88440084 ], [ 113.21045685, -7.8842721 ], [ 113.21022797, -7.88416195 ], [ 113.21001434, -7.88408279 ], [ 113.20993805, -7.8839674 ], [ 113.21016693, -7.88383007 ], [ 113.21029663, -7.88368988 ], [ 113.21031189, -7.88349819 ], [ 113.21029663, -7.88339186 ], [ 113.21026611, -7.88312054 ], [ 113.21014404, -7.8829298 ], [ 113.20999908, -7.88268995 ], [ 113.21022797, -7.88250017 ], [ 113.21035767, -7.88247013 ], [ 113.21053314, -7.88250923 ], [ 113.21066284, -7.88243008 ], [ 113.21065521, -7.88235712 ], [ 113.21057892, -7.88217068 ], [ 113.21043396, -7.88204241 ], [ 113.21034241, -7.88194036 ], [ 113.21025085, -7.88183403 ], [ 113.21021271, -7.88174105 ], [ 113.21031189, -7.88157558 ], [ 113.21045685, -7.88141918 ], [ 113.21047211, -7.88127232 ], [ 113.21040344, -7.88107681 ], [ 113.21038818, -7.88085461 ], [ 113.21047974, -7.88075161 ], [ 113.21059418, -7.88072443 ], [ 113.21076202, -7.88068342 ], [ 113.21089172, -7.88054991 ], [ 113.21083832, -7.88030481 ], [ 113.21085358, -7.88007545 ], [ 113.21085358, -7.87991762 ], [ 113.21092224, -7.87942123 ], [ 113.21109009, -7.87919092 ], [ 113.21130371, -7.87910986 ], [ 113.21169281, -7.87894011 ], [ 113.21188354, -7.87881851 ], [ 113.21201324, -7.87865019 ], [ 113.21217346, -7.87840986 ], [ 113.21237946, -7.87820005 ], [ 113.21273041, -7.87803888 ], [ 113.21290588, -7.87797356 ], [ 113.21315765, -7.87787199 ], [ 113.21343231, -7.87778044 ], [ 113.21367645, -7.8777442 ], [ 113.21401978, -7.87767553 ], [ 113.21450806, -7.87751293 ], [ 113.21489716, -7.87731028 ], [ 113.21520233, -7.87716627 ], [ 113.2154541, -7.87706709 ], [ 113.21575165, -7.87700748 ], [ 113.21604919, -7.87703753 ], [ 113.21639252, -7.87710238 ], [ 113.21669006, -7.87709188 ], [ 113.21691132, -7.87704992 ], [ 113.21705627, -7.87699986 ], [ 113.21720123, -7.87679195 ], [ 113.21736145, -7.87663126 ], [ 113.21757507, -7.87647295 ], [ 113.21768951, -7.87645006 ], [ 113.21780396, -7.87633801 ], [ 113.21782684, -7.87622023 ], [ 113.21777344, -7.87598991 ], [ 113.21751404, -7.87580204 ], [ 113.21741486, -7.87553263 ], [ 113.21736145, -7.87524366 ], [ 113.21730804, -7.87495422 ], [ 113.21723938, -7.87477493 ], [ 113.21718597, -7.87457561 ], [ 113.21711731, -7.87434626 ], [ 113.21707153, -7.8741169 ], [ 113.21718597, -7.87396622 ], [ 113.21737671, -7.87392998 ], [ 113.21757507, -7.87402439 ], [ 113.21781158, -7.87400293 ], [ 113.21794891, -7.87388992 ], [ 113.21806335, -7.8737402 ], [ 113.21818542, -7.87363148 ], [ 113.21828461, -7.87366104 ], [ 113.21845245, -7.87362003 ], [ 113.21865845, -7.8736701 ], [ 113.21881104, -7.87377024 ], [ 113.21891022, -7.87378979 ], [ 113.21896362, -7.87368011 ], [ 113.21907806, -7.87357712 ], [ 113.2191925, -7.87347651 ], [ 113.2194519, -7.87358475 ], [ 113.21970367, -7.87356377 ], [ 113.22001648, -7.87361193 ], [ 113.22024536, -7.87355089 ], [ 113.22032166, -7.87338018 ], [ 113.22039795, -7.87316036 ], [ 113.22039032, -7.87294102 ], [ 113.22032166, -7.87268162 ], [ 113.22029877, -7.87234211 ], [ 113.22029114, -7.87203264 ], [ 113.22029877, -7.87153339 ], [ 113.22073364, -7.8712616 ], [ 113.2208252, -7.87087154 ], [ 113.2208786, -7.87072182 ], [ 113.22096252, -7.87060118 ], [ 113.22102356, -7.87040138 ], [ 113.22093964, -7.87019205 ], [ 113.22075653, -7.87008333 ], [ 113.2204895, -7.87001467 ], [ 113.22016907, -7.86983681 ], [ 113.22006226, -7.86972761 ], [ 113.21994781, -7.8696084 ], [ 113.21994019, -7.86939859 ], [ 113.22012329, -7.86918783 ], [ 113.2203598, -7.86907005 ], [ 113.22055817, -7.86898994 ], [ 113.22074127, -7.86893988 ], [ 113.22084808, -7.86884022 ], [ 113.22090912, -7.86872005 ], [ 113.22085571, -7.86855793 ], [ 113.22052765, -7.86845684 ], [ 113.22029877, -7.86815882 ], [ 113.2201767, -7.86786985 ], [ 113.2201004, -7.86754036 ], [ 113.2202301, -7.86733007 ], [ 113.22032928, -7.86710978 ], [ 113.22064972, -7.8668685 ], [ 113.22107697, -7.86666679 ], [ 113.22123718, -7.86645603 ], [ 113.22138214, -7.86624575 ], [ 113.22145081, -7.86605549 ], [ 113.22130585, -7.86570692 ], [ 113.22136688, -7.86534739 ], [ 113.22153473, -7.86486721 ], [ 113.22194672, -7.86434555 ], [ 113.22226715, -7.86407995 ], [ 113.22261047, -7.8635602 ], [ 113.2218399, -7.86290121 ], [ 113.22168732, -7.86277008 ], [ 113.22133636, -7.86258984 ], [ 113.22068024, -7.86223984 ], [ 113.2188797, -7.86206532 ], [ 113.21865082, -7.86206627 ], [ 113.21825409, -7.86209869 ], [ 113.21736145, -7.86209345 ], [ 113.21626282, -7.86205912 ], [ 113.21609497, -7.86144114 ], [ 113.21590424, -7.86146212 ], [ 113.21551514, -7.86142397 ], [ 113.2151413, -7.86138582 ], [ 113.21472168, -7.86126852 ], [ 113.21392059, -7.86116266 ], [ 113.2125473, -7.86086035 ], [ 113.21191406, -7.86073256 ], [ 113.21096802, -7.86053944 ], [ 113.21029663, -7.86051273 ], [ 113.21014404, -7.86048985 ], [ 113.2096405, -7.86061668 ], [ 113.2089386, -7.86048508 ], [ 113.20883179, -7.86046553 ], [ 113.20865631, -7.86043072 ], [ 113.2084198, -7.86038589 ], [ 113.20813751, -7.86035442 ], [ 113.20802307, -7.86033869 ], [ 113.20801544, -7.86024046 ], [ 113.20761108, -7.86017704 ], [ 113.20683289, -7.8601079 ], [ 113.20641327, -7.8601017 ], [ 113.20587921, -7.86010408 ], [ 113.20555115, -7.86008978 ], [ 113.20516205, -7.86009169 ], [ 113.20485687, -7.85991335 ], [ 113.20469666, -7.8599143 ], [ 113.20439911, -7.8598423 ], [ 113.20394135, -7.85976267 ], [ 113.20339966, -7.85966587 ], [ 113.20296478, -7.85960436 ], [ 113.20200348, -7.85940456 ], [ 113.20144653, -7.85922718 ], [ 113.20081329, -7.85911608 ], [ 113.20024109, -7.85902929 ], [ 113.19998932, -7.85900593 ], [ 113.19892883, -7.85886049 ], [ 113.19815063, -7.85875368 ], [ 113.19823456, -7.8586874 ], [ 113.19842529, -7.85855579 ], [ 113.1985321, -7.8583498 ], [ 113.19860077, -7.8582201 ], [ 113.19842529, -7.85808897 ], [ 113.19818115, -7.85788059 ], [ 113.19804382, -7.85762167 ], [ 113.19808197, -7.85743189 ], [ 113.19812012, -7.8572917 ], [ 113.19837952, -7.85733032 ], [ 113.19867706, -7.85727882 ], [ 113.1988678, -7.85719013 ], [ 113.19896698, -7.85708761 ], [ 113.19896698, -7.85692787 ], [ 113.19898987, -7.85660839 ], [ 113.19885254, -7.85626316 ], [ 113.19877625, -7.85615015 ], [ 113.1986618, -7.85610056 ], [ 113.19847107, -7.85608149 ], [ 113.19824219, -7.85625267 ], [ 113.19800568, -7.85639381 ], [ 113.19779205, -7.85635471 ], [ 113.19772339, -7.85621548 ], [ 113.19777679, -7.85585785 ], [ 113.19779205, -7.85576582 ], [ 113.19793701, -7.8552947 ], [ 113.19815063, -7.85506487 ], [ 113.19847107, -7.85429001 ], [ 113.19859314, -7.85398006 ], [ 113.1985321, -7.85374498 ], [ 113.19824219, -7.85329723 ], [ 113.19819641, -7.85301781 ], [ 113.19841003, -7.85282993 ], [ 113.19853973, -7.85270643 ], [ 113.19879913, -7.85254526 ], [ 113.19891357, -7.85245991 ], [ 113.19923401, -7.85247326 ], [ 113.19953918, -7.85238171 ], [ 113.19963837, -7.85217142 ], [ 113.19972229, -7.85200977 ], [ 113.199646, -7.85184193 ], [ 113.19948578, -7.8516531 ], [ 113.19937897, -7.85147381 ], [ 113.1996994, -7.85124016 ], [ 113.1998291, -7.85106993 ], [ 113.20001984, -7.85098124 ], [ 113.20026398, -7.8510499 ], [ 113.20044708, -7.85106897 ], [ 113.20071411, -7.85131693 ], [ 113.20095062, -7.85149574 ], [ 113.20134735, -7.85161352 ], [ 113.20167542, -7.85153151 ], [ 113.20187378, -7.85146093 ], [ 113.20188141, -7.85118103 ], [ 113.20166779, -7.85090256 ], [ 113.20163727, -7.85063314 ], [ 113.20166779, -7.85038328 ], [ 113.20200348, -7.85026979 ], [ 113.20272827, -7.84952021 ], [ 113.20291901, -7.84928989 ], [ 113.20301819, -7.84908009 ], [ 113.20307922, -7.84876871 ], [ 113.20309448, -7.84861851 ], [ 113.20316315, -7.84849834 ], [ 113.20333099, -7.8483777 ], [ 113.20355225, -7.8483367 ], [ 113.20371246, -7.8483758 ], [ 113.20388031, -7.8484745 ], [ 113.20393372, -7.84877396 ], [ 113.20422363, -7.84890223 ], [ 113.204422, -7.84884119 ], [ 113.20458221, -7.84873056 ], [ 113.20474243, -7.84874964 ], [ 113.20492554, -7.84852934 ], [ 113.20484161, -7.84844875 ], [ 113.20471191, -7.84831047 ], [ 113.20435333, -7.84814262 ], [ 113.20435333, -7.84789419 ], [ 113.20436096, -7.8477931 ], [ 113.20444489, -7.84760284 ], [ 113.20469666, -7.84756994 ], [ 113.20488739, -7.84759092 ], [ 113.2050705, -7.84747982 ], [ 113.20518494, -7.84736967 ], [ 113.20529175, -7.84721994 ], [ 113.20536041, -7.84710979 ], [ 113.20532227, -7.84695244 ], [ 113.2052536, -7.8468399 ], [ 113.20470428, -7.84683275 ], [ 113.2044754, -7.84672403 ], [ 113.20436859, -7.84653521 ], [ 113.20446777, -7.84631491 ], [ 113.20467377, -7.8462038 ], [ 113.20488739, -7.84601307 ], [ 113.20487976, -7.84567356 ], [ 113.20504761, -7.84499407 ], [ 113.2050705, -7.84450436 ], [ 113.20514679, -7.84414434 ], [ 113.20549011, -7.84381342 ], [ 113.20585632, -7.84358168 ], [ 113.20610046, -7.84341049 ], [ 113.20640564, -7.84312963 ], [ 113.20679474, -7.84296751 ], [ 113.20696259, -7.84271717 ], [ 113.20702362, -7.84210777 ], [ 113.20706177, -7.84176826 ], [ 113.20730591, -7.84150696 ], [ 113.2075882, -7.84144592 ], [ 113.20799255, -7.84139395 ], [ 113.20828247, -7.84131241 ], [ 113.20844269, -7.84120178 ], [ 113.20852661, -7.84098005 ], [ 113.20851135, -7.84085131 ], [ 113.20842743, -7.8407526 ], [ 113.20834351, -7.84066296 ], [ 113.20794678, -7.84054518 ], [ 113.20760345, -7.84046698 ], [ 113.20728302, -7.84026909 ], [ 113.20729065, -7.83990955 ], [ 113.20736694, -7.8396697 ], [ 113.20746613, -7.83952951 ], [ 113.20758057, -7.83932734 ], [ 113.20783234, -7.83886814 ], [ 113.20810699, -7.83865976 ], [ 113.20822144, -7.8384099 ], [ 113.20811462, -7.83823776 ], [ 113.20799255, -7.83772945 ], [ 113.20793915, -7.83749008 ], [ 113.20806885, -7.83718967 ], [ 113.20810699, -7.83702946 ], [ 113.20807648, -7.83684015 ], [ 113.20807648, -7.8367548 ], [ 113.20808411, -7.8366704 ], [ 113.20797729, -7.83657122 ], [ 113.20780182, -7.83651209 ], [ 113.2075119, -7.83651352 ], [ 113.20743561, -7.83640432 ], [ 113.2073822, -7.83616495 ], [ 113.20729828, -7.83576584 ], [ 113.20724487, -7.83545637 ], [ 113.20733643, -7.83518648 ], [ 113.20744324, -7.83470678 ], [ 113.20746613, -7.83445692 ], [ 113.20758057, -7.83438015 ], [ 113.20764923, -7.83416986 ], [ 113.20794678, -7.83390999 ], [ 113.2082901, -7.83380365 ], [ 113.20855713, -7.83370209 ], [ 113.20870209, -7.83340979 ], [ 113.20904541, -7.83251143 ], [ 113.20915985, -7.83221769 ], [ 113.20935822, -7.83171558 ], [ 113.2094574, -7.83147097 ], [ 113.20954895, -7.83113098 ], [ 113.20967865, -7.83081055 ], [ 113.20985413, -7.83044052 ], [ 113.2101059, -7.83025885 ], [ 113.21037292, -7.83023787 ], [ 113.21065521, -7.83023643 ], [ 113.21096802, -7.830235 ], [ 113.21117401, -7.83014393 ], [ 113.21138763, -7.83008289 ], [ 113.21187592, -7.82957125 ], [ 113.2121048, -7.82936001 ], [ 113.21233368, -7.82925892 ], [ 113.21250153, -7.82921743 ], [ 113.21257782, -7.82919788 ], [ 113.21286011, -7.82918644 ], [ 113.21307373, -7.82906008 ], [ 113.21330261, -7.82889986 ], [ 113.21360779, -7.82853985 ], [ 113.21405029, -7.82778978 ], [ 113.21424866, -7.82746506 ], [ 113.21452332, -7.82702732 ], [ 113.21470642, -7.82672024 ], [ 113.2147522, -7.82665014 ], [ 113.21482849, -7.82649994 ], [ 113.21482849, -7.82637978 ], [ 113.21470642, -7.82615995 ], [ 113.21456146, -7.82617187 ], [ 113.21396637, -7.82599545 ], [ 113.21373749, -7.82585669 ], [ 113.21365356, -7.82570744 ], [ 113.21376038, -7.82551003 ], [ 113.21382141, -7.82534981 ], [ 113.21389008, -7.8252821 ], [ 113.21398163, -7.82519007 ], [ 113.2144165, -7.82490873 ], [ 113.21453094, -7.82485008 ], [ 113.21489716, -7.82465792 ], [ 113.21520996, -7.82451677 ], [ 113.2153244, -7.82441235 ], [ 113.21536255, -7.82431936 ], [ 113.2154007, -7.82422495 ], [ 113.21542358, -7.82412434 ], [ 113.2154541, -7.82399845 ], [ 113.21551514, -7.8237915 ], [ 113.21550751, -7.82351971 ], [ 113.21535492, -7.82309294 ], [ 113.21525574, -7.82294226 ], [ 113.21508026, -7.82267284 ], [ 113.21497345, -7.82250786 ], [ 113.21495056, -7.82206774 ], [ 113.2149353, -7.82180691 ], [ 113.21479034, -7.82100105 ], [ 113.21473694, -7.82055235 ], [ 113.2147522, -7.82037592 ], [ 113.2148056, -7.82028532 ], [ 113.2148819, -7.82014942 ], [ 113.2150116, -7.82004833 ], [ 113.21514893, -7.819839 ], [ 113.2153244, -7.81971121 ], [ 113.21547699, -7.81975746 ], [ 113.21559906, -7.81989717 ], [ 113.21576691, -7.82007742 ], [ 113.21595764, -7.8201766 ], [ 113.21611023, -7.82019997 ], [ 113.21631622, -7.82010078 ], [ 113.21647644, -7.81997871 ], [ 113.21664429, -7.81992054 ], [ 113.21686554, -7.8199091 ], [ 113.21700287, -7.81985474 ], [ 113.21709442, -7.81980419 ], [ 113.21711731, -7.81965113 ], [ 113.21710205, -7.81952524 ], [ 113.21701813, -7.81936789 ], [ 113.21669769, -7.81901598 ], [ 113.21611023, -7.81861734 ], [ 113.21595764, -7.81843138 ], [ 113.21588898, -7.81828594 ], [ 113.21594238, -7.81806517 ], [ 113.21605682, -7.81802988 ], [ 113.21643066, -7.81807089 ], [ 113.21659851, -7.81813478 ], [ 113.21670532, -7.81816483 ], [ 113.21694183, -7.81816769 ], [ 113.21708679, -7.81811285 ], [ 113.21711731, -7.81802797 ], [ 113.21711731, -7.81792736 ], [ 113.2170105, -7.81781864 ], [ 113.21684265, -7.81773329 ], [ 113.21660614, -7.81763649 ], [ 113.21652222, -7.81759977 ], [ 113.21627045, -7.8174367 ], [ 113.21609497, -7.81726217 ], [ 113.21607971, -7.81709957 ], [ 113.21620178, -7.81694221 ], [ 113.21636963, -7.81689787 ], [ 113.21646881, -7.81686687 ], [ 113.21656799, -7.81688976 ], [ 113.2168808, -7.81691885 ], [ 113.21707153, -7.81693649 ], [ 113.217453, -7.81685495 ], [ 113.21762085, -7.81673288 ], [ 113.21773529, -7.81661177 ], [ 113.21782684, -7.81651783 ], [ 113.21778107, -7.81641293 ], [ 113.21743011, -7.81625032 ], [ 113.21703339, -7.81608725 ], [ 113.21677399, -7.81596518 ], [ 113.2166214, -7.81568003 ], [ 113.21669006, -7.81552315 ], [ 113.21691895, -7.81534863 ], [ 113.2170639, -7.81527567 ], [ 113.2173996, -7.81503105 ], [ 113.21759796, -7.81487417 ], [ 113.21778107, -7.81464481 ], [ 113.21782684, -7.81454992 ], [ 113.21789551, -7.81441784 ], [ 113.2179718, -7.81402826 ], [ 113.21807861, -7.81358576 ], [ 113.21823883, -7.81331825 ], [ 113.21846771, -7.81307888 ], [ 113.21867371, -7.81286478 ], [ 113.21897888, -7.81254387 ], [ 113.21907043, -7.81243229 ], [ 113.21916962, -7.81230116 ], [ 113.2195816, -7.81177425 ], [ 113.2197876, -7.81157446 ], [ 113.22014618, -7.81135893 ], [ 113.22064972, -7.81110811 ], [ 113.22115326, -7.811131 ], [ 113.2212677, -7.81104994 ], [ 113.22136688, -7.81095695 ], [ 113.22151947, -7.81089258 ], [ 113.2216568, -7.81086349 ], [ 113.2217865, -7.81085777 ], [ 113.22203064, -7.81101465 ], [ 113.22212219, -7.81111383 ], [ 113.22215271, -7.8112998 ], [ 113.22221375, -7.81146288 ], [ 113.22223663, -7.81158495 ], [ 113.22224426, -7.81168985 ], [ 113.22242737, -7.81183529 ], [ 113.2230835, -7.81205606 ], [ 113.223526, -7.81216097 ], [ 113.22389221, -7.81238174 ], [ 113.22423553, -7.81234121 ], [ 113.22438812, -7.81223059 ], [ 113.22454071, -7.81207371 ], [ 113.22437286, -7.81183529 ], [ 113.22438049, -7.81155014 ], [ 113.22444916, -7.81130886 ], [ 113.22450256, -7.81112528 ], [ 113.22455597, -7.81059599 ], [ 113.22447968, -7.81012201 ], [ 113.22421265, -7.80972338 ], [ 113.22407532, -7.80934525 ], [ 113.22389221, -7.80918264 ], [ 113.22366333, -7.80914783 ], [ 113.22342682, -7.80902863 ], [ 113.2230835, -7.80900812 ], [ 113.2228241, -7.80889177 ], [ 113.22262573, -7.80858326 ], [ 113.22262573, -7.80814695 ], [ 113.22249603, -7.80796671 ], [ 113.22245789, -7.80788994 ], [ 113.22244263, -7.80764389 ], [ 113.22263336, -7.8074522 ], [ 113.22271729, -7.80737638 ], [ 113.22283936, -7.80723763 ], [ 113.22315216, -7.80710077 ], [ 113.2233429, -7.80704784 ], [ 113.22342682, -7.80695248 ], [ 113.22351074, -7.80668974 ], [ 113.22354889, -7.80647373 ], [ 113.22359467, -7.80637312 ], [ 113.22372437, -7.80630302 ], [ 113.22388458, -7.80629492 ], [ 113.22396851, -7.80638647 ], [ 113.2241745, -7.80653954 ], [ 113.22428894, -7.80651617 ], [ 113.2244339, -7.80637646 ], [ 113.22444153, -7.80626822 ], [ 113.22441864, -7.80614519 ], [ 113.22427368, -7.80586815 ], [ 113.22421265, -7.8057065 ], [ 113.22421265, -7.80556011 ], [ 113.22428894, -7.80546713 ], [ 113.22438049, -7.80544376 ], [ 113.22454071, -7.80541182 ], [ 113.22488403, -7.80541039 ], [ 113.22509003, -7.80543232 ], [ 113.22544861, -7.80539703 ], [ 113.22554779, -7.80533028 ], [ 113.22566223, -7.80522108 ], [ 113.22576904, -7.80505943 ], [ 113.22597504, -7.80484486 ], [ 113.22607422, -7.80463409 ], [ 113.22610474, -7.80452871 ], [ 113.22615051, -7.80443287 ], [ 113.22619629, -7.80423164 ], [ 113.22619629, -7.80410719 ], [ 113.22619629, -7.80392551 ], [ 113.22611237, -7.80383492 ], [ 113.22603607, -7.80373955 ], [ 113.22595978, -7.80370665 ], [ 113.22584534, -7.8036356 ], [ 113.22574615, -7.80353546 ], [ 113.22559357, -7.80339766 ], [ 113.22550201, -7.80331707 ], [ 113.22546387, -7.80325508 ], [ 113.22545624, -7.80313063 ], [ 113.22548676, -7.80303001 ], [ 113.22553253, -7.80296278 ], [ 113.22566223, -7.80292845 ], [ 113.22579956, -7.80294228 ], [ 113.22593689, -7.80295086 ], [ 113.22603607, -7.80295038 ], [ 113.22610474, -7.80291176 ], [ 113.22621918, -7.80282974 ], [ 113.22625732, -7.80268145 ], [ 113.22625732, -7.80260515 ], [ 113.22625732, -7.80252838 ], [ 113.22626495, -7.80243254 ], [ 113.22624969, -7.80231333 ], [ 113.22621918, -7.80216026 ], [ 113.22614288, -7.80209875 ], [ 113.22605133, -7.80208492 ], [ 113.22593689, -7.80204725 ], [ 113.22586823, -7.80195189 ], [ 113.22586823, -7.80179882 ], [ 113.22597504, -7.80165005 ], [ 113.22605896, -7.8015871 ], [ 113.22620392, -7.80150032 ], [ 113.22633362, -7.80149508 ], [ 113.22648621, -7.80152273 ], [ 113.22662354, -7.80154371 ], [ 113.22673798, -7.80155993 ], [ 113.22771454, -7.80186558 ], [ 113.22794342, -7.80196905 ], [ 113.22819519, -7.80197668 ], [ 113.22857666, -7.80210209 ], [ 113.22872925, -7.80215168 ], [ 113.22966766, -7.80231476 ], [ 113.23069763, -7.80249453 ], [ 113.23207092, -7.80287981 ], [ 113.23220825, -7.8034606 ], [ 113.23295593, -7.80379248 ], [ 113.23292542, -7.80415916 ], [ 113.23297882, -7.80438614 ], [ 113.233078, -7.80445242 ], [ 113.23317719, -7.80454159 ], [ 113.23318481, -7.80469513 ], [ 113.23304749, -7.8049984 ], [ 113.23300171, -7.80510902 ], [ 113.23299408, -7.80518913 ], [ 113.23304749, -7.80548096 ], [ 113.23323822, -7.80653191 ], [ 113.23330688, -7.80690002 ], [ 113.23491669, -7.80697012 ], [ 113.2365036, -7.80707455 ], [ 113.23685455, -7.80766821 ], [ 113.23690033, -7.80824423 ], [ 113.2371521, -7.80827951 ], [ 113.2371521, -7.80846834 ], [ 113.23716736, -7.80855274 ], [ 113.23716736, -7.80866528 ], [ 113.23716736, -7.80876398 ], [ 113.23718262, -7.80887651 ], [ 113.23713684, -7.80903196 ], [ 113.23711395, -7.8091445 ], [ 113.23711395, -7.80929947 ], [ 113.23711395, -7.80946875 ], [ 113.23706055, -7.80953932 ], [ 113.23704529, -7.80962372 ], [ 113.23707581, -7.80973625 ], [ 113.23719025, -7.80986261 ], [ 113.23719025, -7.81005955 ], [ 113.23715973, -7.81017256 ], [ 113.23737335, -7.81021357 ], [ 113.23742676, -7.8103261 ], [ 113.23742676, -7.81043863 ], [ 113.2375412, -7.81062126 ], [ 113.23765564, -7.81070518 ], [ 113.237854, -7.81095743 ], [ 113.23825836, -7.81143904 ], [ 113.23828125, -7.8115468 ], [ 113.23865509, -7.81274223 ], [ 113.2387619, -7.81345987 ], [ 113.23896027, -7.81434631 ], [ 113.23920441, -7.81473923 ], [ 113.23929596, -7.81530142 ], [ 113.23921967, -7.81545019 ], [ 113.23919678, -7.81559992 ], [ 113.2392807, -7.81583834 ], [ 113.23910522, -7.81583261 ], [ 113.23901367, -7.81582928 ], [ 113.23898315, -7.81612492 ], [ 113.2388916, -7.81640911 ], [ 113.2389679, -7.81675625 ], [ 113.2390976, -7.81699991 ], [ 113.23921967, -7.81722021 ], [ 113.23937225, -7.81751966 ], [ 113.23946381, -7.81777954 ], [ 113.23957825, -7.81820488 ], [ 113.23709106, -7.81783962 ], [ 113.23712921, -7.81742096 ], [ 113.23695374, -7.81739378 ], [ 113.23603821, -7.81725359 ], [ 113.23603821, -7.81708002 ], [ 113.23575592, -7.81646585 ], [ 113.23577118, -7.81618929 ], [ 113.23552704, -7.81615019 ], [ 113.23531342, -7.81614542 ], [ 113.23339081, -7.81620216 ], [ 113.23317719, -7.81620836 ], [ 113.23357391, -7.8166976 ], [ 113.2337265, -7.81690025 ], [ 113.23307037, -7.81680202 ], [ 113.23114014, -7.81651449 ], [ 113.22949219, -7.8162694 ], [ 113.22948456, -7.81648684 ], [ 113.2294693, -7.81669331 ], [ 113.22957611, -7.81714058 ], [ 113.22952271, -7.81813192 ], [ 113.22946167, -7.81834745 ], [ 113.22854614, -7.81727505 ], [ 113.22796631, -7.8165803 ], [ 113.22794342, -7.81725121 ], [ 113.22794342, -7.81751299 ], [ 113.22794342, -7.81863117 ], [ 113.22580719, -7.81845474 ], [ 113.22579193, -7.81886435 ], [ 113.22579956, -7.81917238 ], [ 113.2258606, -7.82003069 ], [ 113.22593689, -7.82114553 ], [ 113.22595215, -7.82136679 ], [ 113.22596741, -7.82171297 ], [ 113.2259903, -7.82180071 ], [ 113.22610474, -7.82186937 ], [ 113.2261734, -7.82189989 ], [ 113.22689819, -7.82205009 ], [ 113.22743988, -7.82223988 ], [ 113.22825623, -7.82247877 ], [ 113.22833252, -7.82250023 ], [ 113.22904968, -7.82269001 ], [ 113.22960663, -7.82276011 ], [ 113.23062134, -7.82305002 ], [ 113.23116302, -7.82320023 ], [ 113.23181152, -7.82335997 ], [ 113.23233032, -7.82348013 ], [ 113.2328186, -7.8235898 ], [ 113.23343658, -7.82376003 ], [ 113.23409271, -7.82391977 ], [ 113.2348175, -7.82410002 ], [ 113.23594666, -7.82434988 ], [ 113.2361145, -7.82436466 ], [ 113.23651123, -7.82439995 ], [ 113.23670197, -7.82442999 ], [ 113.23703766, -7.82450008 ], [ 113.23735809, -7.82458448 ], [ 113.2376709, -7.82465982 ], [ 113.23851013, -7.82479 ], [ 113.23931122, -7.82492018 ], [ 113.23970032, -7.8249402 ], [ 113.24011993, -7.82500982 ], [ 113.24040222, -7.82519007 ], [ 113.24056244, -7.8252902 ], [ 113.24057007, -7.82540989 ], [ 113.24063873, -7.82551003 ], [ 113.24080658, -7.82556009 ], [ 113.24099731, -7.82557011 ], [ 113.24115753, -7.82547998 ], [ 113.24124908, -7.82542992 ], [ 113.24140167, -7.82545996 ], [ 113.24163055, -7.82569265 ], [ 113.2417984, -7.82600307 ], [ 113.24195862, -7.82624054 ], [ 113.24201965, -7.82644129 ], [ 113.24187469, -7.8265996 ], [ 113.24172211, -7.82678699 ], [ 113.24157715, -7.82713223 ], [ 113.24157715, -7.8274765 ], [ 113.24183655, -7.82783413 ], [ 113.24198914, -7.82812023 ], [ 113.24209595, -7.82834101 ], [ 113.24217224, -7.82850647 ], [ 113.24250793, -7.82903576 ], [ 113.24294281, -7.82940674 ], [ 113.2435379, -7.82979107 ], [ 113.24370575, -7.82981873 ], [ 113.2436142, -7.82987785 ], [ 113.24373627, -7.83005857 ], [ 113.24375153, -7.8301816 ], [ 113.24381256, -7.83069134 ], [ 113.24382782, -7.83082199 ], [ 113.24375916, -7.83140945 ], [ 113.24372864, -7.83185244 ], [ 113.24356842, -7.83267403 ], [ 113.2434845, -7.83329725 ], [ 113.24337769, -7.83374262 ], [ 113.24341583, -7.83411598 ], [ 113.24354553, -7.83445358 ], [ 113.24353027, -7.83489847 ], [ 113.24333191, -7.8353467 ], [ 113.2432785, -7.83547926 ], [ 113.24320221, -7.83544207 ], [ 113.24311066, -7.83539391 ], [ 113.24260712, -7.8352499 ], [ 113.24249268, -7.83600998 ], [ 113.24243164, -7.83633327 ], [ 113.24223328, -7.83669281 ], [ 113.24198914, -7.83679008 ], [ 113.24172974, -7.83673143 ], [ 113.24180603, -7.83694458 ], [ 113.24169159, -7.83704996 ], [ 113.24159241, -7.83722019 ], [ 113.24150085, -7.83759022 ], [ 113.2414093, -7.83825016 ], [ 113.24143219, -7.83867979 ], [ 113.2414093, -7.83910036 ], [ 113.24147797, -7.83921003 ], [ 113.24153137, -7.83929014 ], [ 113.24147797, -7.83951998 ], [ 113.24141693, -7.83979988 ], [ 113.2414093, -7.84004021 ], [ 113.24149323, -7.84029007 ], [ 113.24157715, -7.84062004 ], [ 113.24154663, -7.84076977 ], [ 113.24146271, -7.84104013 ], [ 113.24134064, -7.84132004 ], [ 113.24131012, -7.84150982 ], [ 113.24137878, -7.84164 ], [ 113.24162292, -7.84210014 ], [ 113.24156952, -7.84225988 ], [ 113.24143982, -7.84239006 ], [ 113.24128723, -7.84246016 ], [ 113.24092102, -7.8426199 ], [ 113.24086761, -7.84273005 ], [ 113.24085999, -7.84291983 ], [ 113.24089813, -7.84322023 ], [ 113.24089813, -7.84343004 ], [ 113.24085236, -7.84348631 ], [ 113.24069977, -7.84357977 ], [ 113.24047852, -7.84362984 ], [ 113.240242, -7.84369993 ], [ 113.24005127, -7.84385014 ], [ 113.23985291, -7.8441 ], [ 113.23947906, -7.84461021 ], [ 113.23879242, -7.84505987 ], [ 113.23869324, -7.84512711 ], [ 113.23852539, -7.84531164 ], [ 113.23834229, -7.84545708 ], [ 113.23825073, -7.84558201 ], [ 113.23812103, -7.84568119 ], [ 113.23800659, -7.84575415 ], [ 113.23788452, -7.84580088 ], [ 113.23777008, -7.84589958 ], [ 113.23753357, -7.84603882 ], [ 113.23740387, -7.84609222 ], [ 113.23728943, -7.84621096 ], [ 113.23986053, -7.84786797 ], [ 113.24123383, -7.8486805 ], [ 113.24138641, -7.84866858 ], [ 113.24365234, -7.84961224 ], [ 113.24362946, -7.84970999 ], [ 113.24352264, -7.85028982 ], [ 113.24330902, -7.85047007 ], [ 113.24308014, -7.85070992 ], [ 113.24308014, -7.85082006 ], [ 113.24318695, -7.85103989 ], [ 113.24324036, -7.8512702 ], [ 113.24317932, -7.85143995 ], [ 113.24311066, -7.85163307 ], [ 113.24306488, -7.85177231 ], [ 113.24301147, -7.85193014 ], [ 113.24286652, -7.85244989 ], [ 113.2414093, -7.85234022 ], [ 113.23995209, -7.85236979 ], [ 113.23975372, -7.85235739 ], [ 113.23981476, -7.85272789 ], [ 113.23983765, -7.85297871 ], [ 113.23976898, -7.85336161 ], [ 113.23976135, -7.85370827 ], [ 113.23974609, -7.85406733 ], [ 113.23984528, -7.85443735 ], [ 113.24006653, -7.85521364 ], [ 113.2401886, -7.85579872 ], [ 113.24032593, -7.85619259 ], [ 113.24026489, -7.85649204 ], [ 113.240242, -7.85681486 ], [ 113.24023438, -7.85706615 ], [ 113.24027252, -7.85743666 ], [ 113.24047852, -7.85756683 ], [ 113.24065399, -7.85779333 ], [ 113.2405777, -7.85816431 ], [ 113.24056244, -7.858356 ], [ 113.24059296, -7.85859489 ], [ 113.24028778, -7.85854006 ], [ 113.23934174, -7.85840988 ], [ 113.23928833, -7.8585 ], [ 113.23603058, -7.85781002 ], [ 113.23604584, -7.8577075 ], [ 113.23590851, -7.85765123 ], [ 113.23591614, -7.85734034 ], [ 113.23570251, -7.85715008 ], [ 113.23564148, -7.85699511 ], [ 113.23566437, -7.8568511 ], [ 113.23561096, -7.85660028 ], [ 113.23558807, -7.85648108 ], [ 113.23553467, -7.8563447 ], [ 113.23338318, -7.85569286 ], [ 113.23366547, -7.85630322 ], [ 113.23370361, -7.85643244 ], [ 113.23392487, -7.85687399 ], [ 113.23342133, -7.85707998 ], [ 113.23358917, -7.85748482 ], [ 113.2339325, -7.85830879 ], [ 113.23342896, -7.85857296 ], [ 113.2335434, -7.85875893 ], [ 113.23400879, -7.85972738 ], [ 113.23416138, -7.86003876 ], [ 113.23477173, -7.86129999 ], [ 113.23506165, -7.86188221 ], [ 113.23531342, -7.86239195 ], [ 113.23564911, -7.86309958 ], [ 113.23603058, -7.86388779 ], [ 113.23634338, -7.86449051 ], [ 113.23666382, -7.86523247 ], [ 113.23677826, -7.86548328 ], [ 113.23690796, -7.8656683 ], [ 113.23692322, -7.86579084 ], [ 113.23696136, -7.86585426 ], [ 113.23709869, -7.86607647 ], [ 113.23720551, -7.86629915 ], [ 113.23722839, -7.86641073 ], [ 113.23726654, -7.86648464 ], [ 113.23757935, -7.86640882 ], [ 113.23796082, -7.86629486 ], [ 113.2381897, -7.86623812 ], [ 113.23854828, -7.86608744 ], [ 113.23873901, -7.86595821 ], [ 113.23887634, -7.86591816 ], [ 113.23937988, -7.86575699 ], [ 113.24020386, -7.86546373 ], [ 113.24065399, -7.86532593 ], [ 113.2408371, -7.86529207 ], [ 113.24108124, -7.86536551 ], [ 113.24130249, -7.8655324 ], [ 113.24163818, -7.86580086 ], [ 113.24211884, -7.86624622 ], [ 113.24274445, -7.86673737 ], [ 113.24346161, -7.86730242 ], [ 113.24391174, -7.8676548 ], [ 113.24456787, -7.86814547 ], [ 113.24511719, -7.86857414 ], [ 113.24517059, -7.86862707 ], [ 113.24557495, -7.86895847 ], [ 113.24617004, -7.86944294 ], [ 113.24660492, -7.86981344 ], [ 113.24677277, -7.8700738 ], [ 113.24713898, -7.87065029 ], [ 113.24750519, -7.87118959 ], [ 113.2477417, -7.87161732 ], [ 113.24824524, -7.87197828 ], [ 113.24865723, -7.87218142 ], [ 113.24936676, -7.87256956 ], [ 113.25002289, -7.87278032 ], [ 113.25068665, -7.87292004 ], [ 113.25059509, -7.8730011 ], [ 113.25075531, -7.87326145 ], [ 113.25085449, -7.87346649 ], [ 113.25109863, -7.87350225 ], [ 113.2512207, -7.87357616 ], [ 113.25125885, -7.87372541 ], [ 113.25128937, -7.87403297 ], [ 113.2513504, -7.87421942 ], [ 113.25157928, -7.87428999 ], [ 113.25171661, -7.87431002 ], [ 113.25190735, -7.87437487 ], [ 113.25202942, -7.87450457 ], [ 113.25208282, -7.87463522 ], [ 113.25205994, -7.87476587 ], [ 113.2519989, -7.87487984 ], [ 113.25193787, -7.87502003 ], [ 113.25196838, -7.87511015 ], [ 113.25225067, -7.87541771 ], [ 113.25235748, -7.87551975 ], [ 113.25235748, -7.8757 ], [ 113.25228882, -7.87582016 ], [ 113.25199127, -7.87593222 ], [ 113.2520752, -7.87616491 ], [ 113.25233459, -7.87625694 ], [ 113.25246429, -7.87642431 ], [ 113.25261688, -7.87659979 ], [ 113.25295258, -7.87690639 ], [ 113.25319672, -7.8771944 ], [ 113.25331116, -7.87734318 ], [ 113.25338745, -7.87775993 ], [ 113.25341797, -7.87802362 ], [ 113.253685, -7.8784976 ], [ 113.2539978, -7.87878513 ], [ 113.25396729, -7.8791399 ], [ 113.25408936, -7.87944984 ], [ 113.2542572, -7.8797636 ], [ 113.25444031, -7.87987423 ], [ 113.25469208, -7.87987995 ], [ 113.25475311, -7.8799901 ], [ 113.25486755, -7.88021708 ], [ 113.25476837, -7.88036013 ], [ 113.25461578, -7.88047028 ], [ 113.2546463, -7.88065672 ], [ 113.25473022, -7.88084316 ], [ 113.25508881, -7.88154078 ], [ 113.25509644, -7.88171768 ], [ 113.25513458, -7.88195086 ], [ 113.25524902, -7.88227654 ], [ 113.25537872, -7.88235998 ], [ 113.25550842, -7.88247108 ], [ 113.25553894, -7.88256454 ], [ 113.25551605, -7.88272285 ], [ 113.25550079, -7.8828001 ], [ 113.25548553, -7.88290071 ], [ 113.25535583, -7.88321829 ], [ 113.25528717, -7.88342381 ], [ 113.25537872, -7.88365984 ], [ 113.25538635, -7.88396502 ], [ 113.25537109, -7.88429022 ], [ 113.25527954, -7.88455009 ], [ 113.25517273, -7.88477993 ], [ 113.25514221, -7.88499212 ], [ 113.25518799, -7.88517809 ], [ 113.25521851, -7.88557911 ], [ 113.25514221, -7.88581276 ], [ 113.2551651, -7.88611126 ], [ 113.25521088, -7.88640928 ], [ 113.25524902, -7.88665199 ], [ 113.25556946, -7.88726997 ], [ 113.25563812, -7.88785315 ], [ 113.25584412, -7.88810396 ], [ 113.25611877, -7.88817692 ], [ 113.25609589, -7.8883729 ], [ 113.25603485, -7.88968849 ], [ 113.256073, -7.89008951 ], [ 113.25623322, -7.89068556 ], [ 113.25624847, -7.890975 ], [ 113.25627136, -7.89153337 ], [ 113.25627899, -7.89180994 ], [ 113.25624847, -7.89232016 ], [ 113.25623322, -7.8926301 ], [ 113.25566864, -7.89434004 ], [ 113.25556946, -7.89458847 ], [ 113.25550842, -7.8947401 ], [ 113.25562286, -7.8957901 ], [ 113.2558136, -7.89639997 ], [ 113.25611877, -7.89713001 ], [ 113.25631714, -7.89768982 ], [ 113.25640106, -7.8979578 ], [ 113.25644684, -7.89811993 ], [ 113.25657654, -7.89869022 ], [ 113.25666046, -7.89915991 ], [ 113.25670624, -7.89960003 ], [ 113.25688934, -7.90013981 ], [ 113.25708008, -7.90026999 ], [ 113.25733948, -7.90037012 ], [ 113.25756073, -7.90036583 ], [ 113.25789642, -7.90036011 ], [ 113.25786591, -7.90061522 ], [ 113.25790405, -7.90095568 ], [ 113.25795746, -7.90117645 ], [ 113.25801849, -7.90199375 ], [ 113.25798035, -7.90220261 ], [ 113.25788116, -7.90266657 ], [ 113.25780487, -7.90314817 ], [ 113.25761414, -7.90416479 ], [ 113.25759125, -7.90455914 ], [ 113.25759888, -7.90479851 ], [ 113.25759125, -7.90492392 ], [ 113.25749207, -7.90536928 ], [ 113.2574234, -7.90565729 ], [ 113.25727844, -7.9060564 ], [ 113.25676727, -7.90672684 ], [ 113.25658417, -7.90691328 ], [ 113.25647736, -7.90697241 ], [ 113.2563858, -7.90698576 ], [ 113.25630188, -7.90698195 ], [ 113.25618744, -7.9069767 ], [ 113.25598907, -7.90696096 ], [ 113.2554245, -7.90718222 ], [ 113.25502014, -7.90727139 ], [ 113.25441742, -7.90730762 ], [ 113.25429535, -7.90728807 ], [ 113.25404358, -7.90722704 ], [ 113.2537384, -7.90721607 ], [ 113.25311279, -7.90720177 ], [ 113.25259399, -7.90708876 ], [ 113.25234222, -7.90696144 ], [ 113.25167847, -7.90660238 ] ] ] ] } },
{ "type": "Feature", "properties": { "GID_0": "IDN", "NAME_0": "Indonesia", "GID_1": "IDN.11_1", "NAME_1": "Jawa Timur", "NL_NAME_1": null, "GID_2": "IDN.11.30_1", "NAME_2": "Probolinggo", "NL_NAME_2": null, "GID_3": "IDN.11.30.13_1", "NAME_3": "Lumbang", "VARNAME_3": null, "NL_NAME_3": null, "TYPE_3": "Kecamatan", "ENGTYPE_3": "Sub-district", "CC_3": "3513220", "HASC_3": null }, "geometry": { "type": "MultiPolygon", "coordinates": [ [ [ [ 113.03423309, -7.8800602 ], [ 113.03392029, -7.88038015 ], [ 113.03349304, -7.88074017 ], [ 113.03321075, -7.88077021 ], [ 113.03298187, -7.88086987 ], [ 113.03263855, -7.88122988 ], [ 113.03243256, -7.88142014 ], [ 113.03233337, -7.88146019 ], [ 113.03218079, -7.88154984 ], [ 113.03195953, -7.88180017 ], [ 113.03173828, -7.88224983 ], [ 113.03160095, -7.88265991 ], [ 113.03146362, -7.8828702 ], [ 113.03109741, -7.88311005 ], [ 113.03066254, -7.8832798 ], [ 113.03041077, -7.88333988 ], [ 113.02989197, -7.88339996 ], [ 113.02967072, -7.88341856 ], [ 113.02954102, -7.88343 ], [ 113.02928925, -7.88348007 ], [ 113.0291214, -7.88357019 ], [ 113.02890015, -7.88373995 ], [ 113.02861023, -7.88398981 ], [ 113.02852631, -7.88406992 ], [ 113.02816772, -7.88421011 ], [ 113.02754211, -7.88414001 ], [ 113.02729797, -7.88410997 ], [ 113.02680969, -7.8842001 ], [ 113.02642059, -7.88430929 ], [ 113.02601624, -7.88442993 ], [ 113.02587128, -7.88448 ], [ 113.02562714, -7.8846302 ], [ 113.02539063, -7.88479996 ], [ 113.02519989, -7.88493013 ], [ 113.02500153, -7.88504982 ], [ 113.02477264, -7.88518 ], [ 113.02458954, -7.88528013 ], [ 113.02445221, -7.88530016 ], [ 113.02419281, -7.88523006 ], [ 113.02394867, -7.88513994 ], [ 113.02365112, -7.88513994 ], [ 113.02346039, -7.88516998 ], [ 113.02311707, -7.88529015 ], [ 113.02300262, -7.88535976 ], [ 113.02279663, -7.88562012 ], [ 113.02262878, -7.88593006 ], [ 113.02249146, -7.88637018 ], [ 113.02233124, -7.88665009 ], [ 113.02211761, -7.88684988 ], [ 113.02205658, -7.88691139 ], [ 113.0218811, -7.88707018 ], [ 113.02150726, -7.88749981 ], [ 113.0214386, -7.88758993 ], [ 113.02111053, -7.88795996 ], [ 113.02098846, -7.88813019 ], [ 113.0207901, -7.88839006 ], [ 113.02056122, -7.88866997 ], [ 113.02041626, -7.8887701 ], [ 113.02005005, -7.8889699 ], [ 113.01991272, -7.88903999 ], [ 113.01970673, -7.88913012 ], [ 113.01947784, -7.88916016 ], [ 113.01934052, -7.88915014 ], [ 113.01924896, -7.88915014 ], [ 113.01908875, -7.88915014 ], [ 113.01891327, -7.88917017 ], [ 113.01873016, -7.88920021 ], [ 113.01850128, -7.88923979 ], [ 113.01821899, -7.88929987 ], [ 113.01795959, -7.88938999 ], [ 113.01782227, -7.88948011 ], [ 113.0177002, -7.88958979 ], [ 113.01760864, -7.88968992 ], [ 113.01750183, -7.88985014 ], [ 113.01735687, -7.89007998 ], [ 113.01725769, -7.89020014 ], [ 113.0170517, -7.89037991 ], [ 113.01689148, -7.89048004 ], [ 113.01636505, -7.89116716 ], [ 113.01583099, -7.89187002 ], [ 113.01503754, -7.89264011 ], [ 113.01448059, -7.89308023 ], [ 113.01377106, -7.89355993 ], [ 113.01364899, -7.89362001 ], [ 113.01300812, -7.89396 ], [ 113.01280975, -7.89404345 ], [ 113.01242828, -7.89419985 ], [ 113.01120758, -7.89469481 ], [ 113.01100159, -7.89478016 ], [ 113.0100174, -7.89518023 ], [ 113.00980377, -7.89518976 ], [ 113.00959778, -7.8952198 ], [ 113.0093689, -7.89526987 ], [ 113.0092392, -7.89535999 ], [ 113.00906372, -7.89554024 ], [ 113.00885773, -7.89577007 ], [ 113.00879669, -7.89584732 ], [ 113.00856018, -7.89603996 ], [ 113.00833893, -7.89616013 ], [ 113.0080719, -7.8962698 ], [ 113.00798035, -7.89627981 ], [ 113.00769043, -7.89624977 ], [ 113.00756073, -7.89621019 ], [ 113.00737762, -7.89618015 ], [ 113.0072937, -7.89620018 ], [ 113.00710297, -7.89630985 ], [ 113.00689697, -7.89674997 ], [ 113.00679016, -7.89708996 ], [ 113.00663757, -7.89730978 ], [ 113.00641632, -7.89757013 ], [ 113.00634766, -7.89764977 ], [ 113.00617981, -7.89784002 ], [ 113.00601959, -7.89801979 ], [ 113.00575256, -7.89820004 ], [ 113.00546265, -7.8983798 ], [ 113.00537109, -7.8984499 ], [ 113.00523376, -7.89864016 ], [ 113.00509644, -7.89891005 ], [ 113.00498199, -7.89908981 ], [ 113.00485992, -7.89928007 ], [ 113.00482941, -7.89936018 ], [ 113.00478363, -7.89960003 ], [ 113.00468445, -7.89985228 ], [ 113.00450134, -7.90015984 ], [ 113.00437927, -7.90028 ], [ 113.00405121, -7.90076017 ], [ 113.00377655, -7.9011302 ], [ 113.00357819, -7.90137005 ], [ 113.00344086, -7.90150976 ], [ 113.00332642, -7.90162945 ], [ 113.00324249, -7.90172005 ], [ 113.00298309, -7.90196991 ], [ 113.0027771, -7.90216017 ], [ 113.0025177, -7.90233994 ], [ 113.00238037, -7.90248013 ], [ 113.00216675, -7.90264988 ], [ 113.00199127, -7.9028101 ], [ 113.00193024, -7.90286016 ], [ 113.00177765, -7.90297985 ], [ 113.00163269, -7.90313005 ], [ 113.00150299, -7.90329981 ], [ 113.00137329, -7.90352011 ], [ 113.00131989, -7.90364647 ], [ 113.00119781, -7.90398979 ], [ 113.00112152, -7.90450001 ], [ 113.00100708, -7.90459442 ], [ 113.00094604, -7.90463257 ], [ 113.00070953, -7.90468502 ], [ 113.00022125, -7.90461111 ], [ 112.99977875, -7.90474558 ], [ 112.99959564, -7.90480328 ], [ 112.99927521, -7.90534687 ], [ 112.998909, -7.90549994 ], [ 112.99880219, -7.90559292 ], [ 112.99853516, -7.90575409 ], [ 112.99824524, -7.90583086 ], [ 112.99814606, -7.90594482 ], [ 112.99795532, -7.90594006 ], [ 112.99795532, -7.90573263 ], [ 112.99745178, -7.90532255 ], [ 112.99725342, -7.90467978 ], [ 112.99703979, -7.9040966 ], [ 112.99668121, -7.90369415 ], [ 112.99626923, -7.90308237 ], [ 112.99578857, -7.90256071 ], [ 112.99521637, -7.90256357 ], [ 112.99461365, -7.90244627 ], [ 112.99416351, -7.90220928 ], [ 112.9936676, -7.90155268 ], [ 112.99317932, -7.90089607 ], [ 112.99288177, -7.90092754 ], [ 112.99217224, -7.90084124 ], [ 112.9912262, -7.90053129 ], [ 112.99113464, -7.90051699 ], [ 112.9907608, -7.90059328 ], [ 112.99029541, -7.90059566 ], [ 112.98969269, -7.90065861 ], [ 112.98927307, -7.90055561 ], [ 112.98834229, -7.90018559 ], [ 112.98826599, -7.90048552 ], [ 112.98767853, -7.90011406 ], [ 112.98668671, -7.89944506 ], [ 112.98577881, -7.89909029 ], [ 112.98620605, -7.89668798 ], [ 112.98569489, -7.89638138 ], [ 112.98534393, -7.89617443 ], [ 112.98133087, -7.89457464 ], [ 112.979599, -7.89474487 ], [ 112.97597504, -7.89497757 ], [ 112.96714783, -7.89462614 ], [ 112.9675293, -7.89418364 ], [ 112.96862793, -7.8928256 ], [ 112.96946716, -7.89173508 ], [ 112.9708252, -7.89048004 ], [ 112.9720459, -7.88915682 ], [ 112.97262573, -7.88851929 ], [ 112.97318268, -7.88791323 ], [ 112.97425842, -7.88650322 ], [ 112.97454834, -7.88646603 ], [ 112.97477722, -7.88637638 ], [ 112.97505951, -7.88622522 ], [ 112.9753952, -7.88594294 ], [ 112.97577667, -7.8855443 ], [ 112.97605896, -7.88508463 ], [ 112.97618866, -7.88494921 ], [ 112.97649384, -7.88457203 ], [ 112.97674561, -7.88428354 ], [ 112.97683716, -7.88420343 ], [ 112.97694397, -7.88409185 ], [ 112.97706604, -7.883986 ], [ 112.97730255, -7.88380194 ], [ 112.97764587, -7.88360929 ], [ 112.97788239, -7.88351202 ], [ 112.97809601, -7.88339472 ], [ 112.97811127, -7.88332224 ], [ 112.97811127, -7.88296223 ], [ 112.97815704, -7.88268328 ], [ 112.97822571, -7.88244057 ], [ 112.97827911, -7.88238096 ], [ 112.97845459, -7.88225412 ], [ 112.97870636, -7.88209867 ], [ 112.97883606, -7.88202047 ], [ 112.97891235, -7.88198519 ], [ 112.98080444, -7.88077688 ], [ 112.9825592, -7.88004351 ], [ 112.98345947, -7.8796711 ], [ 112.9838562, -7.87947798 ], [ 112.9841156, -7.87933016 ], [ 112.98454285, -7.87912893 ], [ 112.9848175, -7.87892246 ], [ 112.98505402, -7.87864733 ], [ 112.98522186, -7.878438 ], [ 112.98537445, -7.87827492 ], [ 112.98562622, -7.87806177 ], [ 112.98583221, -7.87793541 ], [ 112.98603058, -7.87774801 ], [ 112.98613739, -7.87759495 ], [ 112.98620605, -7.87747288 ], [ 112.9862442, -7.87730026 ], [ 112.98626709, -7.87708616 ], [ 112.98632813, -7.87684011 ], [ 112.98638153, -7.87669468 ], [ 112.98656464, -7.87640905 ], [ 112.98685455, -7.87589788 ], [ 112.9870224, -7.8755455 ], [ 112.98725128, -7.87500048 ], [ 112.98735046, -7.87477732 ], [ 112.98749542, -7.8744545 ], [ 112.98767853, -7.87413311 ], [ 112.98780823, -7.87382412 ], [ 112.98786163, -7.87368345 ], [ 112.98791504, -7.87353563 ], [ 112.98802948, -7.87321568 ], [ 112.98809814, -7.87303209 ], [ 112.98815918, -7.87283754 ], [ 112.98829651, -7.87257576 ], [ 112.98848724, -7.87233067 ], [ 112.98867035, -7.87215424 ], [ 112.9888916, -7.87199736 ], [ 112.98927307, -7.87171698 ], [ 112.98960114, -7.87137461 ], [ 112.98983002, -7.87100601 ], [ 112.98985291, -7.87076616 ], [ 112.98980713, -7.87028646 ], [ 112.98980713, -7.87008047 ], [ 112.98987579, -7.86977243 ], [ 112.99000549, -7.86959839 ], [ 112.99023438, -7.86942673 ], [ 112.99038696, -7.86941099 ], [ 112.99082184, -7.86939049 ], [ 112.99147797, -7.86928844 ], [ 112.99185944, -7.86918831 ], [ 112.99212646, -7.8689394 ], [ 112.99230957, -7.86867046 ], [ 112.99260712, -7.86810064 ], [ 112.9927063, -7.86798716 ], [ 112.99304199, -7.86763477 ], [ 112.9932785, -7.86745739 ], [ 112.9934082, -7.8673954 ], [ 112.99365997, -7.86731768 ], [ 112.99410248, -7.8672595 ], [ 112.99443054, -7.86720181 ], [ 112.99466705, -7.86709356 ], [ 112.99492645, -7.86688852 ], [ 112.9955368, -7.86633968 ], [ 112.99568176, -7.86628342 ], [ 112.99607086, -7.86636543 ], [ 112.99633789, -7.86638927 ], [ 112.99653625, -7.86633635 ], [ 112.99668884, -7.86622858 ], [ 112.99675751, -7.86608934 ], [ 112.99674225, -7.86590004 ], [ 112.99674988, -7.86570549 ], [ 112.99679565, -7.86542797 ], [ 112.99681091, -7.86535597 ], [ 112.99688721, -7.86519098 ], [ 112.9969635, -7.86508512 ], [ 112.99707031, -7.86487961 ], [ 112.99740601, -7.86434221 ], [ 112.99755096, -7.86414385 ], [ 112.99783325, -7.86386442 ], [ 112.99794006, -7.86383104 ], [ 112.99808502, -7.86389112 ], [ 112.99814606, -7.86393118 ], [ 112.99822998, -7.8639679 ], [ 112.99832916, -7.86398745 ], [ 112.99863434, -7.86399221 ], [ 112.99890137, -7.86391401 ], [ 112.99913025, -7.8637619 ], [ 112.99927521, -7.86358833 ], [ 112.99965668, -7.86288929 ], [ 112.99992371, -7.86252213 ], [ 113.0, -7.86248159 ], [ 113.00019073, -7.86242294 ], [ 113.00041962, -7.86240625 ], [ 113.00091553, -7.86234665 ], [ 113.00106812, -7.86226559 ], [ 113.0012207, -7.86208677 ], [ 113.00127411, -7.86190748 ], [ 113.0012207, -7.86163664 ], [ 113.00107574, -7.86119843 ], [ 113.00109863, -7.86108065 ], [ 113.00119019, -7.86096811 ], [ 113.00133514, -7.8608861 ], [ 113.00157166, -7.86076498 ], [ 113.00170135, -7.86073112 ], [ 113.00182343, -7.86070681 ], [ 113.00195313, -7.86066151 ], [ 113.00224304, -7.86050224 ], [ 113.00242615, -7.86035252 ], [ 113.00260162, -7.86018038 ], [ 113.00283051, -7.85998535 ], [ 113.00305176, -7.85987473 ], [ 113.00320435, -7.85984421 ], [ 113.00340271, -7.85975313 ], [ 113.00350952, -7.85965872 ], [ 113.00367737, -7.85954046 ], [ 113.00411224, -7.85934258 ], [ 113.00453186, -7.85919094 ], [ 113.0045929, -7.85915232 ], [ 113.00481415, -7.85897732 ], [ 113.00502014, -7.85866308 ], [ 113.00506592, -7.85844517 ], [ 113.00502777, -7.85828066 ], [ 113.00508881, -7.85801172 ], [ 113.00514984, -7.85796213 ], [ 113.00547028, -7.85784578 ], [ 113.00562286, -7.85779428 ], [ 113.00576019, -7.85779667 ], [ 113.006073, -7.857728 ], [ 113.00621796, -7.85762548 ], [ 113.00617981, -7.85742569 ], [ 113.00614929, -7.85733032 ], [ 113.00609589, -7.85709429 ], [ 113.00609589, -7.85702133 ], [ 113.00608826, -7.85690737 ], [ 113.00611877, -7.85681009 ], [ 113.00614929, -7.8566637 ], [ 113.00624847, -7.85651588 ], [ 113.00636292, -7.85642672 ], [ 113.00683594, -7.8561554 ], [ 113.00697327, -7.85599279 ], [ 113.00701904, -7.85535574 ], [ 113.00720978, -7.85500479 ], [ 113.00746155, -7.85474348 ], [ 113.00759125, -7.85459518 ], [ 113.00769043, -7.85433817 ], [ 113.00779724, -7.85419512 ], [ 113.00798035, -7.85408354 ], [ 113.00805664, -7.85403585 ], [ 113.00811768, -7.85399437 ], [ 113.0082016, -7.85396242 ], [ 113.00831604, -7.853971 ], [ 113.00848389, -7.85400152 ], [ 113.00866699, -7.85397291 ], [ 113.00883484, -7.85392237 ], [ 113.0090332, -7.85370779 ], [ 113.00905609, -7.85355902 ], [ 113.00904083, -7.85312271 ], [ 113.00913239, -7.85295248 ], [ 113.00917053, -7.85284472 ], [ 113.00925446, -7.85270119 ], [ 113.00942993, -7.85257006 ], [ 113.01028442, -7.85207891 ], [ 113.01124573, -7.85118484 ], [ 113.01144409, -7.85105371 ], [ 113.01171875, -7.85093069 ], [ 113.01203156, -7.85080528 ], [ 113.01215363, -7.85074186 ], [ 113.01251984, -7.85055113 ], [ 113.01296997, -7.85031462 ], [ 113.013237, -7.85031128 ], [ 113.01360321, -7.85031366 ], [ 113.01389313, -7.85025454 ], [ 113.01393127, -7.85017729 ], [ 113.01396179, -7.84996367 ], [ 113.01377106, -7.84915686 ], [ 113.01370239, -7.84893179 ], [ 113.01373291, -7.84859419 ], [ 113.01390076, -7.84829903 ], [ 113.01403809, -7.84819841 ], [ 113.01415253, -7.84818792 ], [ 113.01438904, -7.84823465 ], [ 113.01461029, -7.84833956 ], [ 113.01495361, -7.84845734 ], [ 113.01526642, -7.84841299 ], [ 113.01552582, -7.84828711 ], [ 113.01568604, -7.84810305 ], [ 113.01586151, -7.84780884 ], [ 113.01638794, -7.84677887 ], [ 113.01681519, -7.84615135 ], [ 113.01698303, -7.84572077 ], [ 113.0170517, -7.84548187 ], [ 113.01771545, -7.84419155 ], [ 113.01794434, -7.84392738 ], [ 113.01818848, -7.84373808 ], [ 113.0186615, -7.84346485 ], [ 113.01895142, -7.8432622 ], [ 113.01953125, -7.84279871 ], [ 113.01968384, -7.84271431 ], [ 113.02017212, -7.84239626 ], [ 113.02048492, -7.84216309 ], [ 113.02127075, -7.84163427 ], [ 113.02159882, -7.84151173 ], [ 113.02193451, -7.84140396 ], [ 113.02256012, -7.84113789 ], [ 113.02272797, -7.84093761 ], [ 113.02272034, -7.8408289 ], [ 113.02261353, -7.84057379 ], [ 113.02249908, -7.8402791 ], [ 113.02248383, -7.84009504 ], [ 113.02243805, -7.83972073 ], [ 113.02253723, -7.83946896 ], [ 113.02267456, -7.83933735 ], [ 113.02283478, -7.83931684 ], [ 113.02318573, -7.83927965 ], [ 113.02328491, -7.83919621 ], [ 113.02339172, -7.8391099 ], [ 113.02362061, -7.83906603 ], [ 113.02387238, -7.83903027 ], [ 113.02417755, -7.83886814 ], [ 113.02420044, -7.83876562 ], [ 113.02420807, -7.83854771 ], [ 113.02430725, -7.83849764 ], [ 113.02490997, -7.83841419 ], [ 113.02509308, -7.83836031 ], [ 113.02519226, -7.83826208 ], [ 113.02519226, -7.83816862 ], [ 113.0251236, -7.83791399 ], [ 113.02503204, -7.83779669 ], [ 113.02475739, -7.83753204 ], [ 113.02462769, -7.83734798 ], [ 113.02462006, -7.83722782 ], [ 113.02468109, -7.8371191 ], [ 113.02481842, -7.83700657 ], [ 113.0250473, -7.83697462 ], [ 113.02584839, -7.83693647 ], [ 113.02625275, -7.83683395 ], [ 113.02633667, -7.83677864 ], [ 113.02663422, -7.83648682 ], [ 113.02682495, -7.83620596 ], [ 113.02707672, -7.83581018 ], [ 113.02739716, -7.83535862 ], [ 113.02748871, -7.83506203 ], [ 113.02750397, -7.83471727 ], [ 113.02745056, -7.83451509 ], [ 113.02727509, -7.83407402 ], [ 113.02734375, -7.83395386 ], [ 113.02741241, -7.83384275 ], [ 113.02764893, -7.83379269 ], [ 113.02840424, -7.83368063 ], [ 113.02870178, -7.83363152 ], [ 113.02898407, -7.83361435 ], [ 113.02909088, -7.83367968 ], [ 113.0295105, -7.83392572 ], [ 113.02980804, -7.83394241 ], [ 113.03037262, -7.83376122 ], [ 113.03086853, -7.83354855 ], [ 113.03091431, -7.83345652 ], [ 113.03090668, -7.8333354 ], [ 113.03079224, -7.83313322 ], [ 113.03063202, -7.83287621 ], [ 113.03059387, -7.83270979 ], [ 113.03065491, -7.8325634 ], [ 113.03083038, -7.83240986 ], [ 113.03116608, -7.83223248 ], [ 113.03134155, -7.83221054 ], [ 113.03179169, -7.83224678 ], [ 113.03199005, -7.83221579 ], [ 113.03279877, -7.83202124 ], [ 113.03294373, -7.83187485 ], [ 113.03323364, -7.83156967 ], [ 113.03340149, -7.83139086 ], [ 113.0333786, -7.83129787 ], [ 113.03328705, -7.83108521 ], [ 113.0329361, -7.83048058 ], [ 113.0329361, -7.83032465 ], [ 113.03295135, -7.83025312 ], [ 113.0329895, -7.83006287 ], [ 113.03308868, -7.82993603 ], [ 113.03323364, -7.82986593 ], [ 113.03333282, -7.82988501 ], [ 113.033638, -7.83004284 ], [ 113.03382111, -7.83010149 ], [ 113.0340271, -7.8301754 ], [ 113.03419495, -7.83020544 ], [ 113.03446198, -7.83017778 ], [ 113.0348053, -7.83005238 ], [ 113.03492737, -7.82992649 ], [ 113.03503418, -7.82967472 ], [ 113.03512573, -7.82955217 ], [ 113.03520966, -7.82954645 ], [ 113.03544617, -7.82962704 ], [ 113.03568268, -7.82962799 ], [ 113.03594208, -7.82952356 ], [ 113.03608704, -7.82939482 ], [ 113.03639984, -7.8291564 ], [ 113.03687286, -7.82889557 ], [ 113.03731537, -7.82863522 ], [ 113.03749084, -7.82853222 ], [ 113.03785706, -7.82849407 ], [ 113.03791809, -7.82841349 ], [ 113.03803253, -7.82821941 ], [ 113.03829193, -7.828125 ], [ 113.03855896, -7.82813263 ], [ 113.03864288, -7.82811832 ], [ 113.03876495, -7.82802677 ], [ 113.03897858, -7.82777786 ], [ 113.03904724, -7.8274703 ], [ 113.03913116, -7.82707787 ], [ 113.03927612, -7.82683706 ], [ 113.03972626, -7.82628393 ], [ 113.03977966, -7.82605743 ], [ 113.03993225, -7.82575035 ], [ 113.03997803, -7.82566738 ], [ 113.04037476, -7.82536793 ], [ 113.04064178, -7.82513571 ], [ 113.04088593, -7.82479954 ], [ 113.0409317, -7.82473278 ], [ 113.041008, -7.82463312 ], [ 113.04105377, -7.82455254 ], [ 113.04116821, -7.82446337 ], [ 113.0412674, -7.82445812 ], [ 113.04153442, -7.82444382 ], [ 113.04204559, -7.8244524 ], [ 113.04227448, -7.8242383 ], [ 113.04265594, -7.82383251 ], [ 113.04290009, -7.82375383 ], [ 113.04325867, -7.82363892 ], [ 113.04350281, -7.82346392 ], [ 113.0438385, -7.82311058 ], [ 113.04400635, -7.82279253 ], [ 113.04405212, -7.82266569 ], [ 113.0440979, -7.82254696 ], [ 113.04418945, -7.82251406 ], [ 113.04445648, -7.82250786 ], [ 113.04483032, -7.8224864 ], [ 113.04506683, -7.82241154 ], [ 113.04525757, -7.82228088 ], [ 113.04534912, -7.82213926 ], [ 113.04534912, -7.82191658 ], [ 113.04528046, -7.82177067 ], [ 113.04525757, -7.82158184 ], [ 113.04534149, -7.82142305 ], [ 113.04554749, -7.82110262 ], [ 113.04547119, -7.82094002 ], [ 113.04524231, -7.82056284 ], [ 113.04520416, -7.82038116 ], [ 113.04524994, -7.82026005 ], [ 113.04541016, -7.82013893 ], [ 113.04573822, -7.82007647 ], [ 113.04597473, -7.81996298 ], [ 113.04618835, -7.81984377 ], [ 113.04642487, -7.81983328 ], [ 113.04666138, -7.8199029 ], [ 113.04708099, -7.82000828 ], [ 113.04723358, -7.81996965 ], [ 113.04734039, -7.81979179 ], [ 113.04754639, -7.81919146 ], [ 113.04790497, -7.8181572 ], [ 113.04805756, -7.81772041 ], [ 113.04840851, -7.81685114 ], [ 113.04828644, -7.81661129 ], [ 113.0478363, -7.81602669 ], [ 113.04746246, -7.81568527 ], [ 113.04745483, -7.81552267 ], [ 113.04750061, -7.81538963 ], [ 113.04808044, -7.81461382 ], [ 113.04808807, -7.8143096 ], [ 113.04806519, -7.81386423 ], [ 113.04826355, -7.81330824 ], [ 113.04829407, -7.81310797 ], [ 113.04824829, -7.81278181 ], [ 113.04814148, -7.81256104 ], [ 113.04799652, -7.81239653 ], [ 113.04756927, -7.81201649 ], [ 113.04749298, -7.81186724 ], [ 113.04750061, -7.81169748 ], [ 113.04759979, -7.81143427 ], [ 113.04776001, -7.81132889 ], [ 113.04795837, -7.81127405 ], [ 113.0482254, -7.81128979 ], [ 113.04856873, -7.81129265 ], [ 113.04882813, -7.81119061 ], [ 113.04904938, -7.8110075 ], [ 113.04922485, -7.81078291 ], [ 113.04933167, -7.81053734 ], [ 113.04942322, -7.81011868 ], [ 113.04942322, -7.81003904 ], [ 113.0497818, -7.80988979 ], [ 113.05010223, -7.80977011 ], [ 113.05032349, -7.8096199 ], [ 113.05052185, -7.80926991 ], [ 113.05059814, -7.80912018 ], [ 113.05075073, -7.80901003 ], [ 113.05084991, -7.80897903 ], [ 113.0511322, -7.80913544 ], [ 113.05123138, -7.80942583 ], [ 113.05132294, -7.8097229 ], [ 113.05123138, -7.80995703 ], [ 113.05118561, -7.81014061 ], [ 113.05117035, -7.81042528 ], [ 113.05123138, -7.81063366 ], [ 113.05132294, -7.81079149 ], [ 113.05157471, -7.81091022 ], [ 113.05178833, -7.81087065 ], [ 113.05190277, -7.81083298 ], [ 113.05210114, -7.81078768 ], [ 113.05253601, -7.81063986 ], [ 113.05323792, -7.81045961 ], [ 113.05355072, -7.81043291 ], [ 113.05388641, -7.81060505 ], [ 113.05406189, -7.81069565 ], [ 113.05436707, -7.81095982 ], [ 113.05448151, -7.81110811 ], [ 113.05496216, -7.81115055 ], [ 113.05536652, -7.81121635 ], [ 113.05581665, -7.81123972 ], [ 113.05596924, -7.81122351 ], [ 113.05609131, -7.8109479 ], [ 113.05625916, -7.81080198 ], [ 113.05658722, -7.81071711 ], [ 113.05684662, -7.81071615 ], [ 113.05692291, -7.81071568 ], [ 113.05729675, -7.81075525 ], [ 113.05754852, -7.81083441 ], [ 113.0581665, -7.81103134 ], [ 113.05857086, -7.81117439 ], [ 113.05876923, -7.8112464 ], [ 113.05895996, -7.81140614 ], [ 113.05928802, -7.81152916 ], [ 113.05953979, -7.81166267 ], [ 113.05977631, -7.81177568 ], [ 113.05993652, -7.81179667 ], [ 113.06013489, -7.8117156 ], [ 113.06054688, -7.81174564 ], [ 113.06070709, -7.8118515 ], [ 113.06084442, -7.81188774 ], [ 113.06092834, -7.81193542 ], [ 113.06096649, -7.81208992 ], [ 113.06121063, -7.81219006 ], [ 113.06130981, -7.81224012 ], [ 113.06144714, -7.81231022 ], [ 113.0617218, -7.81226015 ], [ 113.06194305, -7.81227016 ], [ 113.06198883, -7.8123498 ], [ 113.06220245, -7.81243992 ], [ 113.06237793, -7.81255007 ], [ 113.06257629, -7.81259012 ], [ 113.06295776, -7.81269979 ], [ 113.06333923, -7.81276989 ], [ 113.06388092, -7.81298018 ], [ 113.0639801, -7.81301212 ], [ 113.06417084, -7.81306982 ], [ 113.0643692, -7.81311989 ], [ 113.06466675, -7.81286001 ], [ 113.06487274, -7.81266022 ], [ 113.06494141, -7.81244993 ], [ 113.06507874, -7.81210995 ], [ 113.06546021, -7.81142998 ], [ 113.06561279, -7.81106997 ], [ 113.06568909, -7.81072998 ], [ 113.06587982, -7.80963993 ], [ 113.06591797, -7.80908012 ], [ 113.06593323, -7.80899 ], [ 113.06607819, -7.80842018 ], [ 113.06640625, -7.80770016 ], [ 113.0666275, -7.80725002 ], [ 113.06686401, -7.80662107 ], [ 113.0668869, -7.80655003 ], [ 113.06684113, -7.8063798 ], [ 113.06674957, -7.80597019 ], [ 113.0667572, -7.80583 ], [ 113.06684113, -7.80564022 ], [ 113.06690216, -7.80544996 ], [ 113.0668869, -7.80531979 ], [ 113.06687164, -7.80513 ], [ 113.06685638, -7.8049798 ], [ 113.06684875, -7.80446005 ], [ 113.06690216, -7.80417013 ], [ 113.06699371, -7.80410004 ], [ 113.06725311, -7.80388021 ], [ 113.06738281, -7.80373049 ], [ 113.06745911, -7.80363989 ], [ 113.06755829, -7.80341005 ], [ 113.06755829, -7.80327988 ], [ 113.06761169, -7.80295992 ], [ 113.06780243, -7.80255985 ], [ 113.06788635, -7.80223989 ], [ 113.06809235, -7.80165005 ], [ 113.06816864, -7.80137014 ], [ 113.06813812, -7.80125999 ], [ 113.06813049, -7.80110979 ], [ 113.06814575, -7.80103064 ], [ 113.06816864, -7.80087996 ], [ 113.06828308, -7.80073023 ], [ 113.0684967, -7.80057001 ], [ 113.06861877, -7.80045986 ], [ 113.06903076, -7.80016994 ], [ 113.06929016, -7.80002022 ], [ 113.06938934, -7.80019999 ], [ 113.06958771, -7.80058002 ], [ 113.06967926, -7.80075979 ], [ 113.06983185, -7.80114985 ], [ 113.06997681, -7.80163002 ], [ 113.07010651, -7.80195999 ], [ 113.07008362, -7.80229998 ], [ 113.07009125, -7.80254984 ], [ 113.07016754, -7.80292988 ], [ 113.07032013, -7.8032999 ], [ 113.07044983, -7.80354023 ], [ 113.07071686, -7.80383015 ], [ 113.07106018, -7.80412006 ], [ 113.07137299, -7.80432987 ], [ 113.07167053, -7.8045001 ], [ 113.07196808, -7.8046298 ], [ 113.07241821, -7.80474997 ], [ 113.07280731, -7.80483007 ], [ 113.07321167, -7.80489016 ], [ 113.07342529, -7.80490494 ], [ 113.07350159, -7.80491018 ], [ 113.07362366, -7.8049202 ], [ 113.07407379, -7.80493021 ], [ 113.07443237, -7.80495977 ], [ 113.07491302, -7.80501986 ], [ 113.07530975, -7.80507994 ], [ 113.07565308, -7.80514002 ], [ 113.07608032, -7.80516005 ], [ 113.07649994, -7.80523348 ], [ 113.07682037, -7.80552006 ], [ 113.07692719, -7.80568981 ], [ 113.07720947, -7.80587006 ], [ 113.07740021, -7.80607986 ], [ 113.07762909, -7.80635023 ], [ 113.07785797, -7.80658007 ], [ 113.07797241, -7.80668163 ], [ 113.07833099, -7.80666447 ], [ 113.07866669, -7.8066411 ], [ 113.07907104, -7.80664444 ], [ 113.07940674, -7.80651045 ], [ 113.07958984, -7.80631113 ], [ 113.0796051, -7.80607891 ], [ 113.07964325, -7.80584717 ], [ 113.07981873, -7.80561447 ], [ 113.08009338, -7.80551386 ], [ 113.08029938, -7.80542469 ], [ 113.08046722, -7.80529165 ], [ 113.08052826, -7.80510378 ], [ 113.08052826, -7.80494928 ], [ 113.08054352, -7.80473948 ], [ 113.0806427, -7.80452299 ], [ 113.08078003, -7.80441809 ], [ 113.08097839, -7.80433989 ], [ 113.08111572, -7.80421257 ], [ 113.08137512, -7.80402899 ], [ 113.08157349, -7.80391216 ], [ 113.08205414, -7.80405903 ], [ 113.08240509, -7.80404043 ], [ 113.08252716, -7.80400705 ], [ 113.08267975, -7.80395651 ], [ 113.08261871, -7.80375814 ], [ 113.0825119, -7.80356026 ], [ 113.08245087, -7.80316877 ], [ 113.08253479, -7.80280972 ], [ 113.08276367, -7.80258226 ], [ 113.08303833, -7.80243015 ], [ 113.08322144, -7.80243683 ], [ 113.0834198, -7.80244684 ], [ 113.08362579, -7.80252266 ], [ 113.0838089, -7.8026433 ], [ 113.08396912, -7.80250978 ], [ 113.08400726, -7.80238295 ], [ 113.08397675, -7.80220127 ], [ 113.0840683, -7.80207014 ], [ 113.084198, -7.80194998 ], [ 113.08436584, -7.80189562 ], [ 113.08442688, -7.80173016 ], [ 113.08439636, -7.80164194 ], [ 113.08428955, -7.80162573 ], [ 113.08411407, -7.8016324 ], [ 113.08396912, -7.8015666 ], [ 113.08389282, -7.80139065 ], [ 113.08401489, -7.8011694 ], [ 113.08418274, -7.80094004 ], [ 113.08422089, -7.80077124 ], [ 113.08428955, -7.80024099 ], [ 113.08444214, -7.80000877 ], [ 113.08449554, -7.79975605 ], [ 113.08457184, -7.79937363 ], [ 113.08501434, -7.79904032 ], [ 113.08504486, -7.79873037 ], [ 113.08507538, -7.79829502 ], [ 113.085289, -7.79817009 ], [ 113.08543396, -7.79838181 ], [ 113.08568573, -7.79836941 ], [ 113.08589935, -7.79787731 ], [ 113.08590698, -7.79759598 ], [ 113.08666992, -7.79691362 ], [ 113.08663177, -7.79631233 ], [ 113.08662415, -7.79597044 ], [ 113.08666229, -7.79576063 ], [ 113.08686829, -7.79568005 ], [ 113.08705139, -7.79568148 ], [ 113.08724213, -7.79566383 ], [ 113.0871048, -7.79522848 ], [ 113.08707428, -7.79513502 ], [ 113.08718872, -7.79499102 ], [ 113.08734131, -7.79489994 ], [ 113.08738708, -7.79451036 ], [ 113.08734131, -7.7943778 ], [ 113.08728027, -7.7942071 ], [ 113.08737183, -7.79410982 ], [ 113.08743286, -7.79401016 ], [ 113.08756256, -7.79391003 ], [ 113.08781433, -7.79392862 ], [ 113.0876236, -7.793571 ], [ 113.08757019, -7.79320192 ], [ 113.08772278, -7.79303503 ], [ 113.08797455, -7.79275846 ], [ 113.08821106, -7.7923398 ], [ 113.08816528, -7.7918911 ], [ 113.08830261, -7.79146576 ], [ 113.08847046, -7.7913146 ], [ 113.08855438, -7.79123831 ], [ 113.08885193, -7.79114866 ], [ 113.08908844, -7.79104805 ], [ 113.08930206, -7.79080963 ], [ 113.08948517, -7.79049969 ], [ 113.08968353, -7.79040527 ], [ 113.0898056, -7.79022789 ], [ 113.09004211, -7.79025459 ], [ 113.09022522, -7.79013777 ], [ 113.09033966, -7.79007101 ], [ 113.09048462, -7.79007578 ], [ 113.09062958, -7.79020166 ], [ 113.09085083, -7.79034996 ], [ 113.0909729, -7.7904501 ], [ 113.09107971, -7.7904501 ], [ 113.09129333, -7.79036999 ], [ 113.09146118, -7.7902298 ], [ 113.09162903, -7.78998995 ], [ 113.09169006, -7.78961134 ], [ 113.09170532, -7.7895236 ], [ 113.09166718, -7.78927565 ], [ 113.09197235, -7.789114 ], [ 113.09229279, -7.78901291 ], [ 113.0922699, -7.78857183 ], [ 113.09223938, -7.78806448 ], [ 113.09265137, -7.78788853 ], [ 113.0928421, -7.78786278 ], [ 113.0931015, -7.78780651 ], [ 113.0933609, -7.78774452 ], [ 113.09352875, -7.78782082 ], [ 113.09377289, -7.78788567 ], [ 113.0938797, -7.78778601 ], [ 113.09381104, -7.78756571 ], [ 113.09408569, -7.78742647 ], [ 113.09442139, -7.78730345 ], [ 113.09456635, -7.78720331 ], [ 113.09456635, -7.78709269 ], [ 113.09459686, -7.78689528 ], [ 113.09473419, -7.78669691 ], [ 113.0949173, -7.78670645 ], [ 113.09510803, -7.78679609 ], [ 113.09548187, -7.78662634 ], [ 113.09564209, -7.78649616 ], [ 113.09551239, -7.78625488 ], [ 113.09542084, -7.7860837 ], [ 113.09535217, -7.78582525 ], [ 113.09550476, -7.7857213 ], [ 113.09561157, -7.78573179 ], [ 113.09561157, -7.78560019 ], [ 113.09571838, -7.78551006 ], [ 113.09606934, -7.78520012 ], [ 113.09618378, -7.78496981 ], [ 113.09634399, -7.78468895 ], [ 113.09658051, -7.78469467 ], [ 113.09697723, -7.78457642 ], [ 113.09731293, -7.78431654 ], [ 113.09752655, -7.78397894 ], [ 113.09757233, -7.78391457 ], [ 113.09781647, -7.78369331 ], [ 113.09819031, -7.78343296 ], [ 113.09868622, -7.78305626 ], [ 113.09871674, -7.78295231 ], [ 113.09870148, -7.78287983 ], [ 113.09856415, -7.78266859 ], [ 113.09851837, -7.78221655 ], [ 113.09892273, -7.78199482 ], [ 113.09924316, -7.7820344 ], [ 113.09932709, -7.78204441 ], [ 113.09990692, -7.7817831 ], [ 113.10004425, -7.78165722 ], [ 113.10016632, -7.78154945 ], [ 113.10048676, -7.78135395 ], [ 113.10093689, -7.78113174 ], [ 113.1014328, -7.78110361 ], [ 113.10180664, -7.78086901 ], [ 113.10197449, -7.78067446 ], [ 113.10215759, -7.78057003 ], [ 113.10229492, -7.7805047 ], [ 113.10251617, -7.780478 ], [ 113.10246277, -7.78019381 ], [ 113.10240936, -7.77996111 ], [ 113.10250092, -7.77968931 ], [ 113.10270691, -7.77966261 ], [ 113.10295105, -7.77975178 ], [ 113.10331726, -7.77969837 ], [ 113.10354614, -7.77951622 ], [ 113.10355377, -7.77915001 ], [ 113.10339355, -7.77894831 ], [ 113.10334015, -7.77878046 ], [ 113.10336304, -7.77868986 ], [ 113.10327148, -7.77850962 ], [ 113.10370636, -7.77797747 ], [ 113.10395813, -7.77773428 ], [ 113.10414124, -7.77764559 ], [ 113.10451508, -7.7775383 ], [ 113.10479736, -7.77731848 ], [ 113.1049118, -7.77722311 ], [ 113.1050415, -7.77711391 ], [ 113.10507202, -7.77677011 ], [ 113.10514832, -7.77660131 ], [ 113.10529327, -7.77654028 ], [ 113.10546112, -7.77667522 ], [ 113.1056366, -7.77687025 ], [ 113.10572815, -7.77696753 ], [ 113.10580444, -7.77710295 ], [ 113.10585785, -7.77720785 ], [ 113.10595703, -7.77729797 ], [ 113.10609436, -7.77737236 ], [ 113.10623932, -7.77751493 ], [ 113.10636902, -7.77758932 ], [ 113.10652161, -7.77764893 ], [ 113.10661316, -7.77768612 ], [ 113.10678864, -7.77779055 ], [ 113.10696411, -7.77782726 ], [ 113.10708618, -7.77791739 ], [ 113.10715485, -7.77805233 ], [ 113.10721588, -7.77824783 ], [ 113.10727692, -7.77843571 ], [ 113.10736084, -7.77855587 ], [ 113.10739899, -7.77869892 ], [ 113.10753632, -7.77888632 ], [ 113.10765839, -7.77899122 ], [ 113.10786438, -7.77904415 ], [ 113.10848236, -7.7793498 ], [ 113.10913849, -7.77956009 ], [ 113.10955811, -7.77970982 ], [ 113.11019135, -7.7799201 ], [ 113.11026001, -7.77994347 ], [ 113.11040497, -7.78005505 ], [ 113.11064148, -7.78023481 ], [ 113.1105423, -7.78042459 ], [ 113.1105957, -7.78056049 ], [ 113.11066437, -7.7806325 ], [ 113.11091614, -7.78084183 ], [ 113.11115265, -7.7810154 ], [ 113.11135101, -7.781147 ], [ 113.11171722, -7.7813201 ], [ 113.11196136, -7.78149319 ], [ 113.11227417, -7.78176308 ], [ 113.11254883, -7.78197241 ], [ 113.11238861, -7.78215408 ], [ 113.11230469, -7.782341 ], [ 113.11205292, -7.78249884 ], [ 113.11070251, -7.78295755 ], [ 113.110466, -7.78309727 ], [ 113.11024475, -7.78327322 ], [ 113.11010742, -7.78344011 ], [ 113.10997009, -7.78375053 ], [ 113.10990906, -7.78394365 ], [ 113.10990143, -7.78446198 ], [ 113.10992432, -7.78490162 ], [ 113.10990143, -7.78628016 ], [ 113.10983276, -7.78676987 ], [ 113.10974121, -7.78699017 ], [ 113.10955048, -7.78732014 ], [ 113.10939789, -7.78758764 ], [ 113.10932159, -7.78773022 ], [ 113.10915375, -7.78804016 ], [ 113.10900879, -7.78837013 ], [ 113.10891724, -7.78857517 ], [ 113.10894012, -7.78894281 ], [ 113.10900116, -7.78922558 ], [ 113.10908508, -7.78946638 ], [ 113.10913086, -7.78982019 ], [ 113.10903931, -7.79002094 ], [ 113.10888672, -7.79036999 ], [ 113.10884857, -7.79046011 ], [ 113.1086731, -7.7908802 ], [ 113.10845184, -7.79137993 ], [ 113.1083374, -7.79183006 ], [ 113.10832214, -7.79201984 ], [ 113.10832977, -7.79231977 ], [ 113.10823059, -7.79268742 ], [ 113.10782623, -7.79287004 ], [ 113.10762787, -7.79306412 ], [ 113.10765839, -7.79360628 ], [ 113.10758972, -7.79375696 ], [ 113.10740662, -7.79392052 ], [ 113.10707855, -7.79383802 ], [ 113.10666656, -7.79338217 ], [ 113.10650635, -7.79333496 ], [ 113.10585022, -7.79372454 ], [ 113.1057663, -7.79376984 ], [ 113.10533142, -7.79420996 ], [ 113.10501099, -7.79459 ], [ 113.10484314, -7.79485989 ], [ 113.10475159, -7.79511976 ], [ 113.10466766, -7.79572964 ], [ 113.10463715, -7.7961216 ], [ 113.10466003, -7.79676008 ], [ 113.10460663, -7.79702997 ], [ 113.10456848, -7.79709291 ], [ 113.10452271, -7.797369 ], [ 113.10441589, -7.7975502 ], [ 113.10410309, -7.79768467 ], [ 113.10389709, -7.79775763 ], [ 113.10375214, -7.79779482 ], [ 113.10355377, -7.79780769 ], [ 113.10356903, -7.79798222 ], [ 113.10365295, -7.7982831 ], [ 113.10359955, -7.79848242 ], [ 113.10354614, -7.79862118 ], [ 113.10363007, -7.79877138 ], [ 113.10366058, -7.79887342 ], [ 113.10378265, -7.79901123 ], [ 113.10382843, -7.79909658 ], [ 113.10387421, -7.79916143 ], [ 113.10392761, -7.79933023 ], [ 113.10389709, -7.79943848 ], [ 113.10490417, -7.80001211 ], [ 113.10519409, -7.80025768 ], [ 113.10545349, -7.80055141 ], [ 113.1059494, -7.80089426 ], [ 113.10609436, -7.80099392 ], [ 113.10638428, -7.80116796 ], [ 113.10639191, -7.80147457 ], [ 113.10645294, -7.80154991 ], [ 113.10662842, -7.80167007 ], [ 113.1071167, -7.80192947 ], [ 113.10758972, -7.80219984 ], [ 113.10775757, -7.80233097 ], [ 113.10819244, -7.8025732 ], [ 113.1085434, -7.80278826 ], [ 113.10889435, -7.80300283 ], [ 113.1092453, -7.80326462 ], [ 113.10949707, -7.80344009 ], [ 113.10980225, -7.80394983 ], [ 113.11003113, -7.80435991 ], [ 113.11022186, -7.80466986 ], [ 113.11042023, -7.80495977 ], [ 113.11058044, -7.80515003 ], [ 113.1107254, -7.80524635 ], [ 113.11087799, -7.80542612 ], [ 113.11116791, -7.80577803 ], [ 113.11152649, -7.80619049 ], [ 113.11196899, -7.80646133 ], [ 113.11254883, -7.80697584 ], [ 113.11312866, -7.80724621 ], [ 113.11341095, -7.80773401 ], [ 113.11380768, -7.80795813 ], [ 113.11460876, -7.80842495 ], [ 113.11488342, -7.80857897 ], [ 113.11508942, -7.80880022 ], [ 113.115242, -7.80893993 ], [ 113.11558533, -7.8093071 ], [ 113.11533356, -7.80926132 ], [ 113.11514282, -7.80926991 ], [ 113.11512756, -7.80934429 ], [ 113.1149826, -7.80939484 ], [ 113.1149292, -7.80964947 ], [ 113.11488342, -7.80980349 ], [ 113.11484528, -7.80994081 ], [ 113.11460114, -7.81005573 ], [ 113.11373901, -7.80998468 ], [ 113.11345673, -7.81009007 ], [ 113.11322784, -7.81010056 ], [ 113.11309052, -7.81017208 ], [ 113.11296844, -7.81058979 ], [ 113.11287689, -7.81065989 ], [ 113.11257935, -7.81078005 ], [ 113.11241913, -7.81084967 ], [ 113.11233521, -7.81092405 ], [ 113.11220551, -7.81106567 ], [ 113.11203766, -7.8112359 ], [ 113.11184692, -7.81127453 ], [ 113.11164093, -7.8110404 ], [ 113.11151886, -7.81104088 ], [ 113.11135101, -7.8110981 ], [ 113.11113739, -7.81124973 ], [ 113.11094666, -7.81146717 ], [ 113.11064148, -7.81162882 ], [ 113.11037445, -7.81156445 ], [ 113.11019135, -7.81173468 ], [ 113.10964966, -7.81181288 ], [ 113.10951996, -7.81171942 ], [ 113.10939789, -7.8117671 ], [ 113.10933685, -7.81184006 ], [ 113.10920715, -7.81200075 ], [ 113.10919952, -7.81217003 ], [ 113.10907745, -7.8124156 ], [ 113.10884857, -7.81254816 ], [ 113.10871124, -7.81253147 ], [ 113.10847473, -7.81250334 ], [ 113.10820007, -7.81258917 ], [ 113.10803986, -7.81264162 ], [ 113.10784912, -7.81270409 ], [ 113.10780334, -7.81291151 ], [ 113.10772705, -7.8131752 ], [ 113.10758209, -7.81339264 ], [ 113.10752869, -7.81350136 ], [ 113.10747528, -7.81360006 ], [ 113.10723877, -7.81372356 ], [ 113.10699463, -7.81374359 ], [ 113.10668182, -7.81371689 ], [ 113.10639191, -7.81357718 ], [ 113.10616302, -7.8135314 ], [ 113.10577393, -7.81345797 ], [ 113.10560608, -7.81338406 ], [ 113.10549164, -7.81333685 ], [ 113.10529327, -7.81338501 ], [ 113.10523987, -7.81359529 ], [ 113.10520935, -7.81371498 ], [ 113.10503387, -7.81374407 ], [ 113.10469055, -7.8137269 ], [ 113.10440826, -7.81370974 ], [ 113.10436249, -7.81390762 ], [ 113.10433197, -7.81413841 ], [ 113.10421753, -7.81431293 ], [ 113.10387421, -7.81431484 ], [ 113.10346985, -7.81429768 ], [ 113.10321808, -7.81425953 ], [ 113.1029129, -7.81444979 ], [ 113.10269928, -7.81456995 ], [ 113.10241699, -7.81463003 ], [ 113.10224915, -7.81466007 ], [ 113.10211945, -7.81478977 ], [ 113.10198975, -7.81500006 ], [ 113.1019516, -7.81629992 ], [ 113.10192871, -7.81639004 ], [ 113.10228729, -7.81669998 ], [ 113.10269165, -7.81715012 ], [ 113.10301208, -7.81753016 ], [ 113.10347748, -7.81795979 ], [ 113.10388184, -7.81832981 ], [ 113.10439301, -7.81864977 ], [ 113.10481262, -7.81890011 ], [ 113.10532379, -7.81915998 ], [ 113.10562897, -7.81933022 ], [ 113.10585785, -7.81945992 ], [ 113.10643768, -7.81978989 ], [ 113.10704803, -7.82028008 ], [ 113.10739899, -7.82058001 ], [ 113.10749054, -7.82067299 ], [ 113.1075592, -7.82074165 ], [ 113.10785675, -7.82104015 ], [ 113.10838318, -7.82152987 ], [ 113.10868835, -7.82191992 ], [ 113.10894775, -7.8222599 ], [ 113.10904694, -7.82243013 ], [ 113.10929108, -7.82280016 ], [ 113.10962677, -7.82322979 ], [ 113.11003113, -7.8236599 ], [ 113.11058044, -7.82406998 ], [ 113.11112213, -7.82456017 ], [ 113.11167908, -7.82496977 ], [ 113.11209106, -7.82521009 ], [ 113.1128006, -7.82560015 ], [ 113.11325073, -7.82588005 ], [ 113.11366272, -7.82612991 ], [ 113.11391449, -7.8262887 ], [ 113.11431122, -7.82652998 ], [ 113.11490631, -7.82690001 ], [ 113.11544037, -7.82723999 ], [ 113.1162262, -7.82764006 ], [ 113.11665344, -7.82782984 ], [ 113.1169281, -7.82795 ], [ 113.11698914, -7.82799006 ], [ 113.11724854, -7.82818317 ], [ 113.11746216, -7.82842064 ], [ 113.11773682, -7.82853556 ], [ 113.1180191, -7.82845879 ], [ 113.11878967, -7.82879019 ], [ 113.11911774, -7.82893848 ], [ 113.11927795, -7.82896471 ], [ 113.11940765, -7.82904005 ], [ 113.11947632, -7.82912016 ], [ 113.11966705, -7.82918978 ], [ 113.11985016, -7.82922983 ], [ 113.11998749, -7.82932186 ], [ 113.12017822, -7.82919502 ], [ 113.12046814, -7.82898474 ], [ 113.12065887, -7.82876921 ], [ 113.12075043, -7.82852936 ], [ 113.12084198, -7.8283205 ], [ 113.12104034, -7.82806778 ], [ 113.12125397, -7.82793188 ], [ 113.12145233, -7.82776546 ], [ 113.12154388, -7.82755613 ], [ 113.12150574, -7.82736015 ], [ 113.12148285, -7.82720089 ], [ 113.12168121, -7.82711363 ], [ 113.12187195, -7.82700253 ], [ 113.12206268, -7.82705069 ], [ 113.12230682, -7.82709837 ], [ 113.12255096, -7.82710314 ], [ 113.12283325, -7.82707119 ], [ 113.12301636, -7.82689238 ], [ 113.12316895, -7.82677507 ], [ 113.12330627, -7.82667637 ], [ 113.12348175, -7.82665062 ], [ 113.12376404, -7.8266921 ], [ 113.12399292, -7.82667875 ], [ 113.12421417, -7.82656097 ], [ 113.12435913, -7.82649279 ], [ 113.12449646, -7.8264308 ], [ 113.12464142, -7.82633209 ], [ 113.12480927, -7.82626963 ], [ 113.12497711, -7.82632399 ], [ 113.12502289, -7.82647133 ], [ 113.12506866, -7.82674694 ], [ 113.12512207, -7.82694292 ], [ 113.12520599, -7.8271513 ], [ 113.12537384, -7.82727909 ], [ 113.12557983, -7.82725382 ], [ 113.12574768, -7.82722855 ], [ 113.12574005, -7.82753992 ], [ 113.12573242, -7.82799006 ], [ 113.12568665, -7.82849979 ], [ 113.12567139, -7.8289299 ], [ 113.12570953, -7.82921982 ], [ 113.12574768, -7.82982016 ], [ 113.12586975, -7.83063984 ], [ 113.1259079, -7.83111 ], [ 113.12606049, -7.83186007 ], [ 113.12610626, -7.83228016 ], [ 113.12610626, -7.83291006 ], [ 113.12615204, -7.83340979 ], [ 113.1261673, -7.83372021 ], [ 113.1261673, -7.83483982 ], [ 113.1260376, -7.83659983 ], [ 113.1260376, -7.83678007 ], [ 113.12604523, -7.83690643 ], [ 113.12608337, -7.83753014 ], [ 113.12612915, -7.8376298 ], [ 113.12612152, -7.83803988 ], [ 113.12605286, -7.83855009 ], [ 113.1259613, -7.8389802 ], [ 113.12589264, -7.83916998 ], [ 113.12568665, -7.83971024 ], [ 113.12552643, -7.84014988 ], [ 113.12523651, -7.84124899 ], [ 113.12521362, -7.84166002 ], [ 113.12525177, -7.84197998 ], [ 113.12532043, -7.84241009 ], [ 113.12561798, -7.84339094 ], [ 113.12570953, -7.84365988 ], [ 113.12576294, -7.84384012 ], [ 113.12583923, -7.84421015 ], [ 113.12593842, -7.84463978 ], [ 113.12602234, -7.84497976 ], [ 113.1261673, -7.84540987 ], [ 113.12624359, -7.8459301 ], [ 113.12635803, -7.84636021 ], [ 113.12641907, -7.84689999 ], [ 113.12638855, -7.84729004 ], [ 113.12638092, -7.84737015 ], [ 113.12637329, -7.84780979 ], [ 113.12638092, -7.84837008 ], [ 113.12628937, -7.84888983 ], [ 113.126297, -7.84976006 ], [ 113.12626648, -7.84987068 ], [ 113.12615967, -7.85023022 ], [ 113.126091, -7.85038996 ], [ 113.12606812, -7.85067987 ], [ 113.12606812, -7.85093021 ], [ 113.12605286, -7.85119009 ], [ 113.12595367, -7.85149002 ], [ 113.12586975, -7.85164022 ], [ 113.12561035, -7.85156012 ], [ 113.12536621, -7.85146999 ], [ 113.12528229, -7.85145998 ], [ 113.12515259, -7.85152006 ], [ 113.125, -7.85172987 ], [ 113.12493896, -7.85181999 ], [ 113.12483215, -7.85201979 ], [ 113.12478638, -7.85219002 ], [ 113.12476349, -7.85259008 ], [ 113.12473297, -7.8527298 ], [ 113.12467194, -7.85290003 ], [ 113.12454224, -7.85311985 ], [ 113.1242981, -7.85346985 ], [ 113.12419128, -7.85386992 ], [ 113.12412262, -7.85399008 ], [ 113.12404633, -7.85404015 ], [ 113.123909, -7.85410023 ], [ 113.12307739, -7.85434008 ], [ 113.12277985, -7.8544302 ], [ 113.12226868, -7.85458994 ], [ 113.12207794, -7.85468006 ], [ 113.1219101, -7.85479021 ], [ 113.12158203, -7.8550601 ], [ 113.12142181, -7.85529995 ], [ 113.12130737, -7.85545015 ], [ 113.12109375, -7.85562992 ], [ 113.12101746, -7.85564756 ], [ 113.12088776, -7.85567999 ], [ 113.12081146, -7.85569 ], [ 113.12017822, -7.85558987 ], [ 113.11997223, -7.85555983 ], [ 113.11978912, -7.8555398 ], [ 113.11937714, -7.85567999 ], [ 113.11897278, -7.85589981 ], [ 113.11881256, -7.85600996 ], [ 113.11872101, -7.85612011 ], [ 113.1186676, -7.85643005 ], [ 113.11863708, -7.85667992 ], [ 113.11859894, -7.85684013 ], [ 113.11849213, -7.85699987 ], [ 113.11831665, -7.85712004 ], [ 113.11811829, -7.85716009 ], [ 113.11798859, -7.85715008 ], [ 113.11778259, -7.85722017 ], [ 113.11766815, -7.85726023 ], [ 113.11740112, -7.85741997 ], [ 113.11714172, -7.85762978 ], [ 113.11698914, -7.85782003 ], [ 113.1169281, -7.85801983 ], [ 113.11691284, -7.85812998 ], [ 113.11672211, -7.85821009 ], [ 113.11652374, -7.85830021 ], [ 113.11612701, -7.85846996 ], [ 113.11589813, -7.85853004 ], [ 113.1155777, -7.85846996 ], [ 113.11537933, -7.85844994 ], [ 113.11524963, -7.85845852 ], [ 113.11508179, -7.85846996 ], [ 113.11464691, -7.85838985 ], [ 113.11435699, -7.85819006 ], [ 113.1140976, -7.85800982 ], [ 113.11382294, -7.85796022 ], [ 113.11351013, -7.85801983 ], [ 113.11318207, -7.85824013 ], [ 113.11296082, -7.8585 ], [ 113.11283875, -7.85861015 ], [ 113.11276245, -7.85864639 ], [ 113.11260223, -7.85871983 ], [ 113.11206818, -7.85860014 ], [ 113.11170959, -7.85851002 ], [ 113.11147308, -7.85863018 ], [ 113.11045074, -7.85885 ], [ 113.10958099, -7.85898018 ], [ 113.10942841, -7.85903978 ], [ 113.10923767, -7.85933018 ], [ 113.10900879, -7.85953999 ], [ 113.10868073, -7.85972977 ], [ 113.10838318, -7.85980988 ], [ 113.10823822, -7.8598299 ], [ 113.10806274, -7.85972023 ], [ 113.10787201, -7.8594799 ], [ 113.10781097, -7.8592701 ], [ 113.10777283, -7.85909986 ], [ 113.1076889, -7.85898018 ], [ 113.10758972, -7.85894012 ], [ 113.1072464, -7.85926008 ], [ 113.10659027, -7.8593998 ], [ 113.10645294, -7.85938978 ], [ 113.10614777, -7.85948658 ], [ 113.10582733, -7.85959005 ], [ 113.10569763, -7.85962009 ], [ 113.10561371, -7.85956001 ], [ 113.10549927, -7.85931015 ], [ 113.10533905, -7.85896015 ], [ 113.10497284, -7.85916996 ], [ 113.10478973, -7.85921001 ], [ 113.10475159, -7.85901022 ], [ 113.10459137, -7.85888004 ], [ 113.10411835, -7.85871983 ], [ 113.10402679, -7.85870981 ], [ 113.10391235, -7.85880995 ], [ 113.10385132, -7.85902023 ], [ 113.10384369, -7.85911989 ], [ 113.10375214, -7.85921001 ], [ 113.10365295, -7.85923004 ], [ 113.1035614, -7.85917997 ], [ 113.10340881, -7.85896015 ], [ 113.10327148, -7.85875988 ], [ 113.1029129, -7.85903978 ], [ 113.10276794, -7.85913992 ], [ 113.10256958, -7.85914993 ], [ 113.10220337, -7.85903978 ], [ 113.10198975, -7.85899019 ], [ 113.10183716, -7.85901022 ], [ 113.10166168, -7.85913992 ], [ 113.10108948, -7.85945988 ], [ 113.10088348, -7.85958004 ], [ 113.10063171, -7.8599 ], [ 113.10059357, -7.86004019 ], [ 113.10059357, -7.86021996 ], [ 113.10051727, -7.86035013 ], [ 113.10041046, -7.86044979 ], [ 113.10015106, -7.86048985 ], [ 113.09989929, -7.86051989 ], [ 113.09957123, -7.86063004 ], [ 113.09931946, -7.86041021 ], [ 113.09914398, -7.86026621 ], [ 113.09906769, -7.86023998 ], [ 113.09899139, -7.86025 ], [ 113.09889221, -7.8604002 ], [ 113.09882355, -7.86051989 ], [ 113.09868622, -7.86058998 ], [ 113.09851837, -7.86061001 ], [ 113.09838104, -7.86046982 ], [ 113.09824371, -7.86028004 ], [ 113.09810638, -7.86018991 ], [ 113.09796906, -7.8601799 ], [ 113.097435, -7.86057138 ], [ 113.09736633, -7.86062002 ], [ 113.09705353, -7.86092997 ], [ 113.09618378, -7.86090994 ], [ 113.09603882, -7.86090994 ], [ 113.09590149, -7.86099005 ], [ 113.09580231, -7.86114979 ], [ 113.09573364, -7.86124992 ], [ 113.09559631, -7.86129379 ], [ 113.0954895, -7.86129999 ], [ 113.09541321, -7.86128998 ], [ 113.09520721, -7.86104012 ], [ 113.0951004, -7.86090994 ], [ 113.0949707, -7.86084986 ], [ 113.09475708, -7.86084986 ], [ 113.09461212, -7.86091995 ], [ 113.09439087, -7.86107016 ], [ 113.09426117, -7.86110306 ], [ 113.09400177, -7.86116982 ], [ 113.09365082, -7.86133003 ], [ 113.09338379, -7.86154985 ], [ 113.09320068, -7.86168003 ], [ 113.09298706, -7.86178017 ], [ 113.092453, -7.86187983 ], [ 113.09207153, -7.8618598 ], [ 113.09163666, -7.86179018 ], [ 113.09143066, -7.86182022 ], [ 113.09082794, -7.86199999 ], [ 113.09013367, -7.86210012 ], [ 113.08927155, -7.86226988 ], [ 113.08818817, -7.8625598 ], [ 113.08740997, -7.86282015 ], [ 113.08670807, -7.86308002 ], [ 113.08634186, -7.86316013 ], [ 113.08592987, -7.86318016 ], [ 113.08512115, -7.86308002 ], [ 113.08390045, -7.86319017 ], [ 113.08349609, -7.86328459 ], [ 113.08238983, -7.86171627 ], [ 113.08205414, -7.8617034 ], [ 113.08180237, -7.86177349 ], [ 113.08161163, -7.86202717 ], [ 113.08131409, -7.86205149 ], [ 113.08078003, -7.86198521 ], [ 113.08039093, -7.86203289 ], [ 113.08003235, -7.86228752 ], [ 113.07929993, -7.86254406 ], [ 113.07875824, -7.8627305 ], [ 113.07830811, -7.86269808 ], [ 113.07797241, -7.86272287 ], [ 113.07775116, -7.86275148 ], [ 113.07733154, -7.86280632 ], [ 113.07706451, -7.86310625 ], [ 113.07672882, -7.86314249 ], [ 113.07627106, -7.86329412 ], [ 113.07563782, -7.86342335 ], [ 113.07549286, -7.86363077 ], [ 113.07528687, -7.86391926 ], [ 113.07475281, -7.86414003 ], [ 113.07463074, -7.86422968 ], [ 113.07401276, -7.86443663 ], [ 113.07368469, -7.86423731 ], [ 113.07254028, -7.86355162 ], [ 113.07199097, -7.86342525 ], [ 113.07165527, -7.86290884 ], [ 113.07128143, -7.86246347 ], [ 113.07100677, -7.8623414 ], [ 113.07080078, -7.86227274 ], [ 113.07035828, -7.86211824 ], [ 113.07019806, -7.86204958 ], [ 113.06985474, -7.86189938 ], [ 113.06795502, -7.86106825 ], [ 113.06743622, -7.86074495 ], [ 113.0668335, -7.86036968 ], [ 113.06674957, -7.86032009 ], [ 113.0665741, -7.86030912 ], [ 113.06642914, -7.86024475 ], [ 113.06609344, -7.86006975 ], [ 113.06533051, -7.85966873 ], [ 113.06517029, -7.85999823 ], [ 113.06482697, -7.86044407 ], [ 113.06443024, -7.86096144 ], [ 113.06427002, -7.8611989 ], [ 113.06415558, -7.86133242 ], [ 113.06393433, -7.86151361 ], [ 113.06378937, -7.86169958 ], [ 113.063591, -7.86193848 ], [ 113.0634079, -7.86214256 ], [ 113.06316376, -7.86240435 ], [ 113.06291962, -7.86274195 ], [ 113.06272125, -7.86298323 ], [ 113.06252289, -7.86289167 ], [ 113.06193542, -7.86295748 ], [ 113.06179047, -7.86301231 ], [ 113.061203, -7.86295223 ], [ 113.06034088, -7.8629303 ], [ 113.05936432, -7.86286497 ], [ 113.05819702, -7.86260605 ], [ 113.05805969, -7.86253548 ], [ 113.05757141, -7.86228037 ], [ 113.0570755, -7.86203051 ], [ 113.05696106, -7.86196899 ], [ 113.05632782, -7.86178017 ], [ 113.05599213, -7.86136246 ], [ 113.05583191, -7.86098003 ], [ 113.05529022, -7.86085176 ], [ 113.05473328, -7.86072016 ], [ 113.05416107, -7.86066008 ], [ 113.05329895, -7.86041021 ], [ 113.05283356, -7.8602376 ], [ 113.05268097, -7.86018705 ], [ 113.05223846, -7.86007023 ], [ 113.05178833, -7.86000013 ], [ 113.05136108, -7.85994005 ], [ 113.0511322, -7.8598752 ], [ 113.05104065, -7.85984993 ], [ 113.05084991, -7.85979986 ], [ 113.0504837, -7.85969019 ], [ 113.0501709, -7.85958004 ], [ 113.04971313, -7.85942984 ], [ 113.04915619, -7.8592701 ], [ 113.04886627, -7.85919428 ], [ 113.04860687, -7.85912991 ], [ 113.04812622, -7.85896111 ], [ 113.04798126, -7.85891008 ], [ 113.04760742, -7.8586998 ], [ 113.04725647, -7.85851002 ], [ 113.04698181, -7.85833979 ], [ 113.04691315, -7.85830402 ], [ 113.04649353, -7.85808992 ], [ 113.04631042, -7.85798979 ], [ 113.04579926, -7.85776997 ], [ 113.04573059, -7.85774326 ], [ 113.04525757, -7.8575654 ], [ 113.04473877, -7.8573699 ], [ 113.04392242, -7.85705996 ], [ 113.04302216, -7.85671997 ], [ 113.04260254, -7.85655928 ], [ 113.04247284, -7.85649014 ], [ 113.0423584, -7.85645008 ], [ 113.04193878, -7.85627985 ], [ 113.04174805, -7.85619497 ], [ 113.04161835, -7.85613585 ], [ 113.04154205, -7.85613775 ], [ 113.04094696, -7.8558898 ], [ 113.04071808, -7.85587978 ], [ 113.0404129, -7.85593987 ], [ 113.04010773, -7.85598993 ], [ 113.03978729, -7.85607004 ], [ 113.03948975, -7.8561902 ], [ 113.03923798, -7.85626984 ], [ 113.03900909, -7.85653019 ], [ 113.03894806, -7.85658979 ], [ 113.03878784, -7.8566761 ], [ 113.03845215, -7.85685492 ], [ 113.03826904, -7.85694981 ], [ 113.03794098, -7.85713005 ], [ 113.03787994, -7.85718012 ], [ 113.03743744, -7.85777998 ], [ 113.03726196, -7.85797024 ], [ 113.03691864, -7.85815001 ], [ 113.03656006, -7.8583498 ], [ 113.03617096, -7.85855007 ], [ 113.0355835, -7.85893011 ], [ 113.03562164, -7.85913992 ], [ 113.03569794, -7.85936022 ], [ 113.03572083, -7.85949993 ], [ 113.03565979, -7.85979986 ], [ 113.0356369, -7.85988998 ], [ 113.03560638, -7.86004019 ], [ 113.03559113, -7.86016989 ], [ 113.0355835, -7.86029005 ], [ 113.03556824, -7.8604002 ], [ 113.03552246, -7.86051989 ], [ 113.03549957, -7.86066008 ], [ 113.03547668, -7.86077976 ], [ 113.03546906, -7.86097002 ], [ 113.03556061, -7.86111021 ], [ 113.0358429, -7.86142015 ], [ 113.03607941, -7.86159992 ], [ 113.03617096, -7.86168003 ], [ 113.03678894, -7.86218977 ], [ 113.03720093, -7.86253023 ], [ 113.03716278, -7.86269999 ], [ 113.03694916, -7.86320353 ], [ 113.03691864, -7.86326981 ], [ 113.03677368, -7.86369991 ], [ 113.03678131, -7.86390018 ], [ 113.03684235, -7.86399984 ], [ 113.03701782, -7.86410999 ], [ 113.037117, -7.86409998 ], [ 113.03739929, -7.86393023 ], [ 113.03768158, -7.86370993 ], [ 113.03797913, -7.86353016 ], [ 113.03813934, -7.86338997 ], [ 113.03825378, -7.86327982 ], [ 113.03845215, -7.86308002 ], [ 113.03849792, -7.86299992 ], [ 113.03864288, -7.86285019 ], [ 113.03881836, -7.86288977 ], [ 113.0390625, -7.86306 ], [ 113.03917694, -7.86313009 ], [ 113.03885651, -7.86421204 ], [ 113.03970337, -7.86526299 ], [ 113.03974915, -7.86539698 ], [ 113.04016876, -7.8653698 ], [ 113.0405426, -7.86519194 ], [ 113.04088593, -7.86492205 ], [ 113.04109955, -7.86472034 ], [ 113.04129791, -7.86464834 ], [ 113.04121399, -7.86483431 ], [ 113.04118347, -7.86491013 ], [ 113.04106903, -7.86523008 ], [ 113.04097748, -7.86550999 ], [ 113.04090881, -7.86571407 ], [ 113.04078674, -7.86605978 ], [ 113.0407486, -7.86619997 ], [ 113.0407486, -7.8666501 ], [ 113.04065704, -7.8670001 ], [ 113.04052734, -7.86737013 ], [ 113.04042053, -7.86779022 ], [ 113.04036713, -7.86799002 ], [ 113.04029846, -7.86821985 ], [ 113.04013062, -7.86851978 ], [ 113.03993225, -7.86878014 ], [ 113.03967285, -7.86915016 ], [ 113.03952789, -7.86941004 ], [ 113.03917694, -7.8698802 ], [ 113.03910065, -7.87001991 ], [ 113.03894806, -7.8702898 ], [ 113.03881836, -7.87060022 ], [ 113.0386734, -7.87100983 ], [ 113.03858948, -7.87128019 ], [ 113.03851318, -7.87149 ], [ 113.03846741, -7.87160015 ], [ 113.03842163, -7.87173986 ], [ 113.03826141, -7.87204981 ], [ 113.03810883, -7.87224007 ], [ 113.03801727, -7.87232018 ], [ 113.03803253, -7.87250662 ], [ 113.03807068, -7.8726902 ], [ 113.03807068, -7.87284994 ], [ 113.03803253, -7.8730998 ], [ 113.03793335, -7.87343979 ], [ 113.03790283, -7.87369013 ], [ 113.03791046, -7.87380981 ], [ 113.03800201, -7.87395 ], [ 113.03811646, -7.87413979 ], [ 113.03809357, -7.87439013 ], [ 113.03800201, -7.87463999 ], [ 113.03794098, -7.87474871 ], [ 113.03780365, -7.87501001 ], [ 113.03765869, -7.87517977 ], [ 113.03759003, -7.87522984 ], [ 113.03723907, -7.87538004 ], [ 113.0370636, -7.87547016 ], [ 113.03688812, -7.87565994 ], [ 113.03677368, -7.8758502 ], [ 113.03665161, -7.87606001 ], [ 113.03646088, -7.87627983 ], [ 113.03636169, -7.87643003 ], [ 113.03616333, -7.87696981 ], [ 113.03611755, -7.87706995 ], [ 113.03582764, -7.87772989 ], [ 113.03555298, -7.8783102 ], [ 113.03552246, -7.87837982 ], [ 113.03514862, -7.87886 ], [ 113.03479004, -7.87933016 ], [ 113.03423309, -7.8800602 ] ] ] ] } },
{ "type": "Feature", "properties": { "GID_0": "IDN", "NAME_0": "Indonesia", "GID_1": "IDN.11_1", "NAME_1": "Jawa Timur", "NL_NAME_1": null, "GID_2": "IDN.11.30_1", "NAME_2": "Probolinggo", "NL_NAME_2": null, "GID_3": "IDN.11.30.14_1", "NAME_3": "Maron", "VARNAME_3": null, "NL_NAME_3": null, "TYPE_3": "Kecamatan", "ENGTYPE_3": "Sub-district", "CC_3": "3513180", "HASC_3": null }, "geometry": { "type": "MultiPolygon", "coordinates": [ [ [ [ 113.36702728, -7.86780024 ], [ 113.36726379, -7.86778021 ], [ 113.36756897, -7.86778021 ], [ 113.3677063, -7.86781979 ], [ 113.36794281, -7.86791992 ], [ 113.36807251, -7.86802006 ], [ 113.36820984, -7.86816978 ], [ 113.3682785, -7.86828995 ], [ 113.36829376, -7.86841011 ], [ 113.36830139, -7.86865997 ], [ 113.36826324, -7.86898994 ], [ 113.36823273, -7.86929989 ], [ 113.36824036, -7.8695302 ], [ 113.3682785, -7.86969995 ], [ 113.36843109, -7.86990023 ], [ 113.36885834, -7.8702302 ], [ 113.36929321, -7.87046003 ], [ 113.36955261, -7.8705802 ], [ 113.36975098, -7.87064981 ], [ 113.37017059, -7.87080002 ], [ 113.3707962, -7.87102985 ], [ 113.37104034, -7.87110996 ], [ 113.37120056, -7.87111998 ], [ 113.37136841, -7.87110996 ], [ 113.37155151, -7.87101984 ], [ 113.37171173, -7.87071991 ], [ 113.37180328, -7.87039995 ], [ 113.37188721, -7.87017012 ], [ 113.3719635, -7.87005997 ], [ 113.37206268, -7.8700099 ], [ 113.37213898, -7.87002993 ], [ 113.37232208, -7.87010002 ], [ 113.37249756, -7.87025023 ], [ 113.37296295, -7.87066984 ], [ 113.3731308, -7.87081003 ], [ 113.37333679, -7.87093019 ], [ 113.37355804, -7.87101984 ], [ 113.37384033, -7.87105989 ], [ 113.37419128, -7.87107992 ], [ 113.37457275, -7.87108994 ], [ 113.37489319, -7.87110996 ], [ 113.375, -7.87112999 ], [ 113.37516785, -7.87120008 ], [ 113.37528229, -7.87129021 ], [ 113.37529755, -7.87136984 ], [ 113.37521362, -7.87150002 ], [ 113.37509155, -7.87157011 ], [ 113.375, -7.87160015 ], [ 113.37490082, -7.87166023 ], [ 113.37477875, -7.87175989 ], [ 113.37467957, -7.8719101 ], [ 113.37467194, -7.87199926 ], [ 113.37471008, -7.87221003 ], [ 113.37480164, -7.87239981 ], [ 113.37490845, -7.87254 ], [ 113.375, -7.87262011 ], [ 113.37519836, -7.87285995 ], [ 113.37547302, -7.87300014 ], [ 113.37590027, -7.87320995 ], [ 113.37625122, -7.87341976 ], [ 113.3764801, -7.87365007 ], [ 113.3766098, -7.87390995 ], [ 113.37658691, -7.87413979 ], [ 113.37650299, -7.87440014 ], [ 113.37641144, -7.87478018 ], [ 113.3762207, -7.87503004 ], [ 113.37612152, -7.87523174 ], [ 113.37599945, -7.87548018 ], [ 113.37584686, -7.87593985 ], [ 113.37574768, -7.8762598 ], [ 113.37570953, -7.87641001 ], [ 113.37535095, -7.87725019 ], [ 113.37534332, -7.87742996 ], [ 113.37535858, -7.87751007 ], [ 113.37538147, -7.87760019 ], [ 113.37542725, -7.87775993 ], [ 113.37541962, -7.87833023 ], [ 113.37538147, -7.87849998 ], [ 113.37513733, -7.87932014 ], [ 113.37503052, -7.8796401 ], [ 113.37478638, -7.8801198 ], [ 113.37461853, -7.88051987 ], [ 113.37449646, -7.88088989 ], [ 113.37439728, -7.88107014 ], [ 113.3740921, -7.88128996 ], [ 113.37397766, -7.88136005 ], [ 113.37391663, -7.88153982 ], [ 113.37391663, -7.88176012 ], [ 113.37399292, -7.88196993 ], [ 113.37414551, -7.88216877 ], [ 113.3742981, -7.88235903 ], [ 113.37451172, -7.88263988 ], [ 113.3745575, -7.8828001 ], [ 113.37458801, -7.88314009 ], [ 113.37460327, -7.88335991 ], [ 113.3745575, -7.88346004 ], [ 113.37447357, -7.88352013 ], [ 113.37419128, -7.88359022 ], [ 113.37364197, -7.88341999 ], [ 113.37339783, -7.88336992 ], [ 113.37320709, -7.88337994 ], [ 113.37299347, -7.88351011 ], [ 113.37256622, -7.88401985 ], [ 113.37223053, -7.88448 ], [ 113.37202454, -7.88526773 ], [ 113.37195587, -7.88553858 ], [ 113.37162018, -7.88639021 ], [ 113.37140656, -7.88676023 ], [ 113.37114716, -7.88711977 ], [ 113.37091064, -7.88758993 ], [ 113.37075806, -7.88805389 ], [ 113.37065887, -7.88837004 ], [ 113.37062836, -7.8884902 ], [ 113.37064362, -7.88870001 ], [ 113.37056732, -7.88883018 ], [ 113.37030792, -7.88895988 ], [ 113.36969757, -7.88885021 ], [ 113.36958313, -7.88882017 ], [ 113.36943054, -7.8888998 ], [ 113.36933899, -7.88906002 ], [ 113.369133, -7.88945007 ], [ 113.36895752, -7.8896699 ], [ 113.36878967, -7.8898201 ], [ 113.36815643, -7.88995981 ], [ 113.36785126, -7.88995981 ], [ 113.36768341, -7.8899498 ], [ 113.36720276, -7.89015007 ], [ 113.366539, -7.89055014 ], [ 113.36641693, -7.8906827 ], [ 113.36624146, -7.89087009 ], [ 113.36595154, -7.89131021 ], [ 113.3658905, -7.89145994 ], [ 113.36540985, -7.89144993 ], [ 113.36470795, -7.89139986 ], [ 113.36386871, -7.89129019 ], [ 113.36367798, -7.89127016 ], [ 113.36269379, -7.89112997 ], [ 113.36155701, -7.89092016 ], [ 113.36128235, -7.89086676 ], [ 113.36047363, -7.89070988 ], [ 113.35932922, -7.89039993 ], [ 113.35827637, -7.89006996 ], [ 113.35793304, -7.88995981 ], [ 113.35749817, -7.8898201 ], [ 113.35665131, -7.88957024 ], [ 113.35681915, -7.8888402 ], [ 113.35693359, -7.88829994 ], [ 113.35695648, -7.88799953 ], [ 113.3536911, -7.88609076 ], [ 113.35191345, -7.88505507 ], [ 113.35177612, -7.88540649 ], [ 113.35158539, -7.88589001 ], [ 113.35186768, -7.88622189 ], [ 113.35192871, -7.88677692 ], [ 113.35237122, -7.88699627 ], [ 113.35232544, -7.88766336 ], [ 113.3518219, -7.88772154 ], [ 113.3518219, -7.88838816 ], [ 113.35221863, -7.88849735 ], [ 113.35218811, -7.88898754 ], [ 113.35166168, -7.88903999 ], [ 113.35150909, -7.88906765 ], [ 113.35086823, -7.88918352 ], [ 113.35060883, -7.88922977 ], [ 113.34963226, -7.88948011 ], [ 113.34854126, -7.88972998 ], [ 113.34893036, -7.88905001 ], [ 113.34909058, -7.88834 ], [ 113.34908295, -7.88746023 ], [ 113.34877777, -7.88673019 ], [ 113.34825134, -7.88592005 ], [ 113.34811401, -7.8857193 ], [ 113.34675598, -7.88619232 ], [ 113.34500122, -7.88637686 ], [ 113.34503937, -7.88608503 ], [ 113.34505463, -7.88563824 ], [ 113.34503937, -7.88546324 ], [ 113.34495544, -7.88528919 ], [ 113.34472656, -7.88515425 ], [ 113.34423065, -7.88469076 ], [ 113.34430695, -7.88410759 ], [ 113.34428406, -7.88381624 ], [ 113.34404755, -7.88335133 ], [ 113.34399414, -7.88309908 ], [ 113.34397888, -7.88295555 ], [ 113.34392548, -7.88243866 ], [ 113.34390259, -7.88193369 ], [ 113.34375, -7.88139057 ], [ 113.34345245, -7.88115883 ], [ 113.34326172, -7.88104343 ], [ 113.34294128, -7.88073444 ], [ 113.34292603, -7.88063955 ], [ 113.34290314, -7.88050127 ], [ 113.34280396, -7.88017178 ], [ 113.34260559, -7.88001728 ], [ 113.34237671, -7.87972689 ], [ 113.34231567, -7.87951374 ], [ 113.3421936, -7.8792944 ], [ 113.34207916, -7.87914085 ], [ 113.34184265, -7.87900448 ], [ 113.34199524, -7.87763071 ], [ 113.34188843, -7.87650442 ], [ 113.3418808, -7.87508631 ], [ 113.34574127, -7.87543249 ], [ 113.34588623, -7.8746295 ], [ 113.34692383, -7.87477684 ], [ 113.34700012, -7.8746233 ], [ 113.34707642, -7.87447023 ], [ 113.34706879, -7.87385941 ], [ 113.34706879, -7.87363005 ], [ 113.34706879, -7.87324858 ], [ 113.34702301, -7.87286663 ], [ 113.3470993, -7.87229347 ], [ 113.34702301, -7.87195015 ], [ 113.34644318, -7.87183905 ], [ 113.34625244, -7.87157297 ], [ 113.34648132, -7.87084627 ], [ 113.34651184, -7.86970043 ], [ 113.34647369, -7.8694334 ], [ 113.34635162, -7.86924314 ], [ 113.34631348, -7.86893749 ], [ 113.34638977, -7.86828804 ], [ 113.3463974, -7.86819983 ], [ 113.34645844, -7.86760044 ], [ 113.34653473, -7.86733532 ], [ 113.34668732, -7.86683559 ], [ 113.34664154, -7.86614847 ], [ 113.3465271, -7.86580515 ], [ 113.34648895, -7.86538553 ], [ 113.34621429, -7.86504316 ], [ 113.34621429, -7.86462355 ], [ 113.3451767, -7.86428547 ], [ 113.3451004, -7.86386585 ], [ 113.34455109, -7.86377573 ], [ 113.34490204, -7.86335993 ], [ 113.34506989, -7.86258984 ], [ 113.34519196, -7.86215019 ], [ 113.34529114, -7.86176014 ], [ 113.34535217, -7.86148977 ], [ 113.34542084, -7.86139011 ], [ 113.34532166, -7.86112022 ], [ 113.34529877, -7.86105013 ], [ 113.34461212, -7.86096001 ], [ 113.34397888, -7.86090994 ], [ 113.34401703, -7.86077976 ], [ 113.34410095, -7.86032009 ], [ 113.34406281, -7.86012983 ], [ 113.34396362, -7.86007023 ], [ 113.34375, -7.86002016 ], [ 113.34324646, -7.8599 ], [ 113.34322357, -7.85979986 ], [ 113.34322357, -7.8593998 ], [ 113.34319305, -7.85899019 ], [ 113.3431015, -7.85889006 ], [ 113.34288788, -7.85877991 ], [ 113.34266663, -7.85873985 ], [ 113.34233856, -7.85873985 ], [ 113.3420105, -7.85880995 ], [ 113.34143829, -7.85896015 ], [ 113.34111023, -7.85893011 ], [ 113.34091187, -7.85929012 ], [ 113.34076691, -7.85969019 ], [ 113.34069824, -7.86062002 ], [ 113.34065247, -7.86077976 ], [ 113.3405838, -7.86096001 ], [ 113.34031677, -7.86126995 ], [ 113.34005737, -7.86152983 ], [ 113.33963013, -7.86178017 ], [ 113.33912659, -7.86201 ], [ 113.33886719, -7.86209011 ], [ 113.33837128, -7.86224985 ], [ 113.33783722, -7.86240005 ], [ 113.33740234, -7.86246014 ], [ 113.33695984, -7.86253023 ], [ 113.33653259, -7.86257648 ], [ 113.33641052, -7.86258984 ], [ 113.33566284, -7.86268997 ], [ 113.33548737, -7.86271 ], [ 113.3343811, -7.86281013 ], [ 113.33383942, -7.86290979 ], [ 113.33334351, -7.86299992 ], [ 113.33235168, -7.8632102 ], [ 113.33139038, -7.86327982 ], [ 113.33123016, -7.86285019 ], [ 113.33119202, -7.86267853 ], [ 113.33100128, -7.86188984 ], [ 113.33071899, -7.86069012 ], [ 113.33061981, -7.86025 ], [ 113.33045959, -7.85938978 ], [ 113.33029938, -7.85853004 ], [ 113.33011627, -7.85743999 ], [ 113.33007813, -7.85718012 ], [ 113.33003998, -7.85693979 ], [ 113.33000946, -7.85679007 ], [ 113.32997894, -7.85671997 ], [ 113.32997131, -7.85664511 ], [ 113.32994843, -7.85648012 ], [ 113.32981873, -7.85588264 ], [ 113.32969666, -7.85531378 ], [ 113.32965851, -7.8551302 ], [ 113.32929993, -7.85386992 ], [ 113.32926178, -7.85373259 ], [ 113.32904816, -7.85297012 ], [ 113.32919312, -7.85298014 ], [ 113.3296814, -7.8530302 ], [ 113.32967377, -7.85323 ], [ 113.33045959, -7.85334015 ], [ 113.3312912, -7.85342598 ], [ 113.33152008, -7.85344982 ], [ 113.33144379, -7.85305023 ], [ 113.33145142, -7.85268021 ], [ 113.33151245, -7.85185003 ], [ 113.33154297, -7.85125017 ], [ 113.33174133, -7.85047007 ], [ 113.33178711, -7.85020018 ], [ 113.33181, -7.84977007 ], [ 113.33182526, -7.84954357 ], [ 113.33184052, -7.84925985 ], [ 113.33185577, -7.84895229 ], [ 113.33187866, -7.84849977 ], [ 113.33193207, -7.84809017 ], [ 113.33200073, -7.84791994 ], [ 113.3321991, -7.84768009 ], [ 113.33226776, -7.84761 ], [ 113.3330307, -7.84688997 ], [ 113.33338165, -7.84660006 ], [ 113.33384705, -7.84626007 ], [ 113.33418274, -7.84595013 ], [ 113.33448792, -7.84563017 ], [ 113.3351593, -7.84571981 ], [ 113.3360672, -7.84579992 ], [ 113.33734131, -7.84571981 ], [ 113.33847046, -7.84579992 ], [ 113.33889008, -7.84582376 ], [ 113.33917999, -7.84583998 ], [ 113.33979797, -7.84588003 ], [ 113.3409729, -7.84588003 ], [ 113.34207153, -7.84578991 ], [ 113.34277344, -7.84554005 ], [ 113.34274292, -7.84528017 ], [ 113.34288025, -7.84486008 ], [ 113.34282684, -7.8446002 ], [ 113.34288788, -7.84429979 ], [ 113.34291077, -7.84413004 ], [ 113.34282684, -7.84400988 ], [ 113.34274292, -7.84391022 ], [ 113.34274292, -7.84383011 ], [ 113.34287262, -7.84369993 ], [ 113.34300232, -7.84358978 ], [ 113.3430481, -7.84337997 ], [ 113.34300995, -7.84320021 ], [ 113.34288788, -7.84300995 ], [ 113.34279633, -7.84293985 ], [ 113.34262848, -7.84299994 ], [ 113.34243774, -7.84311008 ], [ 113.34230804, -7.84313011 ], [ 113.3421936, -7.84307003 ], [ 113.3421402, -7.84274006 ], [ 113.34197998, -7.84240675 ], [ 113.34188843, -7.84221983 ], [ 113.34184265, -7.84208012 ], [ 113.34183502, -7.84192371 ], [ 113.34181976, -7.84165001 ], [ 113.34171295, -7.84145021 ], [ 113.34165955, -7.84120321 ], [ 113.34152222, -7.84107876 ], [ 113.34141541, -7.84102678 ], [ 113.34127045, -7.84100676 ], [ 113.34107971, -7.84098673 ], [ 113.34062958, -7.84113646 ], [ 113.33999634, -7.84141302 ], [ 113.33946228, -7.84186792 ], [ 113.33930206, -7.84194279 ], [ 113.33905029, -7.8419323 ], [ 113.33885193, -7.84192419 ], [ 113.33869934, -7.84196806 ], [ 113.33847809, -7.84201002 ], [ 113.33827209, -7.84194851 ], [ 113.33805847, -7.84178114 ], [ 113.33752441, -7.84134293 ], [ 113.33694458, -7.84089375 ], [ 113.33666229, -7.8406539 ], [ 113.33621216, -7.84047747 ], [ 113.33535767, -7.84007215 ], [ 113.33485413, -7.84000158 ], [ 113.33380127, -7.8396616 ], [ 113.33231354, -7.83917809 ], [ 113.33032227, -7.83853388 ], [ 113.3297348, -7.83830595 ], [ 113.32949066, -7.83818102 ], [ 113.32859802, -7.83761835 ], [ 113.32847595, -7.83753252 ], [ 113.32733154, -7.83672142 ], [ 113.3269577, -7.83643961 ], [ 113.32683563, -7.83637714 ], [ 113.32675171, -7.83639812 ], [ 113.32643127, -7.83649492 ], [ 113.32641602, -7.83590651 ], [ 113.32637787, -7.8348341 ], [ 113.32636261, -7.83407736 ], [ 113.32631683, -7.83340597 ], [ 113.32657623, -7.83342981 ], [ 113.32649994, -7.83268023 ], [ 113.32637024, -7.83227015 ], [ 113.32610321, -7.83155012 ], [ 113.32588959, -7.8310709 ], [ 113.32536316, -7.82991123 ], [ 113.32492828, -7.82895994 ], [ 113.32711029, -7.82937002 ], [ 113.32727051, -7.82890987 ], [ 113.32758331, -7.82832003 ], [ 113.32852173, -7.82590008 ], [ 113.32884216, -7.82507992 ], [ 113.32907867, -7.82444191 ], [ 113.32927704, -7.82315016 ], [ 113.32933807, -7.82292318 ], [ 113.32936859, -7.82278013 ], [ 113.32975006, -7.82285023 ], [ 113.32984924, -7.82252979 ], [ 113.33039093, -7.82266998 ], [ 113.33049774, -7.82238007 ], [ 113.33058167, -7.82234383 ], [ 113.33126068, -7.82075167 ], [ 113.33113098, -7.82048988 ], [ 113.33098602, -7.82001209 ], [ 113.33078766, -7.8197298 ], [ 113.33055878, -7.8194499 ], [ 113.33049011, -7.81931019 ], [ 113.330513, -7.81905985 ], [ 113.33054352, -7.81887007 ], [ 113.33049774, -7.8187499 ], [ 113.33023071, -7.81864977 ], [ 113.3298111, -7.81817007 ], [ 113.32942963, -7.81791019 ], [ 113.32924652, -7.81783009 ], [ 113.32907104, -7.81778002 ], [ 113.32888794, -7.81768847 ], [ 113.32872009, -7.81759357 ], [ 113.32842255, -7.81738997 ], [ 113.32830048, -7.81724024 ], [ 113.32823181, -7.8171401 ], [ 113.32807159, -7.81711006 ], [ 113.32787323, -7.81705999 ], [ 113.3274231, -7.81676006 ], [ 113.32720947, -7.8167367 ], [ 113.32688141, -7.81669998 ], [ 113.32672119, -7.81667852 ], [ 113.32653046, -7.81662989 ], [ 113.32640076, -7.81653023 ], [ 113.32628632, -7.81638002 ], [ 113.32605743, -7.81630993 ], [ 113.32594299, -7.8162775 ], [ 113.32585144, -7.81619501 ], [ 113.32565308, -7.81607771 ], [ 113.32548523, -7.81603718 ], [ 113.32539368, -7.81597757 ], [ 113.32529449, -7.81591797 ], [ 113.32512665, -7.81581306 ], [ 113.3249054, -7.81570339 ], [ 113.32481384, -7.81565762 ], [ 113.32473755, -7.81548262 ], [ 113.32457733, -7.8154006 ], [ 113.32454681, -7.81527615 ], [ 113.32444763, -7.81510592 ], [ 113.32424927, -7.81495047 ], [ 113.32409668, -7.81484509 ], [ 113.32398987, -7.8148365 ], [ 113.32392883, -7.81487799 ], [ 113.32381439, -7.81483269 ], [ 113.32373047, -7.8147316 ], [ 113.32369995, -7.81466246 ], [ 113.32366943, -7.8145566 ], [ 113.32360077, -7.81443262 ], [ 113.32352448, -7.81436825 ], [ 113.32345581, -7.81427002 ], [ 113.32359314, -7.81410122 ], [ 113.32443237, -7.81432772 ], [ 113.32449341, -7.81406498 ], [ 113.32460022, -7.81378078 ], [ 113.32485962, -7.81371641 ], [ 113.3249588, -7.81360006 ], [ 113.32517242, -7.81340981 ], [ 113.32530212, -7.81332541 ], [ 113.32546234, -7.81332445 ], [ 113.32553101, -7.81326103 ], [ 113.32557678, -7.81307173 ], [ 113.32566071, -7.81278753 ], [ 113.32581329, -7.81258726 ], [ 113.32587433, -7.81252384 ], [ 113.32569885, -7.81228304 ], [ 113.32556915, -7.81210518 ], [ 113.32556915, -7.81192684 ], [ 113.32571411, -7.81183052 ], [ 113.32592773, -7.81185293 ], [ 113.32592773, -7.81156015 ], [ 113.32594299, -7.8113699 ], [ 113.32621765, -7.80972004 ], [ 113.32624817, -7.80932999 ], [ 113.32621765, -7.80906487 ], [ 113.32620239, -7.80889988 ], [ 113.32617188, -7.80865002 ], [ 113.32610321, -7.8085041 ], [ 113.32627869, -7.80850983 ], [ 113.32662964, -7.80852985 ], [ 113.32702637, -7.80855989 ], [ 113.32745361, -7.80857992 ], [ 113.32797241, -7.80865002 ], [ 113.32811737, -7.80867004 ], [ 113.32855225, -7.80870008 ], [ 113.32875061, -7.80872011 ], [ 113.32885742, -7.80874014 ], [ 113.32922363, -7.80878019 ], [ 113.32951355, -7.80880022 ], [ 113.32969666, -7.80881119 ], [ 113.33138275, -7.80890989 ], [ 113.33164978, -7.80890989 ], [ 113.33227539, -7.80890989 ], [ 113.3323822, -7.80890989 ], [ 113.33338928, -7.80889988 ], [ 113.33461761, -7.80862999 ], [ 113.3347168, -7.80783987 ], [ 113.33470917, -7.8076601 ], [ 113.33453369, -7.80742979 ], [ 113.33442688, -7.80723 ], [ 113.3344574, -7.80653 ], [ 113.33441925, -7.80628014 ], [ 113.33432007, -7.80604982 ], [ 113.33413696, -7.80585003 ], [ 113.33396912, -7.80561018 ], [ 113.33379364, -7.80530977 ], [ 113.33361053, -7.80501986 ], [ 113.33352661, -7.80489016 ], [ 113.33351898, -7.8046999 ], [ 113.33345795, -7.80454016 ], [ 113.3334198, -7.80443001 ], [ 113.33361053, -7.80414009 ], [ 113.3336792, -7.80357981 ], [ 113.33371735, -7.80338001 ], [ 113.33377075, -7.80319977 ], [ 113.33377075, -7.80283022 ], [ 113.3343277, -7.80282021 ], [ 113.3350296, -7.80284977 ], [ 113.33595276, -7.80284977 ], [ 113.33683014, -7.80299997 ], [ 113.33785248, -7.8032198 ], [ 113.33882141, -7.80335951 ], [ 113.33946991, -7.80351067 ], [ 113.33995819, -7.80362988 ], [ 113.34040833, -7.80373812 ], [ 113.34117126, -7.80391979 ], [ 113.34143066, -7.80398226 ], [ 113.34159088, -7.80401993 ], [ 113.3422699, -7.80424023 ], [ 113.34281158, -7.80438137 ], [ 113.34307098, -7.80445004 ], [ 113.34366608, -7.80467939 ], [ 113.3438797, -7.80475998 ], [ 113.34533691, -7.80530548 ], [ 113.34602356, -7.80556011 ], [ 113.34619141, -7.80571985 ], [ 113.34739685, -7.80681992 ], [ 113.34832764, -7.80727005 ], [ 113.34866333, -7.80706978 ], [ 113.34879303, -7.80698013 ], [ 113.34886169, -7.80686998 ], [ 113.34884644, -7.80656004 ], [ 113.34873962, -7.80622005 ], [ 113.34868622, -7.80604982 ], [ 113.34874725, -7.80580997 ], [ 113.34877014, -7.80573606 ], [ 113.34880066, -7.80564022 ], [ 113.34879303, -7.80548 ], [ 113.34858704, -7.8052001 ], [ 113.3484726, -7.80500984 ], [ 113.3484726, -7.80491018 ], [ 113.34860229, -7.80461979 ], [ 113.34867859, -7.80446005 ], [ 113.34877777, -7.80425978 ], [ 113.34880066, -7.80407 ], [ 113.34883881, -7.80363989 ], [ 113.34877014, -7.80289984 ], [ 113.34870148, -7.80263996 ], [ 113.34866333, -7.80250978 ], [ 113.34854889, -7.80222988 ], [ 113.34854889, -7.80187988 ], [ 113.34860992, -7.80148983 ], [ 113.34861755, -7.80140018 ], [ 113.34850311, -7.80121994 ], [ 113.3483963, -7.80107021 ], [ 113.34841156, -7.80089998 ], [ 113.34838867, -7.80079985 ], [ 113.34832764, -7.80065012 ], [ 113.34838867, -7.80041981 ], [ 113.34838104, -7.80034018 ], [ 113.34866333, -7.80039263 ], [ 113.34874725, -7.80040836 ], [ 113.34934235, -7.80040979 ], [ 113.34968567, -7.80040979 ], [ 113.3500824, -7.80040979 ], [ 113.35067749, -7.8004179 ], [ 113.35085297, -7.80041981 ], [ 113.35176086, -7.80045414 ], [ 113.35218811, -7.80046988 ], [ 113.35251617, -7.80049467 ], [ 113.35266876, -7.80050611 ], [ 113.35298157, -7.80052996 ], [ 113.35310364, -7.80053282 ], [ 113.35394287, -7.80054998 ], [ 113.35521698, -7.80060005 ], [ 113.35617065, -7.80060005 ], [ 113.35627747, -7.80059004 ], [ 113.35688782, -7.80052996 ], [ 113.35710144, -7.80031013 ], [ 113.3572464, -7.79988003 ], [ 113.35727692, -7.79965019 ], [ 113.35732269, -7.79921007 ], [ 113.3574295, -7.79843998 ], [ 113.35748291, -7.79773998 ], [ 113.35752869, -7.79712009 ], [ 113.35755157, -7.79693699 ], [ 113.35765076, -7.79615021 ], [ 113.35753632, -7.79583979 ], [ 113.35771179, -7.79539013 ], [ 113.35788727, -7.7948699 ], [ 113.35813904, -7.79441357 ], [ 113.35822296, -7.79426003 ], [ 113.35852051, -7.79389 ], [ 113.35899353, -7.79354525 ], [ 113.35980225, -7.79296017 ], [ 113.36051941, -7.79269981 ], [ 113.36112976, -7.79253006 ], [ 113.36168671, -7.79249334 ], [ 113.36248779, -7.79243994 ], [ 113.36273193, -7.79234982 ], [ 113.36286163, -7.79231024 ], [ 113.36315918, -7.79231024 ], [ 113.36327362, -7.79231024 ], [ 113.36341858, -7.79249001 ], [ 113.36354065, -7.79262018 ], [ 113.36373138, -7.79269981 ], [ 113.36386871, -7.79277992 ], [ 113.36399078, -7.7929101 ], [ 113.36422729, -7.7933898 ], [ 113.36431885, -7.79362011 ], [ 113.36434174, -7.79385996 ], [ 113.36425018, -7.79417992 ], [ 113.36412811, -7.79443979 ], [ 113.36412048, -7.79460001 ], [ 113.364151, -7.79468012 ], [ 113.36430359, -7.79476976 ], [ 113.3645401, -7.79480982 ], [ 113.3647995, -7.79481983 ], [ 113.36492157, -7.79485989 ], [ 113.36504364, -7.79500008 ], [ 113.36515045, -7.79542017 ], [ 113.36515808, -7.79551077 ], [ 113.36515808, -7.79560995 ], [ 113.36496735, -7.79606009 ], [ 113.36490631, -7.79621983 ], [ 113.36492157, -7.79643011 ], [ 113.36510468, -7.79680967 ], [ 113.36535645, -7.79733992 ], [ 113.36547852, -7.79764652 ], [ 113.3655014, -7.79771996 ], [ 113.36560059, -7.79796982 ], [ 113.3657608, -7.79852009 ], [ 113.36582947, -7.79864407 ], [ 113.3658905, -7.79874992 ], [ 113.36607361, -7.79890013 ], [ 113.36631012, -7.79909992 ], [ 113.36660767, -7.79930019 ], [ 113.36685944, -7.79933977 ], [ 113.36717987, -7.79926014 ], [ 113.36743164, -7.79916 ], [ 113.3675766, -7.79909992 ], [ 113.36778259, -7.7990346 ], [ 113.36785889, -7.7990098 ], [ 113.3682785, -7.79904985 ], [ 113.36844635, -7.79909992 ], [ 113.36862183, -7.79930019 ], [ 113.36871338, -7.79938984 ], [ 113.36885071, -7.79936981 ], [ 113.36907959, -7.79939985 ], [ 113.36921692, -7.79942989 ], [ 113.36949921, -7.79913998 ], [ 113.36956787, -7.79906988 ], [ 113.36971283, -7.79910994 ], [ 113.36984253, -7.79921007 ], [ 113.36991119, -7.79944897 ], [ 113.36994171, -7.79976988 ], [ 113.36988831, -7.80003023 ], [ 113.36981201, -7.80026007 ], [ 113.36981201, -7.80044985 ], [ 113.36988831, -7.80069017 ], [ 113.37024689, -7.80102015 ], [ 113.3706131, -7.80140018 ], [ 113.37085724, -7.80160999 ], [ 113.37109375, -7.80193996 ], [ 113.37113953, -7.80208015 ], [ 113.37110901, -7.80222988 ], [ 113.3710022, -7.80255985 ], [ 113.37106323, -7.80267 ], [ 113.37120819, -7.80278015 ], [ 113.37127686, -7.80288982 ], [ 113.37126923, -7.80297995 ], [ 113.37117767, -7.80308008 ], [ 113.37107086, -7.80324984 ], [ 113.37107086, -7.80339003 ], [ 113.37110138, -7.80385017 ], [ 113.37077332, -7.80467987 ], [ 113.37052917, -7.80533981 ], [ 113.37045288, -7.80568981 ], [ 113.3704071, -7.80607986 ], [ 113.37039185, -7.80626392 ], [ 113.37037659, -7.80638981 ], [ 113.3702774, -7.80650997 ], [ 113.37007904, -7.80666018 ], [ 113.36968231, -7.80694008 ], [ 113.36945343, -7.8073101 ], [ 113.36936951, -7.80755997 ], [ 113.3693161, -7.8076992 ], [ 113.36916351, -7.80812979 ], [ 113.36920166, -7.80826998 ], [ 113.36930084, -7.8083601 ], [ 113.36962128, -7.80857992 ], [ 113.36966705, -7.80873013 ], [ 113.36962891, -7.80886984 ], [ 113.36952209, -7.80895996 ], [ 113.36914825, -7.80922985 ], [ 113.36895752, -7.8094902 ], [ 113.36897278, -7.80963993 ], [ 113.36904907, -7.8098402 ], [ 113.36904907, -7.80997992 ], [ 113.36898041, -7.81011009 ], [ 113.36889648, -7.8103199 ], [ 113.36885834, -7.81056023 ], [ 113.36891174, -7.81088018 ], [ 113.36898041, -7.8112998 ], [ 113.36891174, -7.81141996 ], [ 113.36868286, -7.81165981 ], [ 113.36846924, -7.81177998 ], [ 113.3682785, -7.81191015 ], [ 113.36821747, -7.81203318 ], [ 113.36801147, -7.81261015 ], [ 113.36799622, -7.81281996 ], [ 113.36797333, -7.81313992 ], [ 113.36801147, -7.81349993 ], [ 113.36810303, -7.81362009 ], [ 113.36824036, -7.81365013 ], [ 113.36842346, -7.81372976 ], [ 113.36849213, -7.81391001 ], [ 113.36852264, -7.81411982 ], [ 113.36846924, -7.8143301 ], [ 113.36824036, -7.81496 ], [ 113.3678894, -7.81551981 ], [ 113.36753845, -7.81601 ], [ 113.36756134, -7.81618977 ], [ 113.36763, -7.81642008 ], [ 113.36766052, -7.81661987 ], [ 113.36759186, -7.81676006 ], [ 113.36753845, -7.81685019 ], [ 113.36740112, -7.81711006 ], [ 113.36743927, -7.81724977 ], [ 113.36753082, -7.81734991 ], [ 113.36789703, -7.81770992 ], [ 113.3678894, -7.81786013 ], [ 113.36781311, -7.81809998 ], [ 113.36753845, -7.81865978 ], [ 113.36743927, -7.81887007 ], [ 113.36730957, -7.81904984 ], [ 113.36726379, -7.81929016 ], [ 113.36727142, -7.81948996 ], [ 113.36734009, -7.81965017 ], [ 113.36753082, -7.82001019 ], [ 113.36759186, -7.82012987 ], [ 113.36760712, -7.82033014 ], [ 113.36755371, -7.82058001 ], [ 113.36750031, -7.82088995 ], [ 113.36753845, -7.82105017 ], [ 113.36799622, -7.82089996 ], [ 113.36897278, -7.82090998 ], [ 113.36972046, -7.82087994 ], [ 113.36995697, -7.82086992 ], [ 113.37021637, -7.82083988 ], [ 113.37049866, -7.82081985 ], [ 113.37068939, -7.82079363 ], [ 113.37078857, -7.8207798 ], [ 113.37084198, -7.82067823 ], [ 113.37097931, -7.82038021 ], [ 113.37100983, -7.82001019 ], [ 113.37103271, -7.81957006 ], [ 113.37126923, -7.81860018 ], [ 113.37159729, -7.81842995 ], [ 113.37203217, -7.81844997 ], [ 113.37271881, -7.81847 ], [ 113.37319946, -7.81857014 ], [ 113.37343597, -7.81878948 ], [ 113.37349701, -7.81885004 ], [ 113.37359619, -7.81921005 ], [ 113.37373352, -7.82023001 ], [ 113.37381744, -7.8208499 ], [ 113.37393951, -7.82150984 ], [ 113.37404633, -7.82162952 ], [ 113.37483978, -7.82250023 ], [ 113.375, -7.82240009 ], [ 113.37521362, -7.82254982 ], [ 113.37570953, -7.82268 ], [ 113.37640381, -7.82290983 ], [ 113.37662506, -7.82296562 ], [ 113.37696838, -7.82305002 ], [ 113.37773895, -7.82320023 ], [ 113.37809753, -7.82327223 ], [ 113.37828064, -7.8233099 ], [ 113.37892914, -7.82338667 ], [ 113.37921143, -7.82342005 ], [ 113.37966919, -7.82344007 ], [ 113.38037872, -7.82343006 ], [ 113.38092041, -7.82340002 ], [ 113.38114929, -7.82325983 ], [ 113.38124847, -7.8231101 ], [ 113.38140869, -7.8228302 ], [ 113.38157654, -7.82250023 ], [ 113.38169098, -7.82253981 ], [ 113.38175201, -7.82258987 ], [ 113.38186646, -7.82273006 ], [ 113.38191986, -7.82279015 ], [ 113.38204956, -7.82285023 ], [ 113.38215637, -7.82284021 ], [ 113.38234711, -7.82242012 ], [ 113.38243103, -7.82219982 ], [ 113.38252258, -7.82202005 ], [ 113.38252258, -7.82186985 ], [ 113.38243866, -7.82167006 ], [ 113.38243866, -7.8214798 ], [ 113.38247681, -7.82136011 ], [ 113.3825531, -7.82130003 ], [ 113.38262939, -7.82123995 ], [ 113.38310242, -7.82110977 ], [ 113.3832016, -7.82107019 ], [ 113.38339996, -7.82062006 ], [ 113.38343048, -7.82053995 ], [ 113.38353729, -7.82039022 ], [ 113.38374329, -7.82015991 ], [ 113.38382721, -7.82004976 ], [ 113.38404846, -7.81977987 ], [ 113.38414001, -7.81962013 ], [ 113.38423157, -7.81892014 ], [ 113.38433838, -7.81850004 ], [ 113.38465118, -7.8183198 ], [ 113.38500214, -7.81814003 ], [ 113.38551331, -7.81800985 ], [ 113.38591766, -7.81795979 ], [ 113.38635254, -7.81795979 ], [ 113.38653564, -7.81797075 ], [ 113.38680267, -7.81798553 ], [ 113.38687897, -7.81798983 ], [ 113.38722992, -7.81807995 ], [ 113.38787079, -7.81788015 ], [ 113.38803101, -7.81782007 ], [ 113.38831329, -7.8176899 ], [ 113.3890686, -7.81746006 ], [ 113.3896637, -7.81730318 ], [ 113.39092255, -7.81697989 ], [ 113.39096832, -7.8171401 ], [ 113.39100647, -7.81728983 ], [ 113.39111328, -7.81737995 ], [ 113.39131927, -7.81747007 ], [ 113.39147949, -7.81765985 ], [ 113.3915863, -7.81786013 ], [ 113.39161682, -7.81800985 ], [ 113.39148712, -7.81823015 ], [ 113.39144897, -7.81829977 ], [ 113.39150238, -7.81837988 ], [ 113.39176941, -7.81842995 ], [ 113.39190674, -7.81842995 ], [ 113.39203644, -7.81852007 ], [ 113.39217377, -7.81884003 ], [ 113.39224243, -7.81901979 ], [ 113.39235687, -7.81912994 ], [ 113.39243317, -7.81908989 ], [ 113.39305115, -7.81917 ], [ 113.39320374, -7.81922007 ], [ 113.39350128, -7.81953001 ], [ 113.39372253, -7.81975985 ], [ 113.39385986, -7.81978989 ], [ 113.39405823, -7.81961012 ], [ 113.39424133, -7.81942987 ], [ 113.39437103, -7.81936979 ], [ 113.39450836, -7.81936979 ], [ 113.39459991, -7.81942987 ], [ 113.39459229, -7.81954002 ], [ 113.39450073, -7.81974983 ], [ 113.39450073, -7.81985998 ], [ 113.39454651, -7.81994009 ], [ 113.39478302, -7.82000017 ], [ 113.39478302, -7.82026005 ], [ 113.39478302, -7.8203702 ], [ 113.39498138, -7.82038021 ], [ 113.39508057, -7.8203702 ], [ 113.39518738, -7.82045984 ], [ 113.3952713, -7.82067013 ], [ 113.3953476, -7.82075977 ], [ 113.39575195, -7.82075024 ], [ 113.39586639, -7.8207798 ], [ 113.39601135, -7.82094002 ], [ 113.39607239, -7.82110977 ], [ 113.39608002, -7.82153988 ], [ 113.39604187, -7.82172012 ], [ 113.39595032, -7.82185984 ], [ 113.39569092, -7.82198 ], [ 113.3955307, -7.82205009 ], [ 113.39544678, -7.82212019 ], [ 113.39541626, -7.8222599 ], [ 113.39546967, -7.82241011 ], [ 113.3956604, -7.82264996 ], [ 113.3959198, -7.8228302 ], [ 113.39592743, -7.82250023 ], [ 113.39592743, -7.82236004 ], [ 113.39600372, -7.8222599 ], [ 113.39617157, -7.82222986 ], [ 113.3963089, -7.82224989 ], [ 113.3964386, -7.82235003 ], [ 113.39653015, -7.8224802 ], [ 113.39655304, -7.82261992 ], [ 113.39611053, -7.82298994 ], [ 113.39585114, -7.8233099 ], [ 113.3957901, -7.82343006 ], [ 113.39604187, -7.82367992 ], [ 113.39624786, -7.82391024 ], [ 113.39640808, -7.82415009 ], [ 113.39646912, -7.82420015 ], [ 113.39659882, -7.82411003 ], [ 113.39676666, -7.82394981 ], [ 113.39692688, -7.82389021 ], [ 113.39714813, -7.8238802 ], [ 113.39724731, -7.82391977 ], [ 113.39730835, -7.82405996 ], [ 113.39730072, -7.82421017 ], [ 113.39685059, -7.82465982 ], [ 113.3967514, -7.82479 ], [ 113.3967514, -7.82487011 ], [ 113.39685822, -7.82496023 ], [ 113.39707947, -7.82493019 ], [ 113.39718628, -7.82492018 ], [ 113.39777374, -7.82530022 ], [ 113.39785767, -7.82538986 ], [ 113.39790344, -7.82549 ], [ 113.39756775, -7.82557011 ], [ 113.3974762, -7.82560015 ], [ 113.39746857, -7.82588005 ], [ 113.39766693, -7.82656002 ], [ 113.39771271, -7.82672977 ], [ 113.39766693, -7.82690001 ], [ 113.39753723, -7.82705021 ], [ 113.39743042, -7.8271699 ], [ 113.3973999, -7.82725 ], [ 113.39759064, -7.82727003 ], [ 113.39778137, -7.82718992 ], [ 113.39787292, -7.82718992 ], [ 113.39797974, -7.82740021 ], [ 113.39806366, -7.82755995 ], [ 113.39817047, -7.8276701 ], [ 113.39836121, -7.82762003 ], [ 113.39845276, -7.82742977 ], [ 113.39846039, -7.82707977 ], [ 113.39846802, -7.82688999 ], [ 113.39852142, -7.82676983 ], [ 113.39884949, -7.82701015 ], [ 113.39894104, -7.82707024 ], [ 113.39919281, -7.82687998 ], [ 113.39927673, -7.82680988 ], [ 113.39935303, -7.82680988 ], [ 113.39949799, -7.82725 ], [ 113.39954376, -7.82738018 ], [ 113.39974213, -7.82742023 ], [ 113.39993286, -7.82751989 ], [ 113.40010071, -7.82777977 ], [ 113.4002533, -7.82805014 ], [ 113.40039825, -7.82819986 ], [ 113.40073395, -7.82831907 ], [ 113.40081787, -7.82835007 ], [ 113.40097046, -7.82842016 ], [ 113.40107727, -7.82852983 ], [ 113.40112305, -7.82888985 ], [ 113.40110016, -7.82905006 ], [ 113.40093994, -7.82929993 ], [ 113.40049744, -7.8295598 ], [ 113.40033722, -7.82964993 ], [ 113.40019989, -7.82981014 ], [ 113.40016174, -7.82991982 ], [ 113.40022278, -7.83006001 ], [ 113.40055084, -7.83050013 ], [ 113.40059662, -7.83062983 ], [ 113.40058899, -7.83071995 ], [ 113.40052795, -7.83077002 ], [ 113.40016174, -7.83058023 ], [ 113.40000916, -7.83049011 ], [ 113.39993286, -7.83049011 ], [ 113.39984894, -7.83058977 ], [ 113.39981842, -7.83072996 ], [ 113.39988708, -7.83100986 ], [ 113.4000473, -7.83123016 ], [ 113.40029144, -7.83140993 ], [ 113.40042877, -7.83151007 ], [ 113.40046692, -7.83177996 ], [ 113.40042877, -7.83203983 ], [ 113.400383, -7.83213997 ], [ 113.40020752, -7.83211994 ], [ 113.40000153, -7.83205986 ], [ 113.3999176, -7.83206987 ], [ 113.39987183, -7.83220005 ], [ 113.39987946, -7.83234978 ], [ 113.40007019, -7.83255005 ], [ 113.400177, -7.83267021 ], [ 113.40020752, -7.83276987 ], [ 113.40009308, -7.83295012 ], [ 113.40000153, -7.83304977 ], [ 113.39993286, -7.83403015 ], [ 113.39974976, -7.83469009 ], [ 113.39971161, -7.8348999 ], [ 113.3997879, -7.83515882 ], [ 113.39985657, -7.83538008 ], [ 113.39988708, -7.83561993 ], [ 113.39981079, -7.83615017 ], [ 113.39978027, -7.83641005 ], [ 113.40006256, -7.83689022 ], [ 113.40013123, -7.83701992 ], [ 113.39994812, -7.83735991 ], [ 113.39988708, -7.83747005 ], [ 113.40003204, -7.83761978 ], [ 113.40009308, -7.83769989 ], [ 113.40003967, -7.83781004 ], [ 113.39990234, -7.83795023 ], [ 113.39971161, -7.83803988 ], [ 113.39904022, -7.83834982 ], [ 113.39877319, -7.83846998 ], [ 113.39871979, -7.83860016 ], [ 113.39884186, -7.83887005 ], [ 113.39888, -7.83911991 ], [ 113.39875793, -7.83997011 ], [ 113.39868927, -7.84034014 ], [ 113.39861298, -7.84048986 ], [ 113.39852142, -7.84054995 ], [ 113.39840698, -7.84054995 ], [ 113.3981781, -7.84034014 ], [ 113.39810181, -7.84028006 ], [ 113.39797974, -7.84030008 ], [ 113.39775085, -7.84047985 ], [ 113.39762115, -7.84065008 ], [ 113.39756775, -7.84083986 ], [ 113.39756775, -7.84101009 ], [ 113.39781189, -7.84152985 ], [ 113.39784241, -7.84168005 ], [ 113.39766693, -7.84208012 ], [ 113.39756775, -7.84216022 ], [ 113.39668274, -7.8426199 ], [ 113.39621735, -7.84266996 ], [ 113.39596558, -7.84266996 ], [ 113.39556122, -7.84266996 ], [ 113.39491272, -7.84264994 ], [ 113.39453125, -7.84256983 ], [ 113.39420319, -7.84250021 ], [ 113.39344025, -7.84230995 ], [ 113.39334869, -7.84227991 ], [ 113.39302063, -7.84216976 ], [ 113.39292145, -7.8421402 ], [ 113.39247894, -7.84194994 ], [ 113.39218903, -7.84183979 ], [ 113.39157867, -7.8414402 ], [ 113.3914566, -7.84134007 ], [ 113.39128876, -7.84117079 ], [ 113.39103699, -7.84091997 ], [ 113.39054108, -7.84044981 ], [ 113.39047241, -7.84038067 ], [ 113.39041901, -7.84033012 ], [ 113.38989258, -7.83979988 ], [ 113.38974762, -7.83957005 ], [ 113.38912201, -7.83887005 ], [ 113.38900757, -7.83862019 ], [ 113.38874054, -7.83822012 ], [ 113.38858032, -7.83795977 ], [ 113.38841248, -7.83767986 ], [ 113.38829803, -7.83743 ], [ 113.38818359, -7.83709002 ], [ 113.3881073, -7.83694983 ], [ 113.38807678, -7.83687019 ], [ 113.38794708, -7.83658981 ], [ 113.38790894, -7.83644009 ], [ 113.38786316, -7.83601999 ], [ 113.38780975, -7.83544016 ], [ 113.38780212, -7.83517981 ], [ 113.38777161, -7.83463001 ], [ 113.38768768, -7.83459997 ], [ 113.38746643, -7.83451939 ], [ 113.38739014, -7.83450985 ], [ 113.38710022, -7.83447981 ], [ 113.38697052, -7.83447981 ], [ 113.38657379, -7.83452988 ], [ 113.38641357, -7.8345499 ], [ 113.38626099, -7.83459997 ], [ 113.38607788, -7.83459997 ], [ 113.3859787, -7.83466005 ], [ 113.3857193, -7.83461809 ], [ 113.38548279, -7.83457994 ], [ 113.38516998, -7.83453989 ], [ 113.3852005, -7.83410978 ], [ 113.38263702, -7.83386993 ], [ 113.3821106, -7.8330102 ], [ 113.38192749, -7.83304024 ], [ 113.38174438, -7.83306646 ], [ 113.38143921, -7.83310986 ], [ 113.3811264, -7.83303022 ], [ 113.38092804, -7.83296013 ], [ 113.38052368, -7.83291006 ], [ 113.38001251, -7.83287001 ], [ 113.37930298, -7.83282995 ], [ 113.37859344, -7.83276987 ], [ 113.37814331, -7.83267879 ], [ 113.37805176, -7.8326602 ], [ 113.37795258, -7.83265018 ], [ 113.3776474, -7.83252001 ], [ 113.37741852, -7.83233976 ], [ 113.3771286, -7.83213997 ], [ 113.37680054, -7.83207989 ], [ 113.37658691, -7.83207989 ], [ 113.37628174, -7.83228016 ], [ 113.37613678, -7.83248997 ], [ 113.37612152, -7.83271456 ], [ 113.37612152, -7.8327899 ], [ 113.37628174, -7.83309984 ], [ 113.37645721, -7.83325005 ], [ 113.37651062, -7.83345985 ], [ 113.37644958, -7.83369017 ], [ 113.37619019, -7.83386993 ], [ 113.3760376, -7.83391047 ], [ 113.37581635, -7.83397007 ], [ 113.37535095, -7.83397007 ], [ 113.375, -7.83394003 ], [ 113.3747406, -7.83398008 ], [ 113.3744812, -7.83410978 ], [ 113.37438965, -7.83423996 ], [ 113.3743515, -7.8344698 ], [ 113.37438965, -7.83472013 ], [ 113.37461853, -7.83517981 ], [ 113.37483978, -7.8355999 ], [ 113.375, -7.83584976 ], [ 113.37526703, -7.83643007 ], [ 113.37538147, -7.83695984 ], [ 113.37541962, -7.83733606 ], [ 113.37542725, -7.83747005 ], [ 113.37542725, -7.83783007 ], [ 113.37535095, -7.83809996 ], [ 113.37523651, -7.83831978 ], [ 113.37510681, -7.83849001 ], [ 113.37512207, -7.83865023 ], [ 113.37522125, -7.83901978 ], [ 113.37545776, -7.83931017 ], [ 113.37586212, -7.83968019 ], [ 113.37664795, -7.84018993 ], [ 113.37722778, -7.8405385 ], [ 113.37734985, -7.84061003 ], [ 113.37760925, -7.8407979 ], [ 113.37783813, -7.84097004 ], [ 113.3780365, -7.84111023 ], [ 113.37847137, -7.84139013 ], [ 113.37858582, -7.84143639 ], [ 113.37872314, -7.84148979 ], [ 113.37879944, -7.84151983 ], [ 113.37906647, -7.84159994 ], [ 113.37934875, -7.84165001 ], [ 113.37998962, -7.84173012 ], [ 113.38072968, -7.84188986 ], [ 113.38083649, -7.8419199 ], [ 113.38143921, -7.84209013 ], [ 113.38183594, -7.84219456 ], [ 113.38215637, -7.84227991 ], [ 113.38276672, -7.84250021 ], [ 113.38342285, -7.84279013 ], [ 113.38361359, -7.84286022 ], [ 113.38406372, -7.84303999 ], [ 113.38452911, -7.84327984 ], [ 113.38476563, -7.84338617 ], [ 113.38522339, -7.84358978 ], [ 113.38562775, -7.84394979 ], [ 113.38581848, -7.84427023 ], [ 113.38607025, -7.84471989 ], [ 113.38600922, -7.84519005 ], [ 113.38587189, -7.84553003 ], [ 113.38581848, -7.8457098 ], [ 113.38591003, -7.84597015 ], [ 113.38600922, -7.84646988 ], [ 113.38606262, -7.84671021 ], [ 113.38620758, -7.84717989 ], [ 113.38627625, -7.84757996 ], [ 113.38643646, -7.84789991 ], [ 113.38652802, -7.84808016 ], [ 113.38683319, -7.84859991 ], [ 113.38691711, -7.84900236 ], [ 113.38697815, -7.84931993 ], [ 113.38726807, -7.84953022 ], [ 113.38735962, -7.84962988 ], [ 113.38745117, -7.84975004 ], [ 113.38764954, -7.84982014 ], [ 113.38783264, -7.84997988 ], [ 113.38800812, -7.8503499 ], [ 113.38818359, -7.85071993 ], [ 113.38825226, -7.85101986 ], [ 113.38835144, -7.85113001 ], [ 113.38852692, -7.85124016 ], [ 113.38878632, -7.85148001 ], [ 113.38909912, -7.85183001 ], [ 113.38934326, -7.8520999 ], [ 113.3894577, -7.85219002 ], [ 113.38980103, -7.85244989 ], [ 113.39003754, -7.85264015 ], [ 113.39015198, -7.85280991 ], [ 113.39044952, -7.85326004 ], [ 113.39079285, -7.85370016 ], [ 113.39099121, -7.85402012 ], [ 113.39121246, -7.8543601 ], [ 113.3914032, -7.85449982 ], [ 113.39186096, -7.85459995 ], [ 113.39198303, -7.85467005 ], [ 113.39208984, -7.85477018 ], [ 113.39243317, -7.8552599 ], [ 113.39279175, -7.85578012 ], [ 113.39295197, -7.85606003 ], [ 113.39305115, -7.85635996 ], [ 113.39318085, -7.85671997 ], [ 113.39324188, -7.85687017 ], [ 113.39334869, -7.85707998 ], [ 113.39357758, -7.85721016 ], [ 113.39373779, -7.8573699 ], [ 113.39382935, -7.85753012 ], [ 113.39391327, -7.85769987 ], [ 113.39408112, -7.85804987 ], [ 113.39424133, -7.85840988 ], [ 113.39432526, -7.85857391 ], [ 113.39440155, -7.85870981 ], [ 113.39453125, -7.8589201 ], [ 113.39459229, -7.85901022 ], [ 113.39467621, -7.85932016 ], [ 113.39483643, -7.85988998 ], [ 113.3948822, -7.86019993 ], [ 113.39486694, -7.86054993 ], [ 113.39479828, -7.8608799 ], [ 113.3947525, -7.86123991 ], [ 113.39472198, -7.86155987 ], [ 113.3947525, -7.86188984 ], [ 113.39481354, -7.86217022 ], [ 113.39485168, -7.8625102 ], [ 113.39479065, -7.86275005 ], [ 113.39466858, -7.86311007 ], [ 113.39450073, -7.86341 ], [ 113.39445496, -7.86347961 ], [ 113.39427948, -7.86373997 ], [ 113.39404297, -7.86397982 ], [ 113.39376831, -7.86424017 ], [ 113.39337158, -7.86452007 ], [ 113.39295197, -7.86483002 ], [ 113.39266968, -7.86509991 ], [ 113.39244843, -7.86534977 ], [ 113.39228058, -7.86566019 ], [ 113.39212799, -7.86594009 ], [ 113.39196014, -7.86631012 ], [ 113.39179993, -7.8666501 ], [ 113.39164734, -7.86693001 ], [ 113.3914566, -7.86724997 ], [ 113.39125824, -7.86745977 ], [ 113.39099884, -7.86775017 ], [ 113.39058685, -7.86821985 ], [ 113.39025879, -7.86865997 ], [ 113.38986206, -7.86915016 ], [ 113.38954163, -7.86949015 ], [ 113.38931274, -7.86960983 ], [ 113.38919067, -7.8696599 ], [ 113.38907623, -7.86968994 ], [ 113.38898468, -7.86971521 ], [ 113.38883209, -7.86976004 ], [ 113.38777161, -7.87003994 ], [ 113.38764954, -7.87006998 ], [ 113.38736725, -7.87010002 ], [ 113.3870163, -7.87014008 ], [ 113.3868866, -7.87015009 ], [ 113.38674164, -7.87017012 ], [ 113.38651276, -7.87020016 ], [ 113.38587189, -7.8702302 ], [ 113.38519287, -7.87025976 ], [ 113.38494873, -7.87025976 ], [ 113.38439178, -7.87024021 ], [ 113.38423157, -7.8702302 ], [ 113.38411713, -7.87022018 ], [ 113.3841629, -7.86962986 ], [ 113.38414001, -7.86948013 ], [ 113.38404846, -7.86885977 ], [ 113.38394928, -7.86868 ], [ 113.38381195, -7.86861992 ], [ 113.3835907, -7.86859989 ], [ 113.38332367, -7.86855984 ], [ 113.38320923, -7.86844015 ], [ 113.38321686, -7.86834002 ], [ 113.38330841, -7.86809015 ], [ 113.38352203, -7.86748981 ], [ 113.38346863, -7.86731005 ], [ 113.38317871, -7.86682987 ], [ 113.38230133, -7.86682987 ], [ 113.38162231, -7.86690998 ], [ 113.38114166, -7.86699009 ], [ 113.38050842, -7.86708021 ], [ 113.37985229, -7.86710978 ], [ 113.37969208, -7.86711979 ], [ 113.37949371, -7.86713982 ], [ 113.37931061, -7.8671298 ], [ 113.37898254, -7.86710978 ], [ 113.37850189, -7.86714983 ], [ 113.37779999, -7.86711979 ], [ 113.37747955, -7.86709023 ], [ 113.37732697, -7.86705017 ], [ 113.37706757, -7.86689091 ], [ 113.37698364, -7.86683989 ], [ 113.37651825, -7.86655998 ], [ 113.3760376, -7.86620998 ], [ 113.37579346, -7.86606979 ], [ 113.37555695, -7.86601019 ], [ 113.37518311, -7.86590862 ], [ 113.375, -7.86585999 ], [ 113.37480927, -7.8657999 ], [ 113.37443542, -7.86574602 ], [ 113.37384033, -7.86566019 ], [ 113.37277985, -7.86562014 ], [ 113.37259674, -7.86563063 ], [ 113.37172699, -7.86568022 ], [ 113.3707962, -7.86569977 ], [ 113.36998749, -7.86572981 ], [ 113.36804962, -7.86591005 ], [ 113.36743927, -7.86608982 ], [ 113.36699677, -7.86629009 ], [ 113.36695099, -7.86662006 ], [ 113.36695862, -7.86690998 ], [ 113.36695862, -7.86721992 ], [ 113.36701202, -7.86761999 ], [ 113.36701202, -7.86772013 ], [ 113.36702728, -7.86780024 ] ] ] ] } },
{ "type": "Feature", "properties": { "GID_0": "IDN", "NAME_0": "Indonesia", "GID_1": "IDN.11_1", "NAME_1": "Jawa Timur", "NL_NAME_1": null, "GID_2": "IDN.11.30_1", "NAME_2": "Probolinggo", "NL_NAME_2": null, "GID_3": "IDN.11.30.15_1", "NAME_3": "Paiton", "VARNAME_3": null, "NL_NAME_3": null, "TYPE_3": "Kecamatan", "ENGTYPE_3": "Sub-district", "CC_3": "3513130", "HASC_3": null }, "geometry": { "type": "MultiPolygon", "coordinates": [ [ [ [ 113.51509094, -7.75055027 ], [ 113.51511383, -7.75075197 ], [ 113.51522064, -7.75075006 ], [ 113.51524353, -7.75087976 ], [ 113.51534271, -7.75102997 ], [ 113.51548767, -7.75112009 ], [ 113.5160675, -7.75100994 ], [ 113.51629639, -7.75096989 ], [ 113.51667023, -7.75108004 ], [ 113.51686096, -7.75119019 ], [ 113.51714325, -7.7514801 ], [ 113.51725769, -7.75165987 ], [ 113.51730347, -7.7518301 ], [ 113.51725769, -7.75194979 ], [ 113.51705933, -7.75212002 ], [ 113.51661682, -7.75228977 ], [ 113.51629639, -7.75242996 ], [ 113.51609802, -7.75257015 ], [ 113.51596832, -7.75272989 ], [ 113.51596832, -7.75299501 ], [ 113.51596832, -7.7530899 ], [ 113.51596832, -7.75318003 ], [ 113.51590729, -7.75422001 ], [ 113.51580811, -7.75473022 ], [ 113.51570129, -7.75512981 ], [ 113.51557159, -7.7553401 ], [ 113.51537323, -7.75554991 ], [ 113.51490021, -7.75583982 ], [ 113.51473236, -7.75592995 ], [ 113.51457977, -7.75602007 ], [ 113.51450348, -7.75610018 ], [ 113.51409912, -7.75685978 ], [ 113.51368713, -7.75755978 ], [ 113.51348114, -7.75788021 ], [ 113.51331329, -7.75811005 ], [ 113.51322174, -7.75835991 ], [ 113.51319122, -7.75875998 ], [ 113.51316071, -7.75901985 ], [ 113.51306915, -7.7592802 ], [ 113.51290894, -7.75950003 ], [ 113.51260376, -7.75972986 ], [ 113.5121994, -7.75991011 ], [ 113.51206207, -7.7599802 ], [ 113.51197052, -7.76011992 ], [ 113.51190186, -7.76032925 ], [ 113.5118866, -7.76058006 ], [ 113.51212311, -7.7610302 ], [ 113.51217651, -7.7611599 ], [ 113.51217651, -7.7613802 ], [ 113.51213074, -7.76153994 ], [ 113.51203918, -7.76164007 ], [ 113.51194763, -7.76165009 ], [ 113.51155853, -7.76159 ], [ 113.51133728, -7.76161003 ], [ 113.51112366, -7.76170015 ], [ 113.51097107, -7.76181984 ], [ 113.510849, -7.76203012 ], [ 113.51078796, -7.76230001 ], [ 113.51083374, -7.76246977 ], [ 113.51065063, -7.76245022 ], [ 113.51058197, -7.76242018 ], [ 113.51007843, -7.76234007 ], [ 113.50935364, -7.76214981 ], [ 113.50845337, -7.76220798 ], [ 113.50811768, -7.76222992 ], [ 113.50788879, -7.76224279 ], [ 113.50759125, -7.76225996 ], [ 113.50685883, -7.76245022 ], [ 113.50640869, -7.76336002 ], [ 113.50569153, -7.7643199 ], [ 113.50554657, -7.76450014 ], [ 113.50554657, -7.76434994 ], [ 113.50530243, -7.76411009 ], [ 113.50463104, -7.76368999 ], [ 113.50434113, -7.76350927 ], [ 113.50376892, -7.76315022 ], [ 113.50359344, -7.76292992 ], [ 113.50334167, -7.76247978 ], [ 113.50306702, -7.76179981 ], [ 113.50288391, -7.7613492 ], [ 113.50279236, -7.76162195 ], [ 113.50249481, -7.76199198 ], [ 113.50228882, -7.76213217 ], [ 113.50208282, -7.7623682 ], [ 113.50164795, -7.76251364 ], [ 113.50121307, -7.76269436 ], [ 113.50094604, -7.76281691 ], [ 113.50047302, -7.76295137 ], [ 113.50035095, -7.76312637 ], [ 113.49992371, -7.76352406 ], [ 113.49942017, -7.76373291 ], [ 113.49894714, -7.76388979 ], [ 113.49849701, -7.76413584 ], [ 113.49820709, -7.76420832 ], [ 113.49810791, -7.7642417 ], [ 113.49794006, -7.76423883 ], [ 113.49720001, -7.76423454 ], [ 113.49599457, -7.76437044 ], [ 113.49534607, -7.76449442 ], [ 113.49501801, -7.76446009 ], [ 113.49491119, -7.76430988 ], [ 113.49430847, -7.76349306 ], [ 113.49424744, -7.76341009 ], [ 113.494133, -7.76313019 ], [ 113.494133, -7.76293993 ], [ 113.4941864, -7.76262999 ], [ 113.49434662, -7.76240015 ], [ 113.49442291, -7.76222992 ], [ 113.49442291, -7.76204014 ], [ 113.49433899, -7.76172018 ], [ 113.49420166, -7.76141977 ], [ 113.49404144, -7.76121998 ], [ 113.49375916, -7.7610302 ], [ 113.49315643, -7.76071978 ], [ 113.49292755, -7.76062012 ], [ 113.49275208, -7.76053095 ], [ 113.49217987, -7.76025009 ], [ 113.49211884, -7.76020002 ], [ 113.49185181, -7.76003981 ], [ 113.49149323, -7.75996017 ], [ 113.4911499, -7.75996017 ], [ 113.49066162, -7.75994015 ], [ 113.49054718, -7.75987005 ], [ 113.49050903, -7.75976992 ], [ 113.49056244, -7.75958014 ], [ 113.49056244, -7.75938988 ], [ 113.49050903, -7.75930023 ], [ 113.49046326, -7.75923157 ], [ 113.49034119, -7.75906992 ], [ 113.49022675, -7.75874996 ], [ 113.4899826, -7.75878668 ], [ 113.48993683, -7.75867319 ], [ 113.48976898, -7.75835133 ], [ 113.48973846, -7.75812435 ], [ 113.48984528, -7.75796843 ], [ 113.48966217, -7.75800371 ], [ 113.48939514, -7.7581048 ], [ 113.48920441, -7.75816393 ], [ 113.48903656, -7.75823164 ], [ 113.48873901, -7.75824165 ], [ 113.48852539, -7.75828409 ], [ 113.48817444, -7.75836086 ], [ 113.48801422, -7.75839472 ], [ 113.48778534, -7.7585454 ], [ 113.48755646, -7.75855494 ], [ 113.48723602, -7.75860691 ], [ 113.48709106, -7.75861597 ], [ 113.48701477, -7.75865793 ], [ 113.48671722, -7.75878382 ], [ 113.48643494, -7.75881863 ], [ 113.48603821, -7.7588625 ], [ 113.48537445, -7.75883913 ], [ 113.48511505, -7.75882769 ], [ 113.48491669, -7.7588191 ], [ 113.48466492, -7.75885391 ], [ 113.48430634, -7.75879812 ], [ 113.48387146, -7.7588253 ], [ 113.48361969, -7.75885153 ], [ 113.48311615, -7.75893736 ], [ 113.48284149, -7.75903034 ], [ 113.48234558, -7.75909519 ], [ 113.48191833, -7.7590971 ], [ 113.48191071, -7.75847721 ], [ 113.48191071, -7.75808239 ], [ 113.48192596, -7.75780153 ], [ 113.48191833, -7.75749683 ], [ 113.48190308, -7.75719213 ], [ 113.48190308, -7.75701237 ], [ 113.48188019, -7.75683355 ], [ 113.4818573, -7.75627756 ], [ 113.48188782, -7.75618792 ], [ 113.48197174, -7.75612736 ], [ 113.48223877, -7.75611401 ], [ 113.48232269, -7.75611353 ], [ 113.48259735, -7.75611639 ], [ 113.48291016, -7.7561655 ], [ 113.48318481, -7.75614262 ], [ 113.48350525, -7.75614786 ], [ 113.48373413, -7.75616074 ], [ 113.48394012, -7.75610924 ], [ 113.48404694, -7.75599384 ], [ 113.48410797, -7.75592899 ], [ 113.48413849, -7.75569105 ], [ 113.48414612, -7.75549126 ], [ 113.48412323, -7.75523329 ], [ 113.48410797, -7.75508976 ], [ 113.48397827, -7.7549901 ], [ 113.48383331, -7.75492811 ], [ 113.48365021, -7.75486279 ], [ 113.48347473, -7.75482798 ], [ 113.48318481, -7.75483704 ], [ 113.4829483, -7.75482416 ], [ 113.48262787, -7.75480127 ], [ 113.48245239, -7.75476933 ], [ 113.48245239, -7.75453997 ], [ 113.48245239, -7.75430298 ], [ 113.48246002, -7.75413084 ], [ 113.48249054, -7.75349951 ], [ 113.48274231, -7.75349522 ], [ 113.48288727, -7.75363731 ], [ 113.48288727, -7.75418711 ], [ 113.4828949, -7.75433779 ], [ 113.4832077, -7.7543664 ], [ 113.48327637, -7.75430536 ], [ 113.48327637, -7.75397396 ], [ 113.48329163, -7.7536726 ], [ 113.48332977, -7.75336361 ], [ 113.48330688, -7.7530551 ], [ 113.4832077, -7.75286722 ], [ 113.48301697, -7.75280809 ], [ 113.48300934, -7.75268793 ], [ 113.48300934, -7.7525897 ], [ 113.48306274, -7.75253677 ], [ 113.48326874, -7.75249004 ], [ 113.48339081, -7.75242186 ], [ 113.48342133, -7.75234652 ], [ 113.48342133, -7.75225592 ], [ 113.48342133, -7.75213575 ], [ 113.48337555, -7.75203037 ], [ 113.48326874, -7.75199318 ], [ 113.48310089, -7.75193405 ], [ 113.48295593, -7.75188208 ], [ 113.4828949, -7.75183725 ], [ 113.48286438, -7.75168705 ], [ 113.48287201, -7.7515521 ], [ 113.4828186, -7.75145245 ], [ 113.48279572, -7.75135279 ], [ 113.48287201, -7.75125742 ], [ 113.48284912, -7.75108433 ], [ 113.48287964, -7.75100899 ], [ 113.48259735, -7.75100517 ], [ 113.48259735, -7.75033998 ], [ 113.48259735, -7.75019789 ], [ 113.48258972, -7.75 ], [ 113.48258972, -7.74989986 ], [ 113.48253632, -7.7498498 ], [ 113.48242188, -7.7498498 ], [ 113.481987, -7.74982023 ], [ 113.48164368, -7.74981022 ], [ 113.48143768, -7.74976015 ], [ 113.48136139, -7.74971008 ], [ 113.48127747, -7.74944019 ], [ 113.48124695, -7.74870014 ], [ 113.48124695, -7.74830008 ], [ 113.48126984, -7.74806499 ], [ 113.48065186, -7.7480402 ], [ 113.48023987, -7.74800014 ], [ 113.48001862, -7.74794006 ], [ 113.47985077, -7.74793005 ], [ 113.47927094, -7.74789 ], [ 113.47904205, -7.74785995 ], [ 113.47911072, -7.74763536 ], [ 113.47926331, -7.74715233 ], [ 113.47933197, -7.74693012 ], [ 113.47904968, -7.74683857 ], [ 113.4786911, -7.74669695 ], [ 113.47866058, -7.74572992 ], [ 113.47856903, -7.74566698 ], [ 113.47852325, -7.74559021 ], [ 113.47846222, -7.74550009 ], [ 113.47827148, -7.74524021 ], [ 113.47779846, -7.74474001 ], [ 113.47731018, -7.74427986 ], [ 113.47724152, -7.7441926 ], [ 113.47711945, -7.74404001 ], [ 113.47693634, -7.74389982 ], [ 113.47668457, -7.7439208 ], [ 113.47644806, -7.74393988 ], [ 113.47595215, -7.74398994 ], [ 113.47560883, -7.7439189 ], [ 113.47514343, -7.74382019 ], [ 113.47504425, -7.74380398 ], [ 113.47489929, -7.74378014 ], [ 113.47467041, -7.74381018 ], [ 113.4743576, -7.74389982 ], [ 113.47413635, -7.74388981 ], [ 113.47403717, -7.7438302 ], [ 113.47386169, -7.74350977 ], [ 113.47380066, -7.74336004 ], [ 113.47370148, -7.74338007 ], [ 113.47344208, -7.74349022 ], [ 113.47290039, -7.74358988 ], [ 113.4720993, -7.74366999 ], [ 113.47183228, -7.74363995 ], [ 113.47168732, -7.74356985 ], [ 113.47154999, -7.74350023 ], [ 113.47134399, -7.74336958 ], [ 113.47078705, -7.74329996 ], [ 113.47026825, -7.74324989 ], [ 113.46839142, -7.74304008 ], [ 113.46823883, -7.74302006 ], [ 113.46806335, -7.74299002 ], [ 113.46778107, -7.74281979 ], [ 113.46768188, -7.74221992 ], [ 113.46762085, -7.74186993 ], [ 113.46682739, -7.73980999 ], [ 113.46656799, -7.73906994 ], [ 113.46640015, -7.73845005 ], [ 113.46627045, -7.73776007 ], [ 113.46624756, -7.73744011 ], [ 113.46631622, -7.73715019 ], [ 113.46633148, -7.73705006 ], [ 113.46614838, -7.73687983 ], [ 113.46602631, -7.73671722 ], [ 113.46601868, -7.73662567 ], [ 113.46601105, -7.73646832 ], [ 113.46601868, -7.7362895 ], [ 113.46607971, -7.73613167 ], [ 113.46605682, -7.73599577 ], [ 113.46594238, -7.73587036 ], [ 113.46585846, -7.73573446 ], [ 113.46572113, -7.73546219 ], [ 113.4657135, -7.73530483 ], [ 113.46570587, -7.73514748 ], [ 113.46569824, -7.73504257 ], [ 113.4656601, -7.73486471 ], [ 113.46562195, -7.73469687 ], [ 113.4655838, -7.73451853 ], [ 113.46546173, -7.7341733 ], [ 113.46539307, -7.73423338 ], [ 113.46529388, -7.73432112 ], [ 113.46507263, -7.73446941 ], [ 113.46489716, -7.7346034 ], [ 113.46482086, -7.73463011 ], [ 113.46473694, -7.73467016 ], [ 113.4624176, -7.73638344 ], [ 113.46138, -7.73714781 ], [ 113.46117401, -7.73665333 ], [ 113.46109009, -7.73602819 ], [ 113.46096039, -7.73599768 ], [ 113.46092987, -7.735888 ], [ 113.46105957, -7.73585606 ], [ 113.46102142, -7.73571539 ], [ 113.46100616, -7.73555899 ], [ 113.46113586, -7.73555851 ], [ 113.46127319, -7.73572969 ], [ 113.46135712, -7.73572922 ], [ 113.46207428, -7.73574066 ], [ 113.46237183, -7.73573875 ], [ 113.46232605, -7.73536348 ], [ 113.46198273, -7.7353344 ], [ 113.4618988, -7.73525667 ], [ 113.46173096, -7.73525763 ], [ 113.46144104, -7.73502445 ], [ 113.46114349, -7.73479128 ], [ 113.46090698, -7.73471451 ], [ 113.46070862, -7.734622 ], [ 113.46047211, -7.73462343 ], [ 113.46029663, -7.73454618 ], [ 113.46022034, -7.73438978 ], [ 113.46022797, -7.73404551 ], [ 113.46024323, -7.73356056 ], [ 113.46016693, -7.73351383 ], [ 113.46021271, -7.73321629 ], [ 113.46030426, -7.73323154 ], [ 113.46047974, -7.73327732 ], [ 113.460495, -7.73313665 ], [ 113.46031952, -7.73305941 ], [ 113.4602356, -7.73277807 ], [ 113.46014404, -7.73276281 ], [ 113.45981598, -7.73267603 ], [ 113.45995331, -7.73207998 ], [ 113.45993042, -7.73190641 ], [ 113.45987701, -7.73137999 ], [ 113.45968628, -7.73054981 ], [ 113.45967102, -7.7297802 ], [ 113.45964813, -7.72881794 ], [ 113.45964813, -7.72866964 ], [ 113.4596405, -7.72842979 ], [ 113.45992279, -7.72744989 ], [ 113.46002197, -7.72716379 ], [ 113.46038055, -7.7262001 ], [ 113.46121979, -7.72623014 ], [ 113.46131897, -7.72599983 ], [ 113.46134186, -7.72584009 ], [ 113.46124268, -7.72578001 ], [ 113.46111298, -7.72573996 ], [ 113.46112061, -7.72559023 ], [ 113.46125031, -7.72510004 ], [ 113.46130371, -7.72454023 ], [ 113.46131134, -7.72432995 ], [ 113.46141052, -7.72412014 ], [ 113.46147919, -7.72392988 ], [ 113.46153259, -7.72343016 ], [ 113.46114349, -7.72047997 ], [ 113.4613266, -7.72031021 ], [ 113.46253204, -7.71934986 ], [ 113.462883, -7.71905994 ], [ 113.46315765, -7.7188201 ], [ 113.46391296, -7.71844006 ], [ 113.4642868, -7.71828985 ], [ 113.46435547, -7.71825886 ], [ 113.46492767, -7.71798992 ], [ 113.46521759, -7.71774006 ], [ 113.46547699, -7.71758986 ], [ 113.46587372, -7.71741009 ], [ 113.46664429, -7.71681023 ], [ 113.46695709, -7.7165699 ], [ 113.46788788, -7.71587992 ], [ 113.46833801, -7.71553993 ], [ 113.46884155, -7.71512985 ], [ 113.46910858, -7.71484995 ], [ 113.46970367, -7.71415997 ], [ 113.46994019, -7.71386003 ], [ 113.47019958, -7.71350002 ], [ 113.47091675, -7.71206999 ], [ 113.47103119, -7.71186018 ], [ 113.47122955, -7.71125984 ], [ 113.47135162, -7.7108202 ], [ 113.47164154, -7.7102499 ], [ 113.47176361, -7.71009016 ], [ 113.47215271, -7.70994997 ], [ 113.47255707, -7.70980978 ], [ 113.47268677, -7.70973015 ], [ 113.47223663, -7.7091198 ], [ 113.47145844, -7.70787001 ], [ 113.47122955, -7.70760012 ], [ 113.47110748, -7.70746994 ], [ 113.47100067, -7.70721006 ], [ 113.47094727, -7.7069602 ], [ 113.47097778, -7.70672989 ], [ 113.47104645, -7.70659018 ], [ 113.47118378, -7.70648003 ], [ 113.47242737, -7.70617008 ], [ 113.47315979, -7.7059598 ], [ 113.47395325, -7.70569992 ], [ 113.47458649, -7.70553017 ], [ 113.47532654, -7.70527983 ], [ 113.47619629, -7.70492983 ], [ 113.47740173, -7.70423985 ], [ 113.47795868, -7.70376778 ], [ 113.4787674, -7.70308018 ], [ 113.47953796, -7.70239019 ], [ 113.47976685, -7.70218992 ], [ 113.47982788, -7.70211983 ], [ 113.48021698, -7.70170021 ], [ 113.48049927, -7.70137978 ], [ 113.48081207, -7.70115995 ], [ 113.48175812, -7.70049 ], [ 113.48274994, -7.69997978 ], [ 113.48325348, -7.69979 ], [ 113.48336792, -7.69973373 ], [ 113.48365784, -7.69959021 ], [ 113.48416901, -7.69931984 ], [ 113.48430634, -7.69915009 ], [ 113.48477936, -7.69852018 ], [ 113.48499298, -7.69844007 ], [ 113.4853363, -7.69836998 ], [ 113.48589325, -7.69822979 ], [ 113.48628235, -7.69817019 ], [ 113.48654938, -7.69810009 ], [ 113.48679352, -7.69793987 ], [ 113.48703003, -7.69794989 ], [ 113.48735809, -7.69790983 ], [ 113.48761749, -7.69781017 ], [ 113.48795319, -7.69771004 ], [ 113.4885788, -7.69770002 ], [ 113.48890686, -7.69774008 ], [ 113.48931885, -7.69780016 ], [ 113.49076843, -7.69792986 ], [ 113.49092865, -7.69789982 ], [ 113.49099731, -7.69780016 ], [ 113.49111176, -7.69770002 ], [ 113.49131012, -7.69770002 ], [ 113.49202728, -7.69779015 ], [ 113.49267578, -7.69784832 ], [ 113.49423981, -7.69798994 ], [ 113.4952774, -7.69797993 ], [ 113.49617004, -7.69797993 ], [ 113.49729156, -7.69806004 ], [ 113.49886322, -7.69825983 ], [ 113.49907684, -7.69821978 ], [ 113.49938965, -7.69828987 ], [ 113.5, -7.69840002 ], [ 113.50015259, -7.69843006 ], [ 113.50057983, -7.69847012 ], [ 113.50076294, -7.69843006 ], [ 113.50093079, -7.69839001 ], [ 113.50112915, -7.6984601 ], [ 113.50167847, -7.69875002 ], [ 113.50211334, -7.69896984 ], [ 113.50270844, -7.69921017 ], [ 113.50370026, -7.69954014 ], [ 113.50441742, -7.69969988 ], [ 113.50476837, -7.69977999 ], [ 113.50574493, -7.7000823 ], [ 113.50611877, -7.70020008 ], [ 113.50640869, -7.70031023 ], [ 113.50694275, -7.70049 ], [ 113.50776672, -7.70065022 ], [ 113.50792694, -7.7006402 ], [ 113.50858307, -7.70056009 ], [ 113.50898743, -7.70060015 ], [ 113.50930023, -7.70068979 ], [ 113.50971222, -7.70085669 ], [ 113.50981903, -7.70090008 ], [ 113.5105896, -7.70129013 ], [ 113.51093292, -7.70147991 ], [ 113.51141357, -7.70174265 ], [ 113.51158905, -7.70183992 ], [ 113.51220703, -7.70214987 ], [ 113.51267242, -7.70236015 ], [ 113.51291656, -7.70240736 ], [ 113.51307678, -7.70243979 ], [ 113.51320648, -7.70239019 ], [ 113.51338959, -7.70233011 ], [ 113.51413727, -7.70227003 ], [ 113.51429749, -7.70213985 ], [ 113.51438904, -7.70208979 ], [ 113.51447296, -7.70214987 ], [ 113.5147171, -7.70241022 ], [ 113.51506805, -7.70275021 ], [ 113.51548004, -7.70320988 ], [ 113.51587677, -7.70367002 ], [ 113.51598358, -7.70374012 ], [ 113.51611328, -7.70381021 ], [ 113.51624298, -7.70387983 ], [ 113.51637268, -7.70390987 ], [ 113.51757813, -7.70422983 ], [ 113.51805878, -7.70417976 ], [ 113.51818085, -7.70411015 ], [ 113.51835632, -7.70401001 ], [ 113.51850891, -7.70402002 ], [ 113.51873779, -7.70409012 ], [ 113.51907349, -7.70429993 ], [ 113.52004242, -7.70501614 ], [ 113.52015686, -7.70510006 ], [ 113.52088928, -7.70563984 ], [ 113.52120209, -7.70584011 ], [ 113.52317047, -7.70685005 ], [ 113.52344513, -7.70701361 ], [ 113.52413177, -7.70741987 ], [ 113.52423859, -7.70746279 ], [ 113.52471161, -7.70765018 ], [ 113.52478027, -7.70772982 ], [ 113.52532959, -7.70803833 ], [ 113.5256424, -7.70820999 ], [ 113.52741241, -7.7089901 ], [ 113.52792358, -7.70918989 ], [ 113.52913666, -7.70958996 ], [ 113.52973175, -7.70975018 ], [ 113.52983093, -7.70977974 ], [ 113.53038788, -7.70994997 ], [ 113.53089142, -7.71004009 ], [ 113.53125763, -7.7101202 ], [ 113.53159332, -7.71023989 ], [ 113.53193665, -7.71038008 ], [ 113.53222656, -7.71045017 ], [ 113.53262329, -7.71049976 ], [ 113.53309631, -7.71056986 ], [ 113.53412628, -7.71049023 ], [ 113.53494263, -7.7102499 ], [ 113.53502655, -7.71020985 ], [ 113.53565216, -7.70987988 ], [ 113.53582764, -7.70980978 ], [ 113.53621674, -7.70984983 ], [ 113.53675079, -7.70988989 ], [ 113.53695679, -7.70988989 ], [ 113.53710938, -7.70983982 ], [ 113.53766632, -7.70990944 ], [ 113.53801727, -7.70995998 ], [ 113.53822327, -7.70999002 ], [ 113.53839874, -7.71008015 ], [ 113.53884125, -7.71043015 ], [ 113.53949738, -7.71086979 ], [ 113.53973389, -7.71105528 ], [ 113.5398407, -7.71104145 ], [ 113.54007721, -7.71113014 ], [ 113.54042816, -7.71125984 ], [ 113.5404892, -7.7112999 ], [ 113.54247284, -7.71222019 ], [ 113.54312897, -7.71253014 ], [ 113.54354858, -7.71269989 ], [ 113.54389954, -7.71280003 ], [ 113.54421234, -7.71287012 ], [ 113.54432678, -7.71290016 ], [ 113.54468536, -7.71306086 ], [ 113.54486084, -7.71313 ], [ 113.54503632, -7.71320009 ], [ 113.54611206, -7.71346998 ], [ 113.54656219, -7.71354008 ], [ 113.54669952, -7.71353006 ], [ 113.54701996, -7.71336985 ], [ 113.54736328, -7.71327019 ], [ 113.54753113, -7.71323013 ], [ 113.54788208, -7.7132802 ], [ 113.54827118, -7.71337986 ], [ 113.5486908, -7.71346998 ], [ 113.54923248, -7.7136302 ], [ 113.54979706, -7.71367979 ], [ 113.55039215, -7.71365023 ], [ 113.55090332, -7.71353006 ], [ 113.55164337, -7.71320009 ], [ 113.55185699, -7.71308994 ], [ 113.55198669, -7.71295023 ], [ 113.55209351, -7.71276999 ], [ 113.55210876, -7.71199989 ], [ 113.55213165, -7.71178007 ], [ 113.55223083, -7.71166992 ], [ 113.55229187, -7.71184015 ], [ 113.55259705, -7.71223021 ], [ 113.55271912, -7.71239996 ], [ 113.55304718, -7.71269989 ], [ 113.55330658, -7.71286011 ], [ 113.5533905, -7.71289015 ], [ 113.55361176, -7.71283007 ], [ 113.55381775, -7.71276999 ], [ 113.5539093, -7.7125802 ], [ 113.55397034, -7.71247005 ], [ 113.55413818, -7.71235991 ], [ 113.55573273, -7.7125001 ], [ 113.5559082, -7.71255016 ], [ 113.5560379, -7.71290016 ], [ 113.55615234, -7.71301985 ], [ 113.55666351, -7.71324015 ], [ 113.55753326, -7.71346998 ], [ 113.5577774, -7.71350002 ], [ 113.5581665, -7.71354008 ], [ 113.55860901, -7.71365976 ], [ 113.55934143, -7.71386003 ], [ 113.56006622, -7.71389008 ], [ 113.56038666, -7.71387005 ], [ 113.56185913, -7.71413994 ], [ 113.56221008, -7.71421003 ], [ 113.56263733, -7.71424007 ], [ 113.56298065, -7.71416998 ], [ 113.56419373, -7.71397018 ], [ 113.56485748, -7.71365023 ], [ 113.56524658, -7.71346998 ], [ 113.56556702, -7.71327019 ], [ 113.56601715, -7.71311998 ], [ 113.56678009, -7.71298981 ], [ 113.56739044, -7.71281004 ], [ 113.56775665, -7.71268988 ], [ 113.56851959, -7.7126298 ], [ 113.56938171, -7.7125001 ], [ 113.56973267, -7.71247005 ], [ 113.57010651, -7.71239996 ], [ 113.57026672, -7.71233988 ], [ 113.57087708, -7.71213007 ], [ 113.57131195, -7.71195984 ], [ 113.57164764, -7.71181011 ], [ 113.57196808, -7.71164989 ], [ 113.5724411, -7.71126986 ], [ 113.57248688, -7.71118021 ], [ 113.57266235, -7.71100998 ], [ 113.57283783, -7.71090078 ], [ 113.57289886, -7.71085978 ], [ 113.57311249, -7.7108202 ], [ 113.57346344, -7.71071005 ], [ 113.57401276, -7.71050978 ], [ 113.57420349, -7.7105298 ], [ 113.57446289, -7.71061993 ], [ 113.57556915, -7.71111012 ], [ 113.57627869, -7.7112999 ], [ 113.57660675, -7.7112999 ], [ 113.57701111, -7.71125984 ], [ 113.5773468, -7.71114016 ], [ 113.57739258, -7.71101999 ], [ 113.57749939, -7.7108202 ], [ 113.57763672, -7.71070004 ], [ 113.57785797, -7.71050978 ], [ 113.57790375, -7.71038008 ], [ 113.57788849, -7.70994997 ], [ 113.57794189, -7.70958996 ], [ 113.57804108, -7.70930004 ], [ 113.57829285, -7.70878983 ], [ 113.57827759, -7.70863008 ], [ 113.57846832, -7.70826006 ], [ 113.57861328, -7.70824003 ], [ 113.5787735, -7.70814991 ], [ 113.57887268, -7.7081399 ], [ 113.5791626, -7.70811987 ], [ 113.5792923, -7.70809984 ], [ 113.57958984, -7.70824003 ], [ 113.5800705, -7.70848989 ], [ 113.58048248, -7.70863008 ], [ 113.58065033, -7.70865011 ], [ 113.58081818, -7.70869017 ], [ 113.58091736, -7.70873022 ], [ 113.58104706, -7.70877981 ], [ 113.58139801, -7.70892 ], [ 113.58187866, -7.70919991 ], [ 113.58206177, -7.70937014 ], [ 113.5821991, -7.70964003 ], [ 113.5824585, -7.71038008 ], [ 113.58291626, -7.71142006 ], [ 113.58309937, -7.71155024 ], [ 113.5834198, -7.71170998 ], [ 113.58360291, -7.71176004 ], [ 113.58390808, -7.71184015 ], [ 113.58453369, -7.71204996 ], [ 113.58558655, -7.71241999 ], [ 113.58583832, -7.71235991 ], [ 113.5864563, -7.71212006 ], [ 113.58683777, -7.71196985 ], [ 113.58714294, -7.71189022 ], [ 113.58737946, -7.71193981 ], [ 113.58786011, -7.71217012 ], [ 113.58808899, -7.71225023 ], [ 113.58827972, -7.71231985 ], [ 113.58846283, -7.71240997 ], [ 113.58866119, -7.71251011 ], [ 113.58878326, -7.71256018 ], [ 113.58911896, -7.71282005 ], [ 113.58952332, -7.71299982 ], [ 113.58984375, -7.71309996 ], [ 113.59172058, -7.71364021 ], [ 113.59195709, -7.71379995 ], [ 113.59233856, -7.71393013 ], [ 113.59266663, -7.71404982 ], [ 113.5931015, -7.71416998 ], [ 113.59349823, -7.71429014 ], [ 113.59391022, -7.71439981 ], [ 113.59442902, -7.71454 ], [ 113.59499359, -7.7147398 ], [ 113.59706116, -7.71539021 ], [ 113.59755707, -7.71514988 ], [ 113.59763336, -7.71516991 ], [ 113.59786224, -7.71528006 ], [ 113.59773254, -7.71555328 ], [ 113.597229, -7.71633053 ], [ 113.59683228, -7.71688032 ], [ 113.59664154, -7.71710777 ], [ 113.59651947, -7.71720409 ], [ 113.59630585, -7.71721697 ], [ 113.59597015, -7.71717167 ], [ 113.59558868, -7.71706676 ], [ 113.59529877, -7.71693754 ], [ 113.5949173, -7.71676111 ], [ 113.59430695, -7.71657419 ], [ 113.59391022, -7.71644592 ], [ 113.59361267, -7.71640015 ], [ 113.59329224, -7.71637821 ], [ 113.5929184, -7.71641636 ], [ 113.59222412, -7.71646166 ], [ 113.59150696, -7.71654415 ], [ 113.59091187, -7.71659422 ], [ 113.59070587, -7.71660328 ], [ 113.59064484, -7.71666622 ], [ 113.59061432, -7.71679878 ], [ 113.59061432, -7.7168951 ], [ 113.59060669, -7.71705341 ], [ 113.59052277, -7.71721792 ], [ 113.59049225, -7.71730423 ], [ 113.59049225, -7.71750975 ], [ 113.59049225, -7.7176528 ], [ 113.59049225, -7.71781445 ], [ 113.59043121, -7.71809959 ], [ 113.59031677, -7.7186408 ], [ 113.59030151, -7.71873713 ], [ 113.59033203, -7.71928692 ], [ 113.59033966, -7.71945524 ], [ 113.59038544, -7.71973896 ], [ 113.59041595, -7.71994686 ], [ 113.59043884, -7.72035503 ], [ 113.59043884, -7.72078609 ], [ 113.59044647, -7.72128725 ], [ 113.59046173, -7.72169209 ], [ 113.59051514, -7.72203875 ], [ 113.5905838, -7.72229147 ], [ 113.59059143, -7.72238207 ], [ 113.59050751, -7.72287416 ], [ 113.59049225, -7.72294903 ], [ 113.59046936, -7.7231493 ], [ 113.59046936, -7.72334003 ], [ 113.59047699, -7.72354984 ], [ 113.59054565, -7.72372627 ], [ 113.59034729, -7.7241888 ], [ 113.59004211, -7.72482347 ], [ 113.58965302, -7.72535467 ], [ 113.58929443, -7.72579002 ], [ 113.5888443, -7.72617292 ], [ 113.58827972, -7.7265296 ], [ 113.58768463, -7.72683144 ], [ 113.58699799, -7.72708654 ], [ 113.58625031, -7.72720718 ], [ 113.58541107, -7.72708702 ], [ 113.58451843, -7.72687483 ], [ 113.58358765, -7.72661448 ], [ 113.58290863, -7.72652483 ], [ 113.58188629, -7.72633076 ], [ 113.58091736, -7.72603464 ], [ 113.58049774, -7.72595263 ], [ 113.58008575, -7.72582674 ], [ 113.57966614, -7.72580719 ], [ 113.57930756, -7.72592306 ], [ 113.57901001, -7.72618628 ], [ 113.57867432, -7.72654581 ], [ 113.57844543, -7.72696924 ], [ 113.57830048, -7.72745228 ], [ 113.57830048, -7.72809744 ], [ 113.57832336, -7.72898054 ], [ 113.5783844, -7.73008108 ], [ 113.57842255, -7.73076248 ], [ 113.57850647, -7.73168039 ], [ 113.57845306, -7.73241615 ], [ 113.57823181, -7.73302126 ], [ 113.57785034, -7.73373365 ], [ 113.57752228, -7.73419285 ], [ 113.577034, -7.73467159 ], [ 113.57637787, -7.7352767 ], [ 113.57568359, -7.73582697 ], [ 113.57508087, -7.73643589 ], [ 113.57461548, -7.73699522 ], [ 113.57411957, -7.73759365 ], [ 113.57370758, -7.73823833 ], [ 113.57324982, -7.73887873 ], [ 113.57284546, -7.73991203 ], [ 113.57253265, -7.74140453 ], [ 113.57255554, -7.74206781 ], [ 113.5727005, -7.74263191 ], [ 113.57324219, -7.74438858 ], [ 113.57128906, -7.74439001 ], [ 113.57045746, -7.74428988 ], [ 113.56939697, -7.74412012 ], [ 113.56806183, -7.74403 ], [ 113.56671143, -7.74393988 ], [ 113.56658936, -7.74392986 ], [ 113.56606293, -7.7438798 ], [ 113.5650177, -7.74377012 ], [ 113.56336212, -7.74338007 ], [ 113.56256104, -7.74328995 ], [ 113.56188965, -7.74328995 ], [ 113.56075287, -7.74327993 ], [ 113.55976105, -7.74322987 ], [ 113.55893707, -7.74322987 ], [ 113.55883026, -7.74318981 ], [ 113.55808258, -7.74301004 ], [ 113.55738068, -7.74272013 ], [ 113.55709076, -7.74263 ], [ 113.55687714, -7.74260998 ], [ 113.55682373, -7.74268007 ], [ 113.556427, -7.74319983 ], [ 113.55628204, -7.74323988 ], [ 113.55612183, -7.74320984 ], [ 113.55555725, -7.74301004 ], [ 113.55522919, -7.74280977 ], [ 113.55480194, -7.74246979 ], [ 113.55477905, -7.74232006 ], [ 113.55474854, -7.74201012 ], [ 113.55461884, -7.74152994 ], [ 113.55445862, -7.74119997 ], [ 113.55431366, -7.74103022 ], [ 113.55404663, -7.74085999 ], [ 113.55365753, -7.74063015 ], [ 113.55362701, -7.74073982 ], [ 113.55339813, -7.7413702 ], [ 113.55328369, -7.74141979 ], [ 113.55313873, -7.74140978 ], [ 113.55278778, -7.74131012 ], [ 113.55230713, -7.74107981 ], [ 113.55217743, -7.7410202 ], [ 113.55193329, -7.74086857 ], [ 113.55183411, -7.74071121 ], [ 113.55175018, -7.74036217 ], [ 113.55171967, -7.73942661 ], [ 113.55162048, -7.73850441 ], [ 113.55151367, -7.73818064 ], [ 113.55131531, -7.73791981 ], [ 113.55104065, -7.73780918 ], [ 113.55092621, -7.73778486 ], [ 113.55084991, -7.73759794 ], [ 113.55079651, -7.73747349 ], [ 113.55065918, -7.73742437 ], [ 113.55058289, -7.73740005 ], [ 113.55040741, -7.73741341 ], [ 113.55032349, -7.73726416 ], [ 113.55023193, -7.73686552 ], [ 113.55012512, -7.7362051 ], [ 113.55007172, -7.73566914 ], [ 113.54997253, -7.73558235 ], [ 113.54968262, -7.73553419 ], [ 113.5484848, -7.73551607 ], [ 113.54811859, -7.73549366 ], [ 113.54794312, -7.73547363 ], [ 113.54747772, -7.73509979 ], [ 113.54737091, -7.73496008 ], [ 113.54733276, -7.73477983 ], [ 113.54736328, -7.73464012 ], [ 113.54750061, -7.73415995 ], [ 113.54740906, -7.73398018 ], [ 113.54727936, -7.73386002 ], [ 113.54694366, -7.7335701 ], [ 113.54679108, -7.7332902 ], [ 113.54649353, -7.73295021 ], [ 113.5460968, -7.73247004 ], [ 113.54605103, -7.73226023 ], [ 113.54608154, -7.73205996 ], [ 113.54615784, -7.73190022 ], [ 113.54625702, -7.7316699 ], [ 113.5462265, -7.73153019 ], [ 113.54614258, -7.7311101 ], [ 113.5461731, -7.73091984 ], [ 113.54608154, -7.73082018 ], [ 113.54592133, -7.73060989 ], [ 113.54589844, -7.7304101 ], [ 113.54592133, -7.73015022 ], [ 113.54602814, -7.73002005 ], [ 113.54627991, -7.72984982 ], [ 113.54647064, -7.72967005 ], [ 113.54621124, -7.72948885 ], [ 113.54627991, -7.72936964 ], [ 113.54639435, -7.72905397 ], [ 113.54632568, -7.72895479 ], [ 113.54602814, -7.72885752 ], [ 113.54573059, -7.7287097 ], [ 113.54550934, -7.72871113 ], [ 113.5453949, -7.72862911 ], [ 113.54535675, -7.72843027 ], [ 113.54532623, -7.72818184 ], [ 113.5451889, -7.72801685 ], [ 113.54510498, -7.72766924 ], [ 113.54510498, -7.72742081 ], [ 113.54520416, -7.72715473 ], [ 113.54537964, -7.72660685 ], [ 113.54547119, -7.72630215 ], [ 113.54547882, -7.72609234 ], [ 113.54545593, -7.72587872 ], [ 113.54549408, -7.72569466 ], [ 113.54573822, -7.72552729 ], [ 113.54581451, -7.7254324 ], [ 113.54587555, -7.72534323 ], [ 113.54579163, -7.72507 ], [ 113.54553223, -7.72490788 ], [ 113.5454483, -7.72470331 ], [ 113.54555511, -7.72442913 ], [ 113.54563141, -7.72418499 ], [ 113.54573059, -7.72408533 ], [ 113.54574585, -7.7239027 ], [ 113.54562378, -7.723773 ], [ 113.5454483, -7.7236228 ], [ 113.5454483, -7.72335768 ], [ 113.5453949, -7.72307587 ], [ 113.54549408, -7.72281027 ], [ 113.54562378, -7.7225771 ], [ 113.54562378, -7.72234535 ], [ 113.54573822, -7.72217894 ], [ 113.54566956, -7.72199678 ], [ 113.54572296, -7.72186136 ], [ 113.54535675, -7.72177982 ], [ 113.54517365, -7.72173977 ], [ 113.54506683, -7.7217598 ], [ 113.54499054, -7.72186995 ], [ 113.54496002, -7.72204018 ], [ 113.54508209, -7.72236013 ], [ 113.54512024, -7.72247982 ], [ 113.54506683, -7.72261 ], [ 113.5447998, -7.72283983 ], [ 113.54470825, -7.72293997 ], [ 113.54464722, -7.72313023 ], [ 113.54463196, -7.72326994 ], [ 113.54456329, -7.72335005 ], [ 113.54447937, -7.72337008 ], [ 113.54429626, -7.72318983 ], [ 113.5440979, -7.72292995 ], [ 113.54389954, -7.72278023 ], [ 113.54376984, -7.72287989 ], [ 113.54367065, -7.72355986 ], [ 113.54360962, -7.72377014 ], [ 113.54353333, -7.72388983 ], [ 113.54334259, -7.7239399 ], [ 113.54321289, -7.72394991 ], [ 113.54315186, -7.72400999 ], [ 113.54312897, -7.72428989 ], [ 113.54306793, -7.72445011 ], [ 113.54290771, -7.72463989 ], [ 113.54252625, -7.72469997 ], [ 113.54190826, -7.72497988 ], [ 113.54183197, -7.72503138 ], [ 113.54174042, -7.72521019 ], [ 113.54160309, -7.72539997 ], [ 113.54132843, -7.72559023 ], [ 113.54116821, -7.7256999 ], [ 113.541008, -7.72589016 ], [ 113.54096985, -7.72600985 ], [ 113.54100037, -7.72618008 ], [ 113.54109955, -7.72638988 ], [ 113.54113007, -7.7265501 ], [ 113.54109955, -7.72669983 ], [ 113.54103088, -7.72677994 ], [ 113.54048157, -7.72654009 ], [ 113.54035187, -7.72649002 ], [ 113.54026794, -7.72651005 ], [ 113.54017639, -7.7269001 ], [ 113.54031372, -7.72724009 ], [ 113.54038239, -7.72735023 ], [ 113.5404129, -7.72745466 ], [ 113.54045105, -7.7276001 ], [ 113.54045105, -7.72789001 ], [ 113.54045105, -7.72805023 ], [ 113.54044342, -7.72830009 ], [ 113.54042816, -7.72867012 ], [ 113.54046631, -7.72876978 ], [ 113.54068756, -7.72881985 ], [ 113.54116058, -7.72888994 ], [ 113.54134369, -7.72912979 ], [ 113.54141235, -7.72927999 ], [ 113.54125977, -7.72954988 ], [ 113.5411911, -7.72967005 ], [ 113.5411911, -7.72985983 ], [ 113.54123688, -7.72993088 ], [ 113.54152679, -7.73004007 ], [ 113.54167175, -7.73008013 ], [ 113.54174042, -7.73015022 ], [ 113.54158783, -7.73073006 ], [ 113.54154968, -7.73087788 ], [ 113.5417099, -7.7311902 ], [ 113.54192352, -7.73143005 ], [ 113.542099, -7.73157978 ], [ 113.54221344, -7.73216009 ], [ 113.5422287, -7.73272991 ], [ 113.54219818, -7.73315001 ], [ 113.54216766, -7.73340988 ], [ 113.54216766, -7.73368979 ], [ 113.54219818, -7.73399019 ], [ 113.54222107, -7.7342 ], [ 113.5422287, -7.73427963 ], [ 113.54227448, -7.73440695 ], [ 113.54251099, -7.73460245 ], [ 113.54257202, -7.73477125 ], [ 113.54272461, -7.73485231 ], [ 113.54293823, -7.73487806 ], [ 113.54310608, -7.73494291 ], [ 113.54322052, -7.73526955 ], [ 113.54335022, -7.7354598 ], [ 113.54345703, -7.7355628 ], [ 113.54353333, -7.73572636 ], [ 113.5435257, -7.73587513 ], [ 113.54351807, -7.73595047 ], [ 113.5430603, -7.73598576 ], [ 113.54263306, -7.73603773 ], [ 113.54265594, -7.73619556 ], [ 113.5424881, -7.73625565 ], [ 113.54146576, -7.73661757 ], [ 113.54150391, -7.73701048 ], [ 113.5401001, -7.7372756 ], [ 113.54016113, -7.73778057 ], [ 113.53980255, -7.73788977 ], [ 113.5395813, -7.73794794 ], [ 113.53935242, -7.73800755 ], [ 113.53846741, -7.73823977 ], [ 113.5381012, -7.73893976 ], [ 113.53671265, -7.73905373 ], [ 113.53609467, -7.73910379 ], [ 113.53517914, -7.73917866 ], [ 113.53504181, -7.7391901 ], [ 113.53489685, -7.73920012 ], [ 113.53437805, -7.73915005 ], [ 113.53334808, -7.73913002 ], [ 113.53230286, -7.73928022 ], [ 113.53218079, -7.73929024 ], [ 113.53208923, -7.73929977 ], [ 113.53151703, -7.73933983 ], [ 113.53119659, -7.7393117 ], [ 113.53105927, -7.73933744 ], [ 113.5308075, -7.73888826 ], [ 113.53053284, -7.73843288 ], [ 113.5302887, -7.73804092 ], [ 113.53015137, -7.7378583 ], [ 113.52868652, -7.73762989 ], [ 113.52842712, -7.73761988 ], [ 113.52822876, -7.73760557 ], [ 113.52786255, -7.73757982 ], [ 113.52687073, -7.7375102 ], [ 113.52588654, -7.73749018 ], [ 113.52580261, -7.73732758 ], [ 113.52574921, -7.73721981 ], [ 113.52563477, -7.7361412 ], [ 113.52558136, -7.73564005 ], [ 113.52557373, -7.73543882 ], [ 113.52548981, -7.73383999 ], [ 113.52586365, -7.73312998 ], [ 113.52612305, -7.73260546 ], [ 113.52620697, -7.73243999 ], [ 113.52642822, -7.73245001 ], [ 113.52658081, -7.73247004 ], [ 113.52648163, -7.73230982 ], [ 113.52632904, -7.73200989 ], [ 113.52622986, -7.73183012 ], [ 113.52617645, -7.73163986 ], [ 113.52616882, -7.73133993 ], [ 113.52616882, -7.73106003 ], [ 113.52613068, -7.73095942 ], [ 113.52600861, -7.73117018 ], [ 113.52516937, -7.73086977 ], [ 113.52465057, -7.73084021 ], [ 113.52429962, -7.73084021 ], [ 113.5241394, -7.73083019 ], [ 113.52385712, -7.73082018 ], [ 113.52360535, -7.73079681 ], [ 113.52342224, -7.73078012 ], [ 113.52271271, -7.73065996 ], [ 113.52262878, -7.73064995 ], [ 113.52252197, -7.7306509 ], [ 113.52224731, -7.73061991 ], [ 113.52223969, -7.73077011 ], [ 113.52207184, -7.73076105 ], [ 113.5218811, -7.73073816 ], [ 113.52165222, -7.73070955 ], [ 113.52137756, -7.73068142 ], [ 113.52105713, -7.73063564 ], [ 113.52075195, -7.73060179 ], [ 113.52056122, -7.73055983 ], [ 113.52053833, -7.73039007 ], [ 113.52053833, -7.73003006 ], [ 113.52056885, -7.72989988 ], [ 113.52062225, -7.72961998 ], [ 113.52063751, -7.72942019 ], [ 113.5206604, -7.72923994 ], [ 113.52063751, -7.7290802 ], [ 113.52059937, -7.72893429 ], [ 113.52047729, -7.72895765 ], [ 113.52045441, -7.72904253 ], [ 113.52044678, -7.72922134 ], [ 113.52041626, -7.729321 ], [ 113.5203476, -7.72944593 ], [ 113.52039337, -7.72954988 ], [ 113.52040863, -7.72963428 ], [ 113.52037811, -7.72972393 ], [ 113.52035522, -7.72982836 ], [ 113.52031708, -7.72992849 ], [ 113.52029419, -7.73000288 ], [ 113.52028656, -7.73019695 ], [ 113.52030182, -7.7303257 ], [ 113.52033234, -7.73045015 ], [ 113.52041626, -7.73051262 ], [ 113.52032471, -7.73054838 ], [ 113.51912689, -7.73020267 ], [ 113.51837921, -7.73001909 ], [ 113.51831818, -7.73010874 ], [ 113.51826477, -7.73035288 ], [ 113.51842499, -7.73047113 ], [ 113.51830292, -7.73070049 ], [ 113.51824951, -7.73083496 ], [ 113.51819611, -7.7311182 ], [ 113.51812744, -7.73120928 ], [ 113.518013, -7.73128939 ], [ 113.51790619, -7.73138046 ], [ 113.51782227, -7.73143768 ], [ 113.51776886, -7.73151159 ], [ 113.51768494, -7.73166513 ], [ 113.51761627, -7.73183537 ], [ 113.51753998, -7.73202276 ], [ 113.51745605, -7.73217058 ], [ 113.51702118, -7.73209572 ], [ 113.51695251, -7.73242712 ], [ 113.51690674, -7.73279476 ], [ 113.51686096, -7.7330575 ], [ 113.5168457, -7.73338318 ], [ 113.5167923, -7.73369837 ], [ 113.51673126, -7.734056 ], [ 113.51668549, -7.73432589 ], [ 113.51665497, -7.73465443 ], [ 113.51660919, -7.73505402 ], [ 113.51660156, -7.73548412 ], [ 113.51661682, -7.73589373 ], [ 113.51663208, -7.73641872 ], [ 113.51667786, -7.73700619 ], [ 113.51670074, -7.73731041 ], [ 113.51676178, -7.7376461 ], [ 113.51679993, -7.73785591 ], [ 113.51685333, -7.73814964 ], [ 113.51691437, -7.7384429 ], [ 113.51695251, -7.73857594 ], [ 113.51700592, -7.73873663 ], [ 113.51709747, -7.73906136 ], [ 113.51717377, -7.73917198 ], [ 113.51719666, -7.73931265 ], [ 113.51733398, -7.73956394 ], [ 113.51748657, -7.7398572 ], [ 113.51750183, -7.7399826 ], [ 113.51771545, -7.74035931 ], [ 113.51785278, -7.74065256 ], [ 113.51800537, -7.7409668 ], [ 113.51817322, -7.74131203 ], [ 113.51834869, -7.74161577 ], [ 113.51835632, -7.74174166 ], [ 113.51852417, -7.74196672 ], [ 113.51857758, -7.74204445 ], [ 113.51889801, -7.74244165 ], [ 113.51898956, -7.74256277 ], [ 113.51905823, -7.74280834 ], [ 113.51935577, -7.74333143 ], [ 113.51957703, -7.74371862 ], [ 113.51984406, -7.74427319 ], [ 113.51997375, -7.74451399 ], [ 113.5197525, -7.74457836 ], [ 113.51955414, -7.74457932 ], [ 113.51940918, -7.74449635 ], [ 113.51930237, -7.74447584 ], [ 113.51921844, -7.74453974 ], [ 113.51902771, -7.74456167 ], [ 113.51895142, -7.74453688 ], [ 113.51896667, -7.74471664 ], [ 113.51889801, -7.74479675 ], [ 113.5187912, -7.74487734 ], [ 113.51863861, -7.74502134 ], [ 113.51863861, -7.74517679 ], [ 113.51867676, -7.74528599 ], [ 113.5187149, -7.74535275 ], [ 113.5187149, -7.74544954 ], [ 113.51865387, -7.74555063 ], [ 113.51843262, -7.74567413 ], [ 113.51816559, -7.74575949 ], [ 113.51786041, -7.74582005 ], [ 113.5177536, -7.74586296 ], [ 113.51759338, -7.74589348 ], [ 113.51740265, -7.74583578 ], [ 113.51711273, -7.7457366 ], [ 113.51679993, -7.74554491 ], [ 113.51662445, -7.74541998 ], [ 113.51649475, -7.74534941 ], [ 113.51639557, -7.74534655 ], [ 113.51625061, -7.74534225 ], [ 113.51605225, -7.74554539 ], [ 113.51595306, -7.74589491 ], [ 113.51599884, -7.74630642 ], [ 113.5160675, -7.74672651 ], [ 113.51621246, -7.74702835 ], [ 113.51668549, -7.74767303 ], [ 113.51689148, -7.7479744 ], [ 113.51701355, -7.7481699 ], [ 113.51703644, -7.74837017 ], [ 113.51698303, -7.74861717 ], [ 113.51680756, -7.74889994 ], [ 113.51661682, -7.74908018 ], [ 113.5164566, -7.74917984 ], [ 113.51636505, -7.74920082 ], [ 113.51600647, -7.74919748 ], [ 113.51574707, -7.7492795 ], [ 113.51552582, -7.74942827 ], [ 113.51540375, -7.74955606 ], [ 113.51524353, -7.74975157 ], [ 113.51515961, -7.74995995 ], [ 113.51511383, -7.75019503 ], [ 113.51509094, -7.75038958 ], [ 113.51509094, -7.75055027 ] ] ] ] } },
{ "type": "Feature", "properties": { "GID_0": "IDN", "NAME_0": "Indonesia", "GID_1": "IDN.11_1", "NAME_1": "Jawa Timur", "NL_NAME_1": null, "GID_2": "IDN.11.30_1", "NAME_2": "Probolinggo", "NL_NAME_2": null, "GID_3": "IDN.11.30.16_1", "NAME_3": "Pajarakan", "VARNAME_3": null, "NL_NAME_3": null, "TYPE_3": "Kecamatan", "ENGTYPE_3": "Sub-district", "CC_3": "3513170", "HASC_3": null }, "geometry": { "type": "MultiPolygon", "coordinates": [ [ [ [ 113.37786102, -7.80365992 ], [ 113.3779068, -7.80388021 ], [ 113.37802124, -7.80405998 ], [ 113.37818909, -7.80426979 ], [ 113.37857056, -7.80471992 ], [ 113.37908173, -7.80529022 ], [ 113.37953186, -7.80585003 ], [ 113.38004303, -7.8064599 ], [ 113.38025665, -7.8066659 ], [ 113.38041687, -7.80681992 ], [ 113.380867, -7.80716991 ], [ 113.38118744, -7.80747986 ], [ 113.38131714, -7.80765009 ], [ 113.38144684, -7.80784988 ], [ 113.38153076, -7.80811024 ], [ 113.38156128, -7.80837011 ], [ 113.38153076, -7.80879021 ], [ 113.3815155, -7.80924225 ], [ 113.38150787, -7.80957985 ], [ 113.38150787, -7.81007004 ], [ 113.3815918, -7.81037998 ], [ 113.38178253, -7.81076002 ], [ 113.38202667, -7.81126022 ], [ 113.38227844, -7.81176996 ], [ 113.38256836, -7.81225014 ], [ 113.38269043, -7.81252766 ], [ 113.38276672, -7.81270981 ], [ 113.38289642, -7.81310987 ], [ 113.38301086, -7.81366014 ], [ 113.38304901, -7.81409979 ], [ 113.38301086, -7.81442022 ], [ 113.38291168, -7.81479979 ], [ 113.38279724, -7.81533003 ], [ 113.38269806, -7.81587982 ], [ 113.38265991, -7.81615973 ], [ 113.38262939, -7.81638002 ], [ 113.38256073, -7.8168602 ], [ 113.38253784, -7.81701756 ], [ 113.38249207, -7.81734991 ], [ 113.38243866, -7.81763983 ], [ 113.38236237, -7.81800985 ], [ 113.38220978, -7.81857014 ], [ 113.3821106, -7.81894016 ], [ 113.38201141, -7.81945992 ], [ 113.38191986, -7.82005978 ], [ 113.38179779, -7.82041979 ], [ 113.38166809, -7.82073021 ], [ 113.38163757, -7.82092237 ], [ 113.38160706, -7.82115984 ], [ 113.38162231, -7.82145023 ], [ 113.38162994, -7.82184982 ], [ 113.38160706, -7.82216978 ], [ 113.38157654, -7.82250023 ], [ 113.38140869, -7.8228302 ], [ 113.38124847, -7.8231101 ], [ 113.38114929, -7.82325983 ], [ 113.38092041, -7.82340002 ], [ 113.38037872, -7.82343006 ], [ 113.37966919, -7.82344007 ], [ 113.37921143, -7.82342005 ], [ 113.37892914, -7.82338667 ], [ 113.37828064, -7.8233099 ], [ 113.37809753, -7.82327223 ], [ 113.37773895, -7.82320023 ], [ 113.37696838, -7.82305002 ], [ 113.37662506, -7.82296562 ], [ 113.37640381, -7.82290983 ], [ 113.37570953, -7.82268 ], [ 113.37521362, -7.82254982 ], [ 113.375, -7.82240009 ], [ 113.37483978, -7.82250023 ], [ 113.37404633, -7.82162952 ], [ 113.37393951, -7.82150984 ], [ 113.37381744, -7.8208499 ], [ 113.37373352, -7.82023001 ], [ 113.37359619, -7.81921005 ], [ 113.37349701, -7.81885004 ], [ 113.37343597, -7.81878948 ], [ 113.37319946, -7.81857014 ], [ 113.37271881, -7.81847 ], [ 113.37203217, -7.81844997 ], [ 113.37159729, -7.81842995 ], [ 113.37126923, -7.81860018 ], [ 113.37103271, -7.81957006 ], [ 113.37100983, -7.82001019 ], [ 113.37097931, -7.82038021 ], [ 113.37084198, -7.82067823 ], [ 113.37078857, -7.8207798 ], [ 113.37068939, -7.82079363 ], [ 113.37049866, -7.82081985 ], [ 113.37021637, -7.82083988 ], [ 113.36995697, -7.82086992 ], [ 113.36972046, -7.82087994 ], [ 113.36897278, -7.82090998 ], [ 113.36799622, -7.82089996 ], [ 113.36753845, -7.82105017 ], [ 113.36750031, -7.82088995 ], [ 113.36755371, -7.82058001 ], [ 113.36760712, -7.82033014 ], [ 113.36759186, -7.82012987 ], [ 113.36753082, -7.82001019 ], [ 113.36734009, -7.81965017 ], [ 113.36727142, -7.81948996 ], [ 113.36726379, -7.81929016 ], [ 113.36730957, -7.81904984 ], [ 113.36743927, -7.81887007 ], [ 113.36753845, -7.81865978 ], [ 113.36781311, -7.81809998 ], [ 113.3678894, -7.81786013 ], [ 113.36789703, -7.81770992 ], [ 113.36753082, -7.81734991 ], [ 113.36743927, -7.81724977 ], [ 113.36740112, -7.81711006 ], [ 113.36753845, -7.81685019 ], [ 113.36759186, -7.81676006 ], [ 113.36766052, -7.81661987 ], [ 113.36763, -7.81642008 ], [ 113.36756134, -7.81618977 ], [ 113.36753845, -7.81601 ], [ 113.3678894, -7.81551981 ], [ 113.36824036, -7.81496 ], [ 113.36846924, -7.8143301 ], [ 113.36852264, -7.81411982 ], [ 113.36849213, -7.81391001 ], [ 113.36842346, -7.81372976 ], [ 113.36824036, -7.81365013 ], [ 113.36810303, -7.81362009 ], [ 113.36801147, -7.81349993 ], [ 113.36797333, -7.81313992 ], [ 113.36799622, -7.81281996 ], [ 113.36801147, -7.81261015 ], [ 113.36821747, -7.81203318 ], [ 113.3682785, -7.81191015 ], [ 113.36846924, -7.81177998 ], [ 113.36868286, -7.81165981 ], [ 113.36891174, -7.81141996 ], [ 113.36898041, -7.8112998 ], [ 113.36891174, -7.81088018 ], [ 113.36885834, -7.81056023 ], [ 113.36889648, -7.8103199 ], [ 113.36898041, -7.81011009 ], [ 113.36904907, -7.80997992 ], [ 113.36904907, -7.8098402 ], [ 113.36897278, -7.80963993 ], [ 113.36895752, -7.8094902 ], [ 113.36914825, -7.80922985 ], [ 113.36952209, -7.80895996 ], [ 113.36962891, -7.80886984 ], [ 113.36966705, -7.80873013 ], [ 113.36962128, -7.80857992 ], [ 113.36930084, -7.8083601 ], [ 113.36920166, -7.80826998 ], [ 113.36916351, -7.80812979 ], [ 113.3693161, -7.8076992 ], [ 113.36936951, -7.80755997 ], [ 113.36945343, -7.8073101 ], [ 113.36968231, -7.80694008 ], [ 113.37007904, -7.80666018 ], [ 113.3702774, -7.80650997 ], [ 113.37037659, -7.80638981 ], [ 113.37039185, -7.80626392 ], [ 113.3704071, -7.80607986 ], [ 113.37045288, -7.80568981 ], [ 113.37052917, -7.80533981 ], [ 113.37077332, -7.80467987 ], [ 113.37110138, -7.80385017 ], [ 113.37107086, -7.80339003 ], [ 113.37107086, -7.80324984 ], [ 113.37117767, -7.80308008 ], [ 113.37126923, -7.80297995 ], [ 113.37127686, -7.80288982 ], [ 113.37120819, -7.80278015 ], [ 113.37106323, -7.80267 ], [ 113.3710022, -7.80255985 ], [ 113.37110901, -7.80222988 ], [ 113.37113953, -7.80208015 ], [ 113.37109375, -7.80193996 ], [ 113.37085724, -7.80160999 ], [ 113.3706131, -7.80140018 ], [ 113.37024689, -7.80102015 ], [ 113.36988831, -7.80069017 ], [ 113.36981201, -7.80044985 ], [ 113.36981201, -7.80026007 ], [ 113.36988831, -7.80003023 ], [ 113.36994171, -7.79976988 ], [ 113.36991119, -7.79944897 ], [ 113.36984253, -7.79921007 ], [ 113.36971283, -7.79910994 ], [ 113.36956787, -7.79906988 ], [ 113.36949921, -7.79913998 ], [ 113.36921692, -7.79942989 ], [ 113.36907959, -7.79939985 ], [ 113.36885071, -7.79936981 ], [ 113.36871338, -7.79938984 ], [ 113.36862183, -7.79930019 ], [ 113.36844635, -7.79909992 ], [ 113.3682785, -7.79904985 ], [ 113.36785889, -7.7990098 ], [ 113.36778259, -7.7990346 ], [ 113.3675766, -7.79909992 ], [ 113.36743164, -7.79916 ], [ 113.36717987, -7.79926014 ], [ 113.36685944, -7.79933977 ], [ 113.36660767, -7.79930019 ], [ 113.36631012, -7.79909992 ], [ 113.36607361, -7.79890013 ], [ 113.3658905, -7.79874992 ], [ 113.36582947, -7.79864407 ], [ 113.3657608, -7.79852009 ], [ 113.36560059, -7.79796982 ], [ 113.3655014, -7.79771996 ], [ 113.36547852, -7.79764652 ], [ 113.36535645, -7.79733992 ], [ 113.36510468, -7.79680967 ], [ 113.36492157, -7.79643011 ], [ 113.36490631, -7.79621983 ], [ 113.36496735, -7.79606009 ], [ 113.36515808, -7.79560995 ], [ 113.36515808, -7.79551077 ], [ 113.36515045, -7.79542017 ], [ 113.36504364, -7.79500008 ], [ 113.36492157, -7.79485989 ], [ 113.3647995, -7.79481983 ], [ 113.3645401, -7.79480982 ], [ 113.36430359, -7.79476976 ], [ 113.364151, -7.79468012 ], [ 113.36412048, -7.79460001 ], [ 113.36412811, -7.79443979 ], [ 113.36425018, -7.79417992 ], [ 113.36434174, -7.79385996 ], [ 113.36431885, -7.79362011 ], [ 113.36422729, -7.7933898 ], [ 113.36399078, -7.7929101 ], [ 113.36386871, -7.79277992 ], [ 113.36373138, -7.79269981 ], [ 113.36354065, -7.79262018 ], [ 113.36341858, -7.79249001 ], [ 113.36327362, -7.79231024 ], [ 113.36315918, -7.79231024 ], [ 113.36286163, -7.79231024 ], [ 113.36273193, -7.79234982 ], [ 113.36248779, -7.79243994 ], [ 113.3624115, -7.79236984 ], [ 113.36237335, -7.79224014 ], [ 113.3622818, -7.79207993 ], [ 113.36212921, -7.79192019 ], [ 113.36199188, -7.79179001 ], [ 113.36200714, -7.79169989 ], [ 113.36210632, -7.79157019 ], [ 113.36212921, -7.79139996 ], [ 113.36196136, -7.79137993 ], [ 113.36174011, -7.79131985 ], [ 113.36154938, -7.79120016 ], [ 113.3615036, -7.79109001 ], [ 113.36142731, -7.79097986 ], [ 113.36132813, -7.79094982 ], [ 113.36121368, -7.79099989 ], [ 113.36099243, -7.79104996 ], [ 113.36077118, -7.79102993 ], [ 113.36073303, -7.79093981 ], [ 113.36074829, -7.79074001 ], [ 113.36071777, -7.79051018 ], [ 113.36062622, -7.79045486 ], [ 113.36045074, -7.79042006 ], [ 113.36026764, -7.79035997 ], [ 113.36019135, -7.79021978 ], [ 113.36009979, -7.79005003 ], [ 113.35990906, -7.78997993 ], [ 113.35980988, -7.78984022 ], [ 113.35959625, -7.78953981 ], [ 113.35941315, -7.78941011 ], [ 113.35895538, -7.78835297 ], [ 113.35890198, -7.78822994 ], [ 113.35881042, -7.78742981 ], [ 113.35884094, -7.78716564 ], [ 113.35887909, -7.78683901 ], [ 113.35888672, -7.7867198 ], [ 113.35882568, -7.78645754 ], [ 113.35877991, -7.78628016 ], [ 113.35865784, -7.78597021 ], [ 113.3584137, -7.78575993 ], [ 113.35827637, -7.78568268 ], [ 113.35768127, -7.78533983 ], [ 113.35741425, -7.7851963 ], [ 113.35691833, -7.78493023 ], [ 113.3560791, -7.78438997 ], [ 113.3552475, -7.78412008 ], [ 113.35427856, -7.78391981 ], [ 113.35327911, -7.78368998 ], [ 113.3526535, -7.78360462 ], [ 113.35218048, -7.78353977 ], [ 113.35179138, -7.78359032 ], [ 113.35125732, -7.78365993 ], [ 113.35108185, -7.78365993 ], [ 113.35037994, -7.78371 ], [ 113.35005951, -7.78361988 ], [ 113.34980774, -7.78333998 ], [ 113.34973145, -7.78317022 ], [ 113.34963226, -7.78294134 ], [ 113.34954834, -7.78274012 ], [ 113.34941101, -7.78260994 ], [ 113.34915161, -7.78247023 ], [ 113.34882355, -7.78237009 ], [ 113.34848785, -7.78221989 ], [ 113.34796906, -7.78182983 ], [ 113.34779358, -7.78169012 ], [ 113.34760284, -7.78135014 ], [ 113.34751129, -7.78092718 ], [ 113.34752655, -7.78052998 ], [ 113.34755707, -7.77987385 ], [ 113.34760284, -7.77903986 ], [ 113.34764862, -7.77680016 ], [ 113.34763336, -7.77501249 ], [ 113.34763336, -7.77488995 ], [ 113.34757233, -7.77473021 ], [ 113.34747314, -7.77470016 ], [ 113.34713745, -7.77471018 ], [ 113.34683228, -7.77467012 ], [ 113.34677124, -7.77455997 ], [ 113.346138, -7.77452993 ], [ 113.34604645, -7.77408981 ], [ 113.34571838, -7.77404022 ], [ 113.34533691, -7.77308989 ], [ 113.34490204, -7.77311993 ], [ 113.34488678, -7.77304125 ], [ 113.34483337, -7.77260017 ], [ 113.34474945, -7.77130985 ], [ 113.34465027, -7.77120018 ], [ 113.34496307, -7.77123022 ], [ 113.34529114, -7.77117014 ], [ 113.34559631, -7.77104998 ], [ 113.34570313, -7.77092981 ], [ 113.3457489, -7.77078009 ], [ 113.34570313, -7.77065992 ], [ 113.34554291, -7.77048016 ], [ 113.34544373, -7.77030993 ], [ 113.34542847, -7.77014017 ], [ 113.34548187, -7.76987982 ], [ 113.34558105, -7.76970005 ], [ 113.34578705, -7.76951981 ], [ 113.34622955, -7.76921988 ], [ 113.34635925, -7.76912022 ], [ 113.34645081, -7.76887989 ], [ 113.34660339, -7.7686801 ], [ 113.3468399, -7.76847982 ], [ 113.34705353, -7.76833439 ], [ 113.34815979, -7.76758003 ], [ 113.3493576, -7.76690006 ], [ 113.3499527, -7.76648998 ], [ 113.35019684, -7.76621008 ], [ 113.35045624, -7.76596022 ], [ 113.35066223, -7.76588011 ], [ 113.35089111, -7.76575994 ], [ 113.35144806, -7.76549006 ], [ 113.35188293, -7.76524019 ], [ 113.35289001, -7.76448011 ], [ 113.3531189, -7.76418018 ], [ 113.35341644, -7.76367998 ], [ 113.35386658, -7.76318979 ], [ 113.35426331, -7.76285982 ], [ 113.35450745, -7.76275015 ], [ 113.35514832, -7.76243019 ], [ 113.35525513, -7.76230907 ], [ 113.35536194, -7.76218987 ], [ 113.3553772, -7.76204205 ], [ 113.35540009, -7.76175022 ], [ 113.35549927, -7.76161003 ], [ 113.35569, -7.76146984 ], [ 113.35610199, -7.76114988 ], [ 113.35662842, -7.76071978 ], [ 113.35742188, -7.76034021 ], [ 113.35820007, -7.75986004 ], [ 113.35930634, -7.75887012 ], [ 113.35977936, -7.75841999 ], [ 113.35999298, -7.75831985 ], [ 113.36019897, -7.75821018 ], [ 113.36025238, -7.75814009 ], [ 113.36058807, -7.7578001 ], [ 113.36080933, -7.7576499 ], [ 113.36105347, -7.75758982 ], [ 113.36237335, -7.75719976 ], [ 113.36287689, -7.75698996 ], [ 113.36360931, -7.75656986 ], [ 113.36392212, -7.75645161 ], [ 113.36408234, -7.75639009 ], [ 113.36461639, -7.7561698 ], [ 113.36599731, -7.75550985 ], [ 113.36621094, -7.75541449 ], [ 113.36704254, -7.75504017 ], [ 113.36776733, -7.75467014 ], [ 113.36882019, -7.75359011 ], [ 113.3690033, -7.75333023 ], [ 113.36929321, -7.75304985 ], [ 113.36952972, -7.75277996 ], [ 113.36975098, -7.7525301 ], [ 113.36998749, -7.75238991 ], [ 113.37023163, -7.75223017 ], [ 113.37062836, -7.75185013 ], [ 113.37162781, -7.75121021 ], [ 113.37206268, -7.7509799 ], [ 113.37212372, -7.75084019 ], [ 113.37226105, -7.75066996 ], [ 113.37271118, -7.75016022 ], [ 113.37271118, -7.75 ], [ 113.37271118, -7.74989986 ], [ 113.37272644, -7.74946022 ], [ 113.3728714, -7.74915981 ], [ 113.37291718, -7.74901009 ], [ 113.37303925, -7.74848986 ], [ 113.37310028, -7.74786997 ], [ 113.37306213, -7.7476902 ], [ 113.37296295, -7.74744987 ], [ 113.3728714, -7.74712992 ], [ 113.37274933, -7.74638987 ], [ 113.37277985, -7.74607992 ], [ 113.37290192, -7.74550009 ], [ 113.37315369, -7.74475002 ], [ 113.37354279, -7.74391985 ], [ 113.37425995, -7.74264002 ], [ 113.37489319, -7.74199009 ], [ 113.375, -7.74186993 ], [ 113.37509155, -7.74176979 ], [ 113.3753891, -7.74152994 ], [ 113.37571716, -7.74108982 ], [ 113.37595367, -7.74074984 ], [ 113.376091, -7.74061012 ], [ 113.37657928, -7.74029016 ], [ 113.37735748, -7.73964977 ], [ 113.37774658, -7.73933983 ], [ 113.37835693, -7.73882008 ], [ 113.37908173, -7.73823977 ], [ 113.37937164, -7.73817015 ], [ 113.37978363, -7.73809004 ], [ 113.37996674, -7.73808002 ], [ 113.38043976, -7.73806 ], [ 113.38078308, -7.73797989 ], [ 113.38111115, -7.73740005 ], [ 113.38127136, -7.73707008 ], [ 113.38141632, -7.73680019 ], [ 113.38178253, -7.7363801 ], [ 113.38197327, -7.73621988 ], [ 113.38210297, -7.73617983 ], [ 113.38220978, -7.73620987 ], [ 113.38240814, -7.7365098 ], [ 113.38256073, -7.73692989 ], [ 113.38260651, -7.73733997 ], [ 113.38262939, -7.73761988 ], [ 113.38266754, -7.73793983 ], [ 113.38265228, -7.73844004 ], [ 113.38272858, -7.7388401 ], [ 113.38284302, -7.73910999 ], [ 113.38353729, -7.73991013 ], [ 113.38413239, -7.74057007 ], [ 113.38484192, -7.7417202 ], [ 113.38527679, -7.74217987 ], [ 113.38575745, -7.74269009 ], [ 113.38638306, -7.74327993 ], [ 113.38668823, -7.74351978 ], [ 113.38704681, -7.74372005 ], [ 113.38762665, -7.74381018 ], [ 113.38794708, -7.74385023 ], [ 113.38838959, -7.74409008 ], [ 113.38858032, -7.74419022 ], [ 113.38868713, -7.74420023 ], [ 113.38954163, -7.74362993 ], [ 113.38977814, -7.74348021 ], [ 113.39073181, -7.74321985 ], [ 113.39102936, -7.74312019 ], [ 113.39169312, -7.74255991 ], [ 113.39193726, -7.74226999 ], [ 113.39208984, -7.74202013 ], [ 113.39222717, -7.74157 ], [ 113.39231873, -7.74011993 ], [ 113.39235687, -7.73973989 ], [ 113.39246368, -7.73939991 ], [ 113.39263916, -7.73901987 ], [ 113.39286041, -7.73869991 ], [ 113.39333344, -7.73974991 ], [ 113.39350891, -7.74014997 ], [ 113.39411926, -7.7416501 ], [ 113.39431763, -7.74231005 ], [ 113.39477539, -7.74403858 ], [ 113.39486694, -7.74439001 ], [ 113.39492798, -7.74454021 ], [ 113.39444733, -7.74458981 ], [ 113.39421082, -7.74467993 ], [ 113.39431763, -7.74496984 ], [ 113.39463806, -7.74569607 ], [ 113.3948822, -7.74625015 ], [ 113.39492035, -7.74644995 ], [ 113.3948288, -7.74652004 ], [ 113.39499664, -7.74678993 ], [ 113.3955307, -7.74673986 ], [ 113.39560699, -7.74695015 ], [ 113.39563751, -7.74738216 ], [ 113.39565277, -7.74752998 ], [ 113.39556122, -7.74772978 ], [ 113.39533997, -7.74853992 ], [ 113.39526367, -7.74902773 ], [ 113.39550018, -7.74976778 ], [ 113.39598846, -7.75143862 ], [ 113.39665222, -7.75209284 ], [ 113.39731598, -7.752388 ], [ 113.39745331, -7.75288868 ], [ 113.39756012, -7.75301981 ], [ 113.39756012, -7.75314999 ], [ 113.39755249, -7.75324106 ], [ 113.39749908, -7.75388622 ], [ 113.39746094, -7.75433016 ], [ 113.39755249, -7.75450993 ], [ 113.39746094, -7.75459003 ], [ 113.39733124, -7.75504017 ], [ 113.39729309, -7.75510979 ], [ 113.3972168, -7.75542021 ], [ 113.3971405, -7.75594997 ], [ 113.39711761, -7.75630999 ], [ 113.39704132, -7.75743008 ], [ 113.39698792, -7.75817013 ], [ 113.39685822, -7.75970984 ], [ 113.39675903, -7.76059008 ], [ 113.3966217, -7.76160002 ], [ 113.39658356, -7.76184988 ], [ 113.39659882, -7.7620101 ], [ 113.39642334, -7.76203012 ], [ 113.39620209, -7.76207018 ], [ 113.39515686, -7.76226997 ], [ 113.39482117, -7.76233006 ], [ 113.39453125, -7.76239014 ], [ 113.39428711, -7.76246023 ], [ 113.39420319, -7.76247978 ], [ 113.39405823, -7.76250982 ], [ 113.39395142, -7.76252985 ], [ 113.39331818, -7.76262999 ], [ 113.39322662, -7.76264 ], [ 113.39203644, -7.76286983 ], [ 113.39190674, -7.76288986 ], [ 113.39157867, -7.76294994 ], [ 113.39112091, -7.76304007 ], [ 113.39042664, -7.76315022 ], [ 113.38964081, -7.76328993 ], [ 113.3895874, -7.76351023 ], [ 113.38951874, -7.76364994 ], [ 113.3894577, -7.76401567 ], [ 113.38941193, -7.76427984 ], [ 113.38935852, -7.7647562 ], [ 113.38922119, -7.76597977 ], [ 113.38921356, -7.76610994 ], [ 113.3891983, -7.76634979 ], [ 113.38922119, -7.76660013 ], [ 113.38923645, -7.76681995 ], [ 113.38889313, -7.76703978 ], [ 113.38860321, -7.76731062 ], [ 113.38851166, -7.76739979 ], [ 113.38807678, -7.76772022 ], [ 113.38784027, -7.76791573 ], [ 113.38772583, -7.76801014 ], [ 113.38757324, -7.76813269 ], [ 113.38739777, -7.76827002 ], [ 113.38707733, -7.76857996 ], [ 113.38697815, -7.76875019 ], [ 113.38697052, -7.76938009 ], [ 113.38704681, -7.77032995 ], [ 113.38715363, -7.77103996 ], [ 113.38717651, -7.77157021 ], [ 113.38717651, -7.77176094 ], [ 113.38716888, -7.7718401 ], [ 113.38709259, -7.77213001 ], [ 113.38704681, -7.77223492 ], [ 113.38694763, -7.77247 ], [ 113.38684845, -7.77271986 ], [ 113.3867569, -7.77291679 ], [ 113.38661194, -7.77321005 ], [ 113.38643646, -7.77343988 ], [ 113.38612366, -7.77370024 ], [ 113.38587952, -7.77390003 ], [ 113.38569641, -7.77423 ], [ 113.38567352, -7.77436352 ], [ 113.38555145, -7.77489996 ], [ 113.38544464, -7.77539062 ], [ 113.38538361, -7.77568007 ], [ 113.38520813, -7.77626991 ], [ 113.38515472, -7.77637482 ], [ 113.38497925, -7.77667999 ], [ 113.38459778, -7.77716017 ], [ 113.38435364, -7.77739 ], [ 113.38394165, -7.7775898 ], [ 113.38365936, -7.77779007 ], [ 113.38352203, -7.77802992 ], [ 113.383461, -7.77839994 ], [ 113.38342285, -7.77875996 ], [ 113.38330078, -7.77905989 ], [ 113.38317108, -7.77940989 ], [ 113.3830719, -7.77962637 ], [ 113.38301086, -7.7797699 ], [ 113.38283539, -7.78009033 ], [ 113.38259888, -7.78050995 ], [ 113.38233185, -7.78101683 ], [ 113.38224792, -7.7811799 ], [ 113.38207245, -7.78146791 ], [ 113.38181305, -7.7818799 ], [ 113.3815918, -7.78224993 ], [ 113.38127136, -7.78254986 ], [ 113.38085175, -7.78285885 ], [ 113.38031006, -7.7832098 ], [ 113.37983704, -7.78353977 ], [ 113.37963104, -7.78385019 ], [ 113.37947845, -7.78432989 ], [ 113.3793869, -7.78460979 ], [ 113.37924194, -7.78482008 ], [ 113.3789978, -7.78505993 ], [ 113.37854004, -7.78528976 ], [ 113.37805939, -7.78549004 ], [ 113.37773895, -7.78569984 ], [ 113.37743378, -7.78597021 ], [ 113.37716675, -7.78644991 ], [ 113.37702942, -7.78690004 ], [ 113.37699127, -7.78727007 ], [ 113.37696075, -7.78767014 ], [ 113.3769455, -7.78787661 ], [ 113.37693787, -7.78795004 ], [ 113.37677002, -7.78836012 ], [ 113.37654877, -7.78881979 ], [ 113.37619781, -7.78945017 ], [ 113.37605286, -7.78968477 ], [ 113.37580872, -7.79007006 ], [ 113.37568665, -7.79030466 ], [ 113.37557983, -7.79051018 ], [ 113.37550354, -7.7907691 ], [ 113.37538147, -7.79119015 ], [ 113.37532043, -7.79161978 ], [ 113.37529755, -7.79197264 ], [ 113.37526703, -7.79251003 ], [ 113.37522125, -7.79276991 ], [ 113.375, -7.79324007 ], [ 113.37497711, -7.79332018 ], [ 113.37493134, -7.79346418 ], [ 113.37490845, -7.79362011 ], [ 113.37489319, -7.79375982 ], [ 113.37493134, -7.79389 ], [ 113.37499237, -7.79399014 ], [ 113.37519836, -7.79430437 ], [ 113.37547302, -7.79476976 ], [ 113.37559509, -7.79499817 ], [ 113.37574005, -7.79525423 ], [ 113.37593079, -7.7954402 ], [ 113.37612915, -7.79567003 ], [ 113.37641144, -7.79590988 ], [ 113.37654114, -7.79623985 ], [ 113.37654114, -7.79636765 ], [ 113.37654877, -7.79651022 ], [ 113.37634277, -7.79678011 ], [ 113.37606812, -7.79707003 ], [ 113.37587738, -7.7973299 ], [ 113.37589264, -7.79759979 ], [ 113.37593079, -7.79782915 ], [ 113.376091, -7.79806995 ], [ 113.37645721, -7.79831982 ], [ 113.37687683, -7.79850006 ], [ 113.37698364, -7.79855061 ], [ 113.37753296, -7.79882002 ], [ 113.3779068, -7.79903984 ], [ 113.37809753, -7.79919004 ], [ 113.37818909, -7.79933977 ], [ 113.37821198, -7.79959011 ], [ 113.37815857, -7.79980993 ], [ 113.37802124, -7.80019999 ], [ 113.37786865, -7.80084991 ], [ 113.37779236, -7.80121946 ], [ 113.37776947, -7.80133009 ], [ 113.37773132, -7.80163002 ], [ 113.37772369, -7.80192995 ], [ 113.37773132, -7.80237007 ], [ 113.37779236, -7.80291271 ], [ 113.37779999, -7.80300999 ], [ 113.37786102, -7.80365992 ] ] ] ] } },
{ "type": "Feature", "properties": { "GID_0": "IDN", "NAME_0": "Indonesia", "GID_1": "IDN.11_1", "NAME_1": "Jawa Timur", "NL_NAME_1": null, "GID_2": "IDN.11.30_1", "NAME_2": "Probolinggo", "NL_NAME_2": null, "GID_3": "IDN.11.30.17_1", "NAME_3": "Pakuniran", "VARNAME_3": null, "NL_NAME_3": null, "TYPE_3": "Kecamatan", "ENGTYPE_3": "Sub-district", "CC_3": "3513110", "HASC_3": null }, "geometry": { "type": "MultiPolygon", "coordinates": [ [ [ [ 113.60234833, -7.84515572 ], [ 113.60494995, -7.84797621 ], [ 113.60670471, -7.85033321 ], [ 113.60734558, -7.85119534 ], [ 113.60948944, -7.85338783 ], [ 113.60900879, -7.85683823 ], [ 113.60897064, -7.85708809 ], [ 113.6089325, -7.85737658 ], [ 113.60862732, -7.85966969 ], [ 113.61080933, -7.8633461 ], [ 113.61086273, -7.8634305 ], [ 113.61092377, -7.86351538 ], [ 113.61127472, -7.86397791 ], [ 113.61141205, -7.86416101 ], [ 113.61221313, -7.86521578 ], [ 113.6125412, -7.86565161 ], [ 113.61325836, -7.86656713 ], [ 113.61525726, -7.8691287 ], [ 113.61553955, -7.8696866 ], [ 113.6156311, -7.86988211 ], [ 113.61566925, -7.86995029 ], [ 113.616539, -7.87168598 ], [ 113.61727905, -7.87316656 ], [ 113.61768341, -7.87450981 ], [ 113.617836, -7.875 ], [ 113.61786652, -7.87522936 ], [ 113.61785889, -7.87544441 ], [ 113.61779022, -7.87585878 ], [ 113.61769104, -7.87650824 ], [ 113.61786652, -7.87716293 ], [ 113.61791992, -7.87745571 ], [ 113.61797333, -7.87773275 ], [ 113.61800385, -7.87790823 ], [ 113.61804199, -7.87824249 ], [ 113.61805725, -7.87839413 ], [ 113.61810303, -7.87871122 ], [ 113.61811829, -7.87880039 ], [ 113.61828613, -7.87924051 ], [ 113.61832428, -7.8793788 ], [ 113.61831665, -7.87985325 ], [ 113.61830139, -7.88020182 ], [ 113.6181488, -7.88039684 ], [ 113.61801147, -7.8805728 ], [ 113.61789703, -7.88068628 ], [ 113.61742401, -7.88114023 ], [ 113.61711884, -7.88135767 ], [ 113.61676788, -7.88160563 ], [ 113.61653137, -7.88179636 ], [ 113.61628723, -7.88200188 ], [ 113.61615753, -7.88210535 ], [ 113.61565399, -7.8827405 ], [ 113.61548615, -7.88321161 ], [ 113.61546326, -7.88336563 ], [ 113.61540985, -7.88369036 ], [ 113.6151886, -7.88460779 ], [ 113.61515045, -7.88473606 ], [ 113.61508179, -7.88567781 ], [ 113.61505127, -7.88636446 ], [ 113.61508179, -7.88686943 ], [ 113.61509705, -7.88710785 ], [ 113.61528778, -7.88743353 ], [ 113.61422729, -7.88715982 ], [ 113.61347198, -7.88699007 ], [ 113.61277771, -7.88680983 ], [ 113.61187744, -7.88627005 ], [ 113.61087799, -7.88572979 ], [ 113.6104126, -7.88512993 ], [ 113.61012268, -7.88473988 ], [ 113.60894775, -7.88442993 ], [ 113.60806274, -7.88435984 ], [ 113.60710144, -7.88418007 ], [ 113.60623169, -7.88365984 ], [ 113.60552216, -7.88316011 ], [ 113.60500336, -7.8828001 ], [ 113.60482788, -7.88271999 ], [ 113.60475159, -7.88267994 ], [ 113.6046524, -7.88262987 ], [ 113.60447693, -7.88249016 ], [ 113.60437012, -7.88240004 ], [ 113.60430145, -7.88235998 ], [ 113.60414124, -7.88219976 ], [ 113.60398102, -7.88202 ], [ 113.60379028, -7.88181019 ], [ 113.60365295, -7.88168001 ], [ 113.603508, -7.88156986 ], [ 113.60340118, -7.88149023 ], [ 113.60330963, -7.88144016 ], [ 113.6031189, -7.88134003 ], [ 113.60289001, -7.8811698 ], [ 113.60275269, -7.88103008 ], [ 113.60246277, -7.88076019 ], [ 113.60227966, -7.88060999 ], [ 113.60215759, -7.88047981 ], [ 113.60195923, -7.88017988 ], [ 113.60189056, -7.8800602 ], [ 113.60178375, -7.87984991 ], [ 113.60172272, -7.87967014 ], [ 113.60169983, -7.87959003 ], [ 113.60164642, -7.87934017 ], [ 113.60159302, -7.87907982 ], [ 113.60150146, -7.87890005 ], [ 113.60131836, -7.87873983 ], [ 113.6011734, -7.8786788 ], [ 113.60108185, -7.87864017 ], [ 113.60076904, -7.87858009 ], [ 113.60038757, -7.87855005 ], [ 113.60015869, -7.87848997 ], [ 113.59977722, -7.87838984 ], [ 113.5995636, -7.87834978 ], [ 113.59928131, -7.87830019 ], [ 113.59909821, -7.87824011 ], [ 113.59884644, -7.87809992 ], [ 113.59868622, -7.87790012 ], [ 113.59864044, -7.87774992 ], [ 113.59866333, -7.87751007 ], [ 113.59870911, -7.87715006 ], [ 113.59877014, -7.87692022 ], [ 113.59883118, -7.87688017 ], [ 113.59889221, -7.87684011 ], [ 113.59874725, -7.87664986 ], [ 113.59844208, -7.87653017 ], [ 113.59799194, -7.87631989 ], [ 113.59764099, -7.87614012 ], [ 113.59751129, -7.8759799 ], [ 113.59726715, -7.87571001 ], [ 113.59699249, -7.8755002 ], [ 113.59644318, -7.87513018 ], [ 113.59620667, -7.875 ], [ 113.59559631, -7.87456989 ], [ 113.5951004, -7.87427998 ], [ 113.5949707, -7.87413979 ], [ 113.59469604, -7.87371016 ], [ 113.59458923, -7.87349987 ], [ 113.59462738, -7.87306023 ], [ 113.59468842, -7.8726902 ], [ 113.59467316, -7.87254 ], [ 113.59462738, -7.87239981 ], [ 113.59442139, -7.87208986 ], [ 113.5942688, -7.87188005 ], [ 113.59420776, -7.87159014 ], [ 113.59422302, -7.87120008 ], [ 113.59411621, -7.87069988 ], [ 113.59398651, -7.87047005 ], [ 113.59375763, -7.87032986 ], [ 113.59308624, -7.87005997 ], [ 113.59269714, -7.86978006 ], [ 113.59221649, -7.86934996 ], [ 113.59165955, -7.86909008 ], [ 113.59127045, -7.86856985 ], [ 113.59092712, -7.86839008 ], [ 113.59046173, -7.86822987 ], [ 113.59004211, -7.86807013 ], [ 113.58965302, -7.86776018 ], [ 113.5892334, -7.8674798 ], [ 113.58898926, -7.86717987 ], [ 113.58876038, -7.86670017 ], [ 113.58849335, -7.86643982 ], [ 113.58815765, -7.86632013 ], [ 113.58769226, -7.86625004 ], [ 113.58699799, -7.86625004 ], [ 113.58651733, -7.86624002 ], [ 113.58579254, -7.86618996 ], [ 113.58544922, -7.86619997 ], [ 113.58495331, -7.86630011 ], [ 113.5846405, -7.86636019 ], [ 113.58415985, -7.86644983 ], [ 113.5838089, -7.86648989 ], [ 113.58355713, -7.86643982 ], [ 113.58319855, -7.8663702 ], [ 113.5826416, -7.86639977 ], [ 113.58222198, -7.86641979 ], [ 113.5818634, -7.86629009 ], [ 113.58129883, -7.86604977 ], [ 113.58113098, -7.86587 ], [ 113.58100128, -7.86572742 ], [ 113.58070374, -7.86538982 ], [ 113.58042145, -7.86526012 ], [ 113.57956696, -7.86506987 ], [ 113.57933044, -7.86497021 ], [ 113.57904053, -7.86470985 ], [ 113.5785675, -7.86441994 ], [ 113.57804871, -7.86434984 ], [ 113.57753754, -7.86435986 ], [ 113.57701874, -7.86437988 ], [ 113.57662201, -7.86432981 ], [ 113.57637787, -7.86422014 ], [ 113.5760498, -7.86404991 ], [ 113.575737, -7.86390018 ], [ 113.57523346, -7.86387014 ], [ 113.57498169, -7.86393976 ], [ 113.5749054, -7.8640151 ], [ 113.5745697, -7.86434984 ], [ 113.57414246, -7.86494017 ], [ 113.57386017, -7.86555004 ], [ 113.57356262, -7.86604977 ], [ 113.57331085, -7.86641979 ], [ 113.57292938, -7.86689997 ], [ 113.57279968, -7.86699009 ], [ 113.57259369, -7.86698008 ], [ 113.57170868, -7.86682987 ], [ 113.57128906, -7.86663008 ], [ 113.57079315, -7.86624002 ], [ 113.57042694, -7.86569977 ], [ 113.57022095, -7.86541986 ], [ 113.57010651, -7.86519003 ], [ 113.56990051, -7.86490011 ], [ 113.56955719, -7.86418009 ], [ 113.56942749, -7.86399984 ], [ 113.56929779, -7.86385012 ], [ 113.56916809, -7.86358976 ], [ 113.5690918, -7.86324978 ], [ 113.56926727, -7.86284018 ], [ 113.56945038, -7.86253023 ], [ 113.56945038, -7.86234999 ], [ 113.56945038, -7.86223984 ], [ 113.56945038, -7.86214018 ], [ 113.56941986, -7.86204004 ], [ 113.56934357, -7.86198997 ], [ 113.56929016, -7.86192989 ], [ 113.56903076, -7.86190987 ], [ 113.56865692, -7.8620615 ], [ 113.56816864, -7.86214018 ], [ 113.56745148, -7.86186981 ], [ 113.56661987, -7.86159992 ], [ 113.56616211, -7.86116982 ], [ 113.56555939, -7.86071014 ], [ 113.56513977, -7.86026001 ], [ 113.56494904, -7.85996008 ], [ 113.56455994, -7.8594799 ], [ 113.56407166, -7.85932016 ], [ 113.56305695, -7.8593998 ], [ 113.56253052, -7.8593502 ], [ 113.56175232, -7.8592701 ], [ 113.56141663, -7.85917997 ], [ 113.56092072, -7.85908985 ], [ 113.56018066, -7.85898018 ], [ 113.55941772, -7.85894012 ], [ 113.55929565, -7.85893154 ], [ 113.55912018, -7.8589201 ], [ 113.55893707, -7.85901022 ], [ 113.55874634, -7.85909986 ], [ 113.55835724, -7.85937977 ], [ 113.55787659, -7.85972977 ], [ 113.55709839, -7.86016989 ], [ 113.55670929, -7.86028004 ], [ 113.55619812, -7.86029005 ], [ 113.55551147, -7.86025 ], [ 113.55499268, -7.85999012 ], [ 113.55433655, -7.85975981 ], [ 113.55355835, -7.85968018 ], [ 113.552948, -7.85998011 ], [ 113.55254364, -7.86021996 ], [ 113.5521698, -7.86028004 ], [ 113.55124664, -7.86014986 ], [ 113.55065918, -7.85999012 ], [ 113.55014038, -7.85953999 ], [ 113.54971313, -7.85945988 ], [ 113.54930878, -7.85930014 ], [ 113.54888153, -7.85916996 ], [ 113.54846954, -7.85917997 ], [ 113.54782867, -7.85921001 ], [ 113.54747772, -7.85924006 ], [ 113.54705048, -7.85934019 ], [ 113.54634857, -7.85945988 ], [ 113.54551697, -7.85953999 ], [ 113.54428101, -7.85943985 ], [ 113.54398346, -7.85949993 ], [ 113.5437088, -7.85966015 ], [ 113.54306793, -7.86019993 ], [ 113.5428009, -7.86042023 ], [ 113.54261017, -7.86043978 ], [ 113.54244995, -7.86042023 ], [ 113.54235077, -7.86039019 ], [ 113.54212952, -7.86014986 ], [ 113.54155731, -7.8598299 ], [ 113.54093933, -7.85962009 ], [ 113.53986359, -7.85958004 ], [ 113.53922272, -7.85969019 ], [ 113.53868866, -7.85983992 ], [ 113.53822327, -7.86009979 ], [ 113.53746033, -7.86059999 ], [ 113.53720093, -7.86072016 ], [ 113.53691101, -7.86064005 ], [ 113.53640747, -7.86041021 ], [ 113.53626251, -7.86033583 ], [ 113.53619385, -7.8603034 ], [ 113.53582001, -7.86011982 ], [ 113.53543854, -7.85995007 ], [ 113.53450012, -7.85972023 ], [ 113.53388977, -7.8593998 ], [ 113.53336334, -7.85897017 ], [ 113.5328598, -7.85865021 ], [ 113.53206635, -7.85863018 ], [ 113.53138733, -7.85854006 ], [ 113.53072357, -7.85845995 ], [ 113.52986908, -7.85848999 ], [ 113.52893829, -7.8586998 ], [ 113.5282135, -7.85885 ], [ 113.52747345, -7.85860014 ], [ 113.52661896, -7.85819006 ], [ 113.52574158, -7.85775995 ], [ 113.52497864, -7.85732985 ], [ 113.52422333, -7.85703993 ], [ 113.52301788, -7.85672998 ], [ 113.52224731, -7.85647011 ], [ 113.52140045, -7.85612011 ], [ 113.52101898, -7.85607004 ], [ 113.52055359, -7.8562398 ], [ 113.52031708, -7.85621023 ], [ 113.51950073, -7.85571003 ], [ 113.51876831, -7.85531998 ], [ 113.51853943, -7.85520983 ], [ 113.51792908, -7.85522985 ], [ 113.51721191, -7.85535002 ], [ 113.51689911, -7.85529995 ], [ 113.51656342, -7.8551898 ], [ 113.51618958, -7.85501003 ], [ 113.51582336, -7.85493994 ], [ 113.51567078, -7.85481024 ], [ 113.51551819, -7.85464001 ], [ 113.51525116, -7.85423994 ], [ 113.51503754, -7.85400009 ], [ 113.51473999, -7.85378981 ], [ 113.51445007, -7.85360003 ], [ 113.51429749, -7.85349989 ], [ 113.51394653, -7.85301018 ], [ 113.51363373, -7.85238981 ], [ 113.51329041, -7.85175991 ], [ 113.51268768, -7.85131979 ], [ 113.51213074, -7.85108995 ], [ 113.51126862, -7.85075998 ], [ 113.51046753, -7.85044003 ], [ 113.51016998, -7.85020018 ], [ 113.50958252, -7.84974003 ], [ 113.50919342, -7.84962988 ], [ 113.50875854, -7.84948015 ], [ 113.50830841, -7.84926987 ], [ 113.50787354, -7.84917021 ], [ 113.50750732, -7.84925985 ], [ 113.50675964, -7.84966946 ], [ 113.50611877, -7.85004997 ], [ 113.50570679, -7.85039997 ], [ 113.50556183, -7.85075998 ], [ 113.50531769, -7.85175991 ], [ 113.50498199, -7.85220003 ], [ 113.50479126, -7.85241985 ], [ 113.50469208, -7.85258007 ], [ 113.50462341, -7.85268021 ], [ 113.50434113, -7.85305023 ], [ 113.5038681, -7.85324001 ], [ 113.50273895, -7.85320997 ], [ 113.50260162, -7.85317993 ], [ 113.5020752, -7.85304785 ], [ 113.50104523, -7.85278702 ], [ 113.5, -7.85242987 ], [ 113.49977875, -7.85232019 ], [ 113.49951935, -7.85215998 ], [ 113.49923706, -7.8519001 ], [ 113.49899292, -7.85159016 ], [ 113.49878693, -7.85128021 ], [ 113.49851227, -7.85094023 ], [ 113.49827576, -7.85075235 ], [ 113.4981308, -7.85063982 ], [ 113.49764252, -7.85042 ], [ 113.49700165, -7.85013008 ], [ 113.4962616, -7.84983015 ], [ 113.49591827, -7.84958982 ], [ 113.49575043, -7.84939003 ], [ 113.49559021, -7.84913015 ], [ 113.49536133, -7.84884024 ], [ 113.49506378, -7.84855986 ], [ 113.49455261, -7.84813023 ], [ 113.49384308, -7.84761 ], [ 113.49343872, -7.84723949 ], [ 113.49336243, -7.8470602 ], [ 113.49327087, -7.84691 ], [ 113.49310303, -7.84665012 ], [ 113.49295807, -7.84645987 ], [ 113.49285889, -7.84636545 ], [ 113.49256134, -7.84608984 ], [ 113.49195862, -7.84556007 ], [ 113.49143219, -7.84498978 ], [ 113.49105835, -7.84442997 ], [ 113.4909668, -7.8442502 ], [ 113.49072266, -7.84385014 ], [ 113.49040985, -7.84322023 ], [ 113.490242, -7.84301996 ], [ 113.49008942, -7.84295988 ], [ 113.48996735, -7.84248018 ], [ 113.48985291, -7.84197998 ], [ 113.4897995, -7.84132004 ], [ 113.48977661, -7.8407402 ], [ 113.4897995, -7.84012985 ], [ 113.48989105, -7.83950996 ], [ 113.49002838, -7.83882999 ], [ 113.49018097, -7.83814001 ], [ 113.4903183, -7.83760977 ], [ 113.49056244, -7.83716297 ], [ 113.49102783, -7.83662987 ], [ 113.49143982, -7.83616018 ], [ 113.49176788, -7.83586979 ], [ 113.49205017, -7.83570004 ], [ 113.49230194, -7.83560991 ], [ 113.4927597, -7.83557987 ], [ 113.49306488, -7.83557463 ], [ 113.49334717, -7.83556986 ], [ 113.49372101, -7.83555984 ], [ 113.49388885, -7.83551979 ], [ 113.49404907, -7.83541012 ], [ 113.49432373, -7.83520985 ], [ 113.49453735, -7.83508873 ], [ 113.49504089, -7.83497 ], [ 113.4955368, -7.83487988 ], [ 113.49588776, -7.83483982 ], [ 113.49640656, -7.83481979 ], [ 113.49677277, -7.83482981 ], [ 113.49723053, -7.83486986 ], [ 113.49765015, -7.83491993 ], [ 113.49812317, -7.83486986 ], [ 113.49852753, -7.83468008 ], [ 113.49906158, -7.83437014 ], [ 113.49922943, -7.83422852 ], [ 113.49949646, -7.83400011 ], [ 113.5, -7.83365011 ], [ 113.50083923, -7.83291054 ], [ 113.50151062, -7.83231783 ], [ 113.502388, -7.83154011 ], [ 113.50227356, -7.83119011 ], [ 113.50192261, -7.83019018 ], [ 113.5018692, -7.83004999 ], [ 113.50140381, -7.8292799 ], [ 113.50102234, -7.82863998 ], [ 113.50071716, -7.82807016 ], [ 113.5, -7.82750988 ], [ 113.4996109, -7.82742977 ], [ 113.49932861, -7.82733011 ], [ 113.49910736, -7.82718992 ], [ 113.49920654, -7.82702017 ], [ 113.49952698, -7.82670021 ], [ 113.49971008, -7.82645988 ], [ 113.49977875, -7.82626009 ], [ 113.49978638, -7.82597017 ], [ 113.49977875, -7.82576656 ], [ 113.49965668, -7.82572985 ], [ 113.49941254, -7.82563019 ], [ 113.49929047, -7.82566786 ], [ 113.49906921, -7.82575655 ], [ 113.49889374, -7.82599163 ], [ 113.49874878, -7.82615328 ], [ 113.49858856, -7.82613945 ], [ 113.49841309, -7.8261261 ], [ 113.49826813, -7.82603931 ], [ 113.49810028, -7.82585001 ], [ 113.49801636, -7.82570457 ], [ 113.49777985, -7.82567692 ], [ 113.49760437, -7.82575083 ], [ 113.49750519, -7.825912 ], [ 113.49701691, -7.82572508 ], [ 113.49684906, -7.825387 ], [ 113.49681091, -7.82531738 ], [ 113.49638367, -7.82520294 ], [ 113.49588776, -7.8250742 ], [ 113.49588013, -7.82488537 ], [ 113.49593353, -7.82476759 ], [ 113.49597931, -7.82466412 ], [ 113.49612427, -7.82420921 ], [ 113.49614716, -7.8238287 ], [ 113.49610901, -7.82355881 ], [ 113.49600983, -7.82332659 ], [ 113.49597168, -7.8230567 ], [ 113.49594879, -7.82254744 ], [ 113.4960022, -7.82219744 ], [ 113.49620819, -7.82150936 ], [ 113.4963913, -7.82104158 ], [ 113.49646759, -7.82079601 ], [ 113.4965744, -7.82047653 ], [ 113.49669647, -7.82006884 ], [ 113.49671936, -7.81999683 ], [ 113.49681091, -7.81957912 ], [ 113.49681854, -7.81943512 ], [ 113.49682617, -7.81930923 ], [ 113.49684143, -7.81843758 ], [ 113.49688721, -7.81784964 ], [ 113.49693298, -7.81773996 ], [ 113.49701691, -7.81748009 ], [ 113.49704742, -7.81740665 ], [ 113.4970932, -7.81722164 ], [ 113.49725342, -7.81679106 ], [ 113.49738312, -7.81648016 ], [ 113.49754333, -7.81607008 ], [ 113.49771881, -7.81571007 ], [ 113.49807739, -7.81518984 ], [ 113.49816132, -7.81511021 ], [ 113.4984436, -7.81482983 ], [ 113.49851227, -7.81476021 ], [ 113.49913025, -7.81408978 ], [ 113.49929047, -7.81393003 ], [ 113.4994812, -7.81371021 ], [ 113.49980927, -7.81343985 ], [ 113.50001526, -7.81336451 ], [ 113.50035858, -7.81324005 ], [ 113.50048828, -7.81323004 ], [ 113.50063324, -7.81321001 ], [ 113.50084686, -7.81321001 ], [ 113.50097656, -7.81323004 ], [ 113.50144958, -7.81327057 ], [ 113.50167084, -7.81329012 ], [ 113.50192261, -7.81329012 ], [ 113.50219727, -7.81329012 ], [ 113.50299835, -7.81326008 ], [ 113.50309753, -7.81324005 ], [ 113.50327301, -7.81321001 ], [ 113.5033493, -7.8131299 ], [ 113.50401306, -7.81209993 ], [ 113.50431824, -7.81165981 ], [ 113.50450897, -7.81133986 ], [ 113.50456238, -7.81099987 ], [ 113.50466156, -7.81052017 ], [ 113.50478363, -7.81024981 ], [ 113.50483704, -7.81016016 ], [ 113.50544739, -7.80939007 ], [ 113.50566864, -7.8091898 ], [ 113.50588989, -7.80890989 ], [ 113.50595856, -7.80884981 ], [ 113.50601196, -7.80880022 ], [ 113.5058136, -7.80854988 ], [ 113.50556946, -7.80816984 ], [ 113.50544739, -7.80791998 ], [ 113.50514221, -7.80744982 ], [ 113.50506592, -7.80732059 ], [ 113.50479889, -7.80682993 ], [ 113.50463867, -7.80639982 ], [ 113.50456238, -7.80619001 ], [ 113.50444794, -7.80569983 ], [ 113.50428009, -7.8050499 ], [ 113.50424957, -7.80453014 ], [ 113.50396729, -7.80353022 ], [ 113.50332642, -7.80298996 ], [ 113.50323486, -7.80291271 ], [ 113.50269318, -7.80245018 ], [ 113.50231934, -7.80173016 ], [ 113.50231934, -7.80136013 ], [ 113.50234222, -7.80104303 ], [ 113.50240326, -7.80027008 ], [ 113.50240326, -7.79988337 ], [ 113.50240326, -7.79879999 ], [ 113.50240326, -7.79822779 ], [ 113.50241089, -7.79789019 ], [ 113.50241852, -7.79761982 ], [ 113.50223541, -7.79670954 ], [ 113.50223541, -7.79660749 ], [ 113.50229645, -7.79548979 ], [ 113.50250244, -7.79437542 ], [ 113.50244141, -7.79358006 ], [ 113.50221252, -7.79312992 ], [ 113.50190735, -7.7929101 ], [ 113.50105286, -7.79251003 ], [ 113.50054932, -7.79216003 ], [ 113.50047302, -7.79203987 ], [ 113.50036621, -7.79156017 ], [ 113.5002594, -7.79076004 ], [ 113.50022888, -7.79000998 ], [ 113.50022888, -7.78973007 ], [ 113.50050354, -7.78913021 ], [ 113.50063324, -7.78892994 ], [ 113.50067902, -7.78872013 ], [ 113.50066376, -7.788486 ], [ 113.50054932, -7.78837013 ], [ 113.50035095, -7.78811979 ], [ 113.50016785, -7.78792667 ], [ 113.5, -7.78774977 ], [ 113.49983215, -7.78760815 ], [ 113.49976349, -7.78754997 ], [ 113.49951935, -7.78725004 ], [ 113.49938965, -7.78697014 ], [ 113.49933624, -7.78679991 ], [ 113.49926758, -7.78628016 ], [ 113.49925232, -7.7860899 ], [ 113.49919891, -7.78591013 ], [ 113.49913788, -7.78571987 ], [ 113.49903107, -7.78543997 ], [ 113.49904633, -7.78494978 ], [ 113.49916077, -7.78458023 ], [ 113.49932861, -7.78406 ], [ 113.4994278, -7.78378487 ], [ 113.49917603, -7.7806201 ], [ 113.49897003, -7.77801418 ], [ 113.498909, -7.77733183 ], [ 113.49898529, -7.77526569 ], [ 113.49897003, -7.77477407 ], [ 113.49880219, -7.77472019 ], [ 113.49832916, -7.77449989 ], [ 113.49788666, -7.77423 ], [ 113.49730682, -7.77388 ], [ 113.49684906, -7.77353001 ], [ 113.49645233, -7.77312994 ], [ 113.49609375, -7.77266979 ], [ 113.49593353, -7.7723999 ], [ 113.49581909, -7.77207994 ], [ 113.4957962, -7.77190256 ], [ 113.4957428, -7.77146196 ], [ 113.4957428, -7.77062988 ], [ 113.4957428, -7.77024984 ], [ 113.49565125, -7.76997995 ], [ 113.49555969, -7.76959991 ], [ 113.49552917, -7.76914978 ], [ 113.4954834, -7.76872015 ], [ 113.49539185, -7.76849985 ], [ 113.49526978, -7.76820993 ], [ 113.49514771, -7.76791 ], [ 113.49513245, -7.76772833 ], [ 113.49511719, -7.76760006 ], [ 113.49520874, -7.76754999 ], [ 113.49546814, -7.76749992 ], [ 113.49568176, -7.76744986 ], [ 113.49578857, -7.76733017 ], [ 113.49585724, -7.76715994 ], [ 113.49591064, -7.76690817 ], [ 113.49594879, -7.76673985 ], [ 113.49601746, -7.76652002 ], [ 113.49606323, -7.76635981 ], [ 113.49601746, -7.7660799 ], [ 113.49600983, -7.76584005 ], [ 113.49590302, -7.76568985 ], [ 113.49569702, -7.7655201 ], [ 113.49543762, -7.76530266 ], [ 113.49526215, -7.76516008 ], [ 113.49514771, -7.76489019 ], [ 113.49501801, -7.76446009 ], [ 113.49534607, -7.76449442 ], [ 113.49599457, -7.76437044 ], [ 113.49720001, -7.76423454 ], [ 113.49794006, -7.76423883 ], [ 113.49810791, -7.7642417 ], [ 113.49820709, -7.76420832 ], [ 113.49849701, -7.76413584 ], [ 113.49894714, -7.76388979 ], [ 113.49942017, -7.76373291 ], [ 113.49992371, -7.76352406 ], [ 113.50035095, -7.76312637 ], [ 113.50047302, -7.76295137 ], [ 113.50094604, -7.76281691 ], [ 113.50121307, -7.76269436 ], [ 113.50164795, -7.76251364 ], [ 113.50208282, -7.7623682 ], [ 113.50228882, -7.76213217 ], [ 113.50249481, -7.76199198 ], [ 113.50279236, -7.76162195 ], [ 113.50288391, -7.7613492 ], [ 113.50306702, -7.76179981 ], [ 113.50334167, -7.76247978 ], [ 113.50359344, -7.76292992 ], [ 113.50376892, -7.76315022 ], [ 113.50434113, -7.76350927 ], [ 113.50463104, -7.76368999 ], [ 113.50530243, -7.76411009 ], [ 113.50554657, -7.76434994 ], [ 113.50554657, -7.76450014 ], [ 113.50569153, -7.7643199 ], [ 113.50640869, -7.76336002 ], [ 113.50685883, -7.76245022 ], [ 113.50759125, -7.76225996 ], [ 113.50788879, -7.76224279 ], [ 113.50811768, -7.76222992 ], [ 113.50845337, -7.76220798 ], [ 113.50935364, -7.76214981 ], [ 113.51007843, -7.76234007 ], [ 113.51058197, -7.76242018 ], [ 113.51065063, -7.76245022 ], [ 113.51083374, -7.76246977 ], [ 113.51078796, -7.76230001 ], [ 113.510849, -7.76203012 ], [ 113.51097107, -7.76181984 ], [ 113.51112366, -7.76170015 ], [ 113.51133728, -7.76161003 ], [ 113.51155853, -7.76159 ], [ 113.51194763, -7.76165009 ], [ 113.51203918, -7.76164007 ], [ 113.51213074, -7.76153994 ], [ 113.51217651, -7.7613802 ], [ 113.51217651, -7.7611599 ], [ 113.51212311, -7.7610302 ], [ 113.5118866, -7.76058006 ], [ 113.51190186, -7.76032925 ], [ 113.51197052, -7.76011992 ], [ 113.51206207, -7.7599802 ], [ 113.5121994, -7.75991011 ], [ 113.51260376, -7.75972986 ], [ 113.51290894, -7.75950003 ], [ 113.51306915, -7.7592802 ], [ 113.51316071, -7.75901985 ], [ 113.51319122, -7.75875998 ], [ 113.51322174, -7.75835991 ], [ 113.51331329, -7.75811005 ], [ 113.51348114, -7.75788021 ], [ 113.51368713, -7.75755978 ], [ 113.51409912, -7.75685978 ], [ 113.51450348, -7.75610018 ], [ 113.51464081, -7.75649023 ], [ 113.51467896, -7.75668001 ], [ 113.51481628, -7.75720978 ], [ 113.51503754, -7.75770998 ], [ 113.51509857, -7.75784445 ], [ 113.51531219, -7.75829983 ], [ 113.51544952, -7.75878 ], [ 113.51551819, -7.75907993 ], [ 113.51567841, -7.75935984 ], [ 113.51598358, -7.75970984 ], [ 113.51599884, -7.75983047 ], [ 113.51648712, -7.76284981 ], [ 113.51676941, -7.76327324 ], [ 113.51702118, -7.76365614 ], [ 113.51708221, -7.76374245 ], [ 113.51714325, -7.76383018 ], [ 113.51721954, -7.76395988 ], [ 113.51725769, -7.76429987 ], [ 113.51731873, -7.76444006 ], [ 113.51779938, -7.76485014 ], [ 113.51798248, -7.76502991 ], [ 113.51808167, -7.76514006 ], [ 113.51818085, -7.76522017 ], [ 113.51820374, -7.76537991 ], [ 113.51818848, -7.76562977 ], [ 113.51828003, -7.76601982 ], [ 113.51891327, -7.76706982 ], [ 113.51896667, -7.76719999 ], [ 113.51898193, -7.76738977 ], [ 113.51895905, -7.76751995 ], [ 113.52290344, -7.77202988 ], [ 113.52320862, -7.77238989 ], [ 113.52500153, -7.77495003 ], [ 113.5250473, -7.77503014 ], [ 113.52565765, -7.77510977 ], [ 113.52588654, -7.7751441 ], [ 113.52805328, -7.77546978 ], [ 113.5279541, -7.776227 ], [ 113.52774048, -7.77791977 ], [ 113.52751923, -7.77876997 ], [ 113.52780914, -7.77883053 ], [ 113.53039551, -7.77937222 ], [ 113.53072357, -7.77943993 ], [ 113.53309631, -7.77980995 ], [ 113.53456116, -7.78002977 ], [ 113.53562927, -7.7801404 ], [ 113.53613281, -7.7801919 ], [ 113.53611755, -7.78066015 ], [ 113.53610992, -7.78157997 ], [ 113.53622437, -7.78189993 ], [ 113.53627014, -7.78203011 ], [ 113.53635406, -7.78204632 ], [ 113.53657532, -7.78209496 ], [ 113.53688812, -7.78209305 ], [ 113.53701782, -7.78201199 ], [ 113.53713989, -7.78199148 ], [ 113.53730774, -7.78199053 ], [ 113.53733063, -7.78170967 ], [ 113.537323, -7.7814188 ], [ 113.53738403, -7.78113794 ], [ 113.5374527, -7.7808466 ], [ 113.53760529, -7.78080559 ], [ 113.53781128, -7.78076458 ], [ 113.53796387, -7.78080368 ], [ 113.53804779, -7.7808733 ], [ 113.53826904, -7.78087187 ], [ 113.53845215, -7.78083086 ], [ 113.53868866, -7.7808094 ], [ 113.53881073, -7.78078842 ], [ 113.53900909, -7.78089762 ], [ 113.5391922, -7.78104687 ], [ 113.5396347, -7.78118467 ], [ 113.53997803, -7.78120232 ], [ 113.54019928, -7.78126144 ], [ 113.54039001, -7.78130007 ], [ 113.54063416, -7.78128862 ], [ 113.54074097, -7.7813282 ], [ 113.54086304, -7.78148794 ], [ 113.54094696, -7.78167772 ], [ 113.54125214, -7.78195667 ], [ 113.54194641, -7.78208303 ], [ 113.54232788, -7.78228092 ], [ 113.54242706, -7.78268147 ], [ 113.54249573, -7.78314924 ], [ 113.54328918, -7.78326988 ], [ 113.54351044, -7.78349829 ], [ 113.54370117, -7.78369236 ], [ 113.54393768, -7.78393793 ], [ 113.54425049, -7.78403091 ], [ 113.54663086, -7.78460979 ], [ 113.54715729, -7.78473377 ], [ 113.54837799, -7.78502226 ], [ 113.54875183, -7.78511 ], [ 113.54957581, -7.78529978 ], [ 113.55005646, -7.78540993 ], [ 113.55172729, -7.78578997 ], [ 113.55254364, -7.78578997 ], [ 113.55287933, -7.78578997 ], [ 113.55478668, -7.78577995 ], [ 113.5558548, -7.78561354 ], [ 113.55832672, -7.78522587 ], [ 113.55861664, -7.78518009 ], [ 113.55873108, -7.78518009 ], [ 113.55890656, -7.7851181 ], [ 113.55898285, -7.78508997 ], [ 113.55924988, -7.78500986 ], [ 113.55996704, -7.78477001 ], [ 113.56038666, -7.7846365 ], [ 113.56047058, -7.78460979 ], [ 113.56204224, -7.78409004 ], [ 113.56240845, -7.78487015 ], [ 113.56266785, -7.78505993 ], [ 113.5627594, -7.78511 ], [ 113.56350708, -7.78539991 ], [ 113.56359863, -7.78542995 ], [ 113.56384277, -7.78552008 ], [ 113.56401062, -7.78557014 ], [ 113.5644989, -7.78563023 ], [ 113.5646286, -7.78568983 ], [ 113.56481171, -7.78588009 ], [ 113.56513977, -7.7863102 ], [ 113.56537628, -7.78655005 ], [ 113.56581879, -7.78689003 ], [ 113.56606293, -7.78703022 ], [ 113.56661224, -7.78718996 ], [ 113.56723022, -7.78753996 ], [ 113.56745148, -7.78766012 ], [ 113.56777954, -7.78771019 ], [ 113.56806183, -7.78768015 ], [ 113.56816864, -7.78767014 ], [ 113.56835938, -7.78777981 ], [ 113.56880188, -7.78809023 ], [ 113.56890869, -7.78816986 ], [ 113.56896973, -7.78827 ], [ 113.56906891, -7.78838015 ], [ 113.57003021, -7.78890991 ], [ 113.57025146, -7.78900003 ], [ 113.57054901, -7.78893995 ], [ 113.57073212, -7.78888988 ], [ 113.57125854, -7.78898001 ], [ 113.57161713, -7.7890501 ], [ 113.5717926, -7.78906012 ], [ 113.57192993, -7.78915977 ], [ 113.57208252, -7.78931999 ], [ 113.57232666, -7.78939009 ], [ 113.57263947, -7.78946018 ], [ 113.57289124, -7.7892499 ], [ 113.57463074, -7.78763008 ], [ 113.57476807, -7.78750992 ], [ 113.5753479, -7.78697014 ], [ 113.57559204, -7.78720999 ], [ 113.57594299, -7.78742981 ], [ 113.57620239, -7.78753996 ], [ 113.57662201, -7.78759003 ], [ 113.57711792, -7.78767014 ], [ 113.5776062, -7.7876606 ], [ 113.57810974, -7.78768015 ], [ 113.57834625, -7.78769016 ], [ 113.57858276, -7.78776979 ], [ 113.57904053, -7.78813982 ], [ 113.57911682, -7.78820992 ], [ 113.57933044, -7.78837013 ], [ 113.57965088, -7.78852987 ], [ 113.57994843, -7.78857994 ], [ 113.58032227, -7.78853989 ], [ 113.58069611, -7.78850555 ], [ 113.58087158, -7.78848982 ], [ 113.58109283, -7.78849983 ], [ 113.58126068, -7.78855991 ], [ 113.58161163, -7.78888988 ], [ 113.58168793, -7.78902006 ], [ 113.58177185, -7.78916979 ], [ 113.5818634, -7.7892499 ], [ 113.58197784, -7.78933001 ], [ 113.58222198, -7.78949022 ], [ 113.58242798, -7.78972006 ], [ 113.58249664, -7.78980017 ], [ 113.58265686, -7.78993988 ], [ 113.58286285, -7.79001999 ], [ 113.58315277, -7.79011011 ], [ 113.58322906, -7.79014015 ], [ 113.58365631, -7.79026985 ], [ 113.58396149, -7.79032993 ], [ 113.5840683, -7.79039001 ], [ 113.58413696, -7.79042006 ], [ 113.58441162, -7.79058981 ], [ 113.58448029, -7.79061985 ], [ 113.58486938, -7.79077005 ], [ 113.58515167, -7.79086018 ], [ 113.58542633, -7.79092979 ], [ 113.58570862, -7.7910099 ], [ 113.58582306, -7.79102993 ], [ 113.58596802, -7.79101992 ], [ 113.58634186, -7.79091978 ], [ 113.58657837, -7.79096985 ], [ 113.58670044, -7.79101229 ], [ 113.58683014, -7.79105997 ], [ 113.58704376, -7.79114008 ], [ 113.58721161, -7.79121017 ], [ 113.58766937, -7.79145002 ], [ 113.58782196, -7.79152012 ], [ 113.58811951, -7.79167986 ], [ 113.58830261, -7.79183006 ], [ 113.58837891, -7.79195023 ], [ 113.58847046, -7.79217005 ], [ 113.58862305, -7.79252005 ], [ 113.58876801, -7.79287004 ], [ 113.58879852, -7.79295015 ], [ 113.58888245, -7.79316998 ], [ 113.58889771, -7.79327011 ], [ 113.58896637, -7.79346991 ], [ 113.58907318, -7.79364014 ], [ 113.58918762, -7.79371977 ], [ 113.58934784, -7.79377985 ], [ 113.58963013, -7.79386997 ], [ 113.58994293, -7.79402018 ], [ 113.59013367, -7.79410982 ], [ 113.59024811, -7.7941699 ], [ 113.59059143, -7.79429007 ], [ 113.59088135, -7.79441977 ], [ 113.5909729, -7.79447985 ], [ 113.59114838, -7.79465008 ], [ 113.59134674, -7.79492998 ], [ 113.59146118, -7.79508018 ], [ 113.59156799, -7.79515982 ], [ 113.59172058, -7.79520988 ], [ 113.59197998, -7.79532003 ], [ 113.59217834, -7.79541826 ], [ 113.59230042, -7.79547977 ], [ 113.5925293, -7.79554987 ], [ 113.592659, -7.7955699 ], [ 113.59293365, -7.79559994 ], [ 113.59314728, -7.79560995 ], [ 113.59349823, -7.79567003 ], [ 113.59410095, -7.79574013 ], [ 113.59420776, -7.79606009 ], [ 113.59429932, -7.79632998 ], [ 113.59441376, -7.79655981 ], [ 113.594841, -7.79694986 ], [ 113.59499359, -7.79707623 ], [ 113.5951767, -7.79719019 ], [ 113.59557343, -7.79730988 ], [ 113.5958786, -7.79731989 ], [ 113.59603119, -7.79729986 ], [ 113.59619141, -7.79727983 ], [ 113.59631348, -7.79726982 ], [ 113.59649658, -7.79726982 ], [ 113.59696198, -7.79727983 ], [ 113.59734344, -7.79727983 ], [ 113.59754944, -7.79728985 ], [ 113.59796143, -7.79728985 ], [ 113.59848785, -7.79725981 ], [ 113.59880829, -7.79728985 ], [ 113.59916687, -7.79738998 ], [ 113.59954071, -7.79761982 ], [ 113.6000824, -7.79805994 ], [ 113.60025787, -7.79815006 ], [ 113.60050201, -7.7981801 ], [ 113.60073853, -7.79816008 ], [ 113.60092163, -7.79816008 ], [ 113.60112, -7.7981801 ], [ 113.60144043, -7.79826021 ], [ 113.60150909, -7.79828978 ], [ 113.60163116, -7.79834986 ], [ 113.60179138, -7.79842997 ], [ 113.60191345, -7.79849005 ], [ 113.60199738, -7.7985301 ], [ 113.60218811, -7.79862022 ], [ 113.60234833, -7.79864979 ], [ 113.60253906, -7.79858017 ], [ 113.60272217, -7.79842997 ], [ 113.60279846, -7.79847002 ], [ 113.60308075, -7.79841995 ], [ 113.60362244, -7.79824018 ], [ 113.60405731, -7.79813957 ], [ 113.60432434, -7.79825592 ], [ 113.60462189, -7.79838467 ], [ 113.60478973, -7.79846478 ], [ 113.60565186, -7.79876852 ], [ 113.6059494, -7.79885578 ], [ 113.6060791, -7.79893589 ], [ 113.60598755, -7.79903316 ], [ 113.60593414, -7.79910851 ], [ 113.60586548, -7.79920626 ], [ 113.60578918, -7.7992878 ], [ 113.60572815, -7.79937983 ], [ 113.60565186, -7.79947567 ], [ 113.60558319, -7.79952335 ], [ 113.60552979, -7.79957485 ], [ 113.60544586, -7.79962778 ], [ 113.6053772, -7.79965734 ], [ 113.60530853, -7.79968929 ], [ 113.60522461, -7.79971504 ], [ 113.60513306, -7.79974318 ], [ 113.6050415, -7.79976749 ], [ 113.60495758, -7.79978895 ], [ 113.60487366, -7.79981613 ], [ 113.6047821, -7.79985332 ], [ 113.60469818, -7.79989672 ], [ 113.60460663, -7.79996109 ], [ 113.60453796, -7.80002069 ], [ 113.60443878, -7.80010414 ], [ 113.60437012, -7.80018711 ], [ 113.60429382, -7.80029964 ], [ 113.6042099, -7.8004241 ], [ 113.60413361, -7.80052519 ], [ 113.60396576, -7.80070639 ], [ 113.60388184, -7.80078363 ], [ 113.60365295, -7.80098009 ], [ 113.60358429, -7.80103254 ], [ 113.60334778, -7.80120087 ], [ 113.6031189, -7.80139446 ], [ 113.60298157, -7.80149794 ], [ 113.60281372, -7.80160666 ], [ 113.60272217, -7.80166101 ], [ 113.6026001, -7.80173111 ], [ 113.60240936, -7.80182314 ], [ 113.60224152, -7.80191326 ], [ 113.60207367, -7.80200529 ], [ 113.60189056, -7.8021059 ], [ 113.60160065, -7.8022542 ], [ 113.60134888, -7.80237246 ], [ 113.60115814, -7.80244303 ], [ 113.600914, -7.80251312 ], [ 113.60063934, -7.80257559 ], [ 113.60040283, -7.80262375 ], [ 113.60014343, -7.80267954 ], [ 113.5998764, -7.80273151 ], [ 113.59939575, -7.80283403 ], [ 113.59927368, -7.80286789 ], [ 113.59894562, -7.80294895 ], [ 113.5986557, -7.80301905 ], [ 113.59841156, -7.80306768 ], [ 113.59828949, -7.80309105 ], [ 113.59790802, -7.8031621 ], [ 113.59762573, -7.80322075 ], [ 113.59744263, -7.80325794 ], [ 113.5973587, -7.8032794 ], [ 113.59677124, -7.8034339 ], [ 113.59667206, -7.80345154 ], [ 113.59645844, -7.80349064 ], [ 113.59637451, -7.8035059 ], [ 113.59603882, -7.80351114 ], [ 113.59593201, -7.80351305 ], [ 113.59570313, -7.80352354 ], [ 113.59561157, -7.80352736 ], [ 113.59551239, -7.80353212 ], [ 113.59541321, -7.80354118 ], [ 113.59520721, -7.80357409 ], [ 113.59477234, -7.80365133 ], [ 113.59444427, -7.80370903 ], [ 113.59407043, -7.80372858 ], [ 113.59395599, -7.80373287 ], [ 113.59348297, -7.80374289 ], [ 113.59339142, -7.80374479 ], [ 113.59326172, -7.8037982 ], [ 113.59315491, -7.80388212 ], [ 113.59301758, -7.80399132 ], [ 113.59289551, -7.80415487 ], [ 113.59277344, -7.80436993 ], [ 113.59259033, -7.80471849 ], [ 113.59223175, -7.80531263 ], [ 113.59215546, -7.8054142 ], [ 113.59242249, -7.80575752 ], [ 113.59246063, -7.80583096 ], [ 113.59255219, -7.80599451 ], [ 113.59267426, -7.80615759 ], [ 113.59281921, -7.80634499 ], [ 113.59291077, -7.80643415 ], [ 113.59302521, -7.80653811 ], [ 113.59320831, -7.8066597 ], [ 113.5933609, -7.80671024 ], [ 113.5934906, -7.80675316 ], [ 113.59365845, -7.80686426 ], [ 113.59377289, -7.80699158 ], [ 113.59392548, -7.80730915 ], [ 113.59403992, -7.8075881 ], [ 113.59414673, -7.80765009 ], [ 113.59420776, -7.80769539 ], [ 113.5945816, -7.80778837 ], [ 113.59474945, -7.80783129 ], [ 113.59501648, -7.80801868 ], [ 113.59509277, -7.80807447 ], [ 113.59529114, -7.80816317 ], [ 113.59567261, -7.80828905 ], [ 113.59618378, -7.80863523 ], [ 113.59648132, -7.80880213 ], [ 113.59656525, -7.8088522 ], [ 113.59671021, -7.80894089 ], [ 113.59709167, -7.80888987 ], [ 113.59722137, -7.80887794 ], [ 113.5973053, -7.80887318 ], [ 113.59738159, -7.80889416 ], [ 113.59749603, -7.80899477 ], [ 113.59762573, -7.80912733 ], [ 113.59780121, -7.80929661 ], [ 113.59790039, -7.80938435 ], [ 113.59810638, -7.80956268 ], [ 113.59832764, -7.80976057 ], [ 113.59853363, -7.80994749 ], [ 113.59889221, -7.81037951 ], [ 113.59896851, -7.81047106 ], [ 113.59920502, -7.81077003 ], [ 113.59931183, -7.81088018 ], [ 113.59999084, -7.81131363 ], [ 113.60069275, -7.81178141 ], [ 113.60079193, -7.81185055 ], [ 113.60092163, -7.81193733 ], [ 113.6009903, -7.81200838 ], [ 113.6010437, -7.81206369 ], [ 113.60112, -7.81219053 ], [ 113.60121918, -7.81236219 ], [ 113.60134888, -7.81258631 ], [ 113.60168457, -7.81297398 ], [ 113.60186768, -7.81312084 ], [ 113.60198212, -7.81321335 ], [ 113.60211182, -7.81328821 ], [ 113.60219574, -7.81334114 ], [ 113.60242462, -7.81344032 ], [ 113.60250854, -7.81350899 ], [ 113.60255432, -7.81357765 ], [ 113.60266876, -7.81382942 ], [ 113.60287476, -7.81415462 ], [ 113.60296631, -7.81428576 ], [ 113.60312653, -7.81452608 ], [ 113.60314941, -7.81464148 ], [ 113.60321808, -7.81493998 ], [ 113.60323334, -7.81514454 ], [ 113.60332489, -7.81547546 ], [ 113.6033783, -7.81566048 ], [ 113.60341644, -7.81577587 ], [ 113.60344696, -7.81585264 ], [ 113.60353851, -7.81608391 ], [ 113.60365295, -7.8163414 ], [ 113.60374451, -7.81645966 ], [ 113.60396576, -7.81654501 ], [ 113.60404968, -7.81657028 ], [ 113.60425568, -7.81663322 ], [ 113.60442352, -7.81673431 ], [ 113.60451508, -7.81689644 ], [ 113.6047287, -7.81728315 ], [ 113.60477448, -7.81737471 ], [ 113.60497284, -7.81772041 ], [ 113.60507965, -7.81785345 ], [ 113.60514832, -7.8179369 ], [ 113.60536957, -7.81828308 ], [ 113.60557556, -7.81848526 ], [ 113.60571289, -7.81859589 ], [ 113.60579681, -7.8186717 ], [ 113.60584259, -7.81873035 ], [ 113.60588074, -7.81879377 ], [ 113.60580444, -7.81926727 ], [ 113.60577393, -7.81936741 ], [ 113.60553741, -7.81989098 ], [ 113.60562134, -7.81991339 ], [ 113.60607147, -7.82022238 ], [ 113.60621643, -7.82035303 ], [ 113.60626984, -7.82040882 ], [ 113.60639191, -7.8205533 ], [ 113.60648346, -7.82066727 ], [ 113.60655975, -7.82076502 ], [ 113.60661316, -7.82087278 ], [ 113.60668945, -7.82099295 ], [ 113.60675049, -7.82107019 ], [ 113.60683441, -7.82116556 ], [ 113.60690308, -7.82123947 ], [ 113.60696411, -7.82131338 ], [ 113.60703278, -7.82140779 ], [ 113.60709381, -7.82150221 ], [ 113.60713959, -7.82156515 ], [ 113.60729218, -7.82174397 ], [ 113.60741425, -7.82186031 ], [ 113.6075058, -7.82196331 ], [ 113.60759735, -7.82206202 ], [ 113.6076889, -7.82213449 ], [ 113.60778809, -7.8222065 ], [ 113.60785675, -7.82225466 ], [ 113.60791779, -7.82230091 ], [ 113.60804749, -7.82239103 ], [ 113.6082077, -7.822505 ], [ 113.60836792, -7.82258606 ], [ 113.60848236, -7.82265615 ], [ 113.60863495, -7.82275629 ], [ 113.60874939, -7.82282209 ], [ 113.60882568, -7.8228693 ], [ 113.60903168, -7.82298374 ], [ 113.60919189, -7.82306147 ], [ 113.60927582, -7.82309103 ], [ 113.609375, -7.82311058 ], [ 113.60948944, -7.82313251 ], [ 113.60959625, -7.82315254 ], [ 113.60972595, -7.82319069 ], [ 113.60980225, -7.82322025 ], [ 113.60992432, -7.82326508 ], [ 113.61001587, -7.82329416 ], [ 113.61008453, -7.82332945 ], [ 113.61025238, -7.82344007 ], [ 113.61032104, -7.82348776 ], [ 113.61038971, -7.82352924 ], [ 113.61051941, -7.82359743 ], [ 113.61063385, -7.82364464 ], [ 113.61070251, -7.82367325 ], [ 113.6108017, -7.82371283 ], [ 113.6109314, -7.82378244 ], [ 113.61101532, -7.82382679 ], [ 113.61109924, -7.82387686 ], [ 113.61118317, -7.8239274 ], [ 113.61127472, -7.82397032 ], [ 113.6113739, -7.82401657 ], [ 113.61135101, -7.82451248 ], [ 113.61139679, -7.82461548 ], [ 113.61149597, -7.82482052 ], [ 113.61164856, -7.8251996 ], [ 113.61088562, -7.82693338 ], [ 113.61036682, -7.82787371 ], [ 113.60969543, -7.82908487 ], [ 113.60943604, -7.83088589 ], [ 113.60939789, -7.83116007 ], [ 113.60910034, -7.83255053 ], [ 113.60674286, -7.83619928 ], [ 113.60671234, -7.83626699 ], [ 113.60650635, -7.83679199 ], [ 113.60617828, -7.83763075 ], [ 113.60595703, -7.83795214 ], [ 113.60337067, -7.84164333 ], [ 113.6031189, -7.84229279 ], [ 113.60280609, -7.84309149 ], [ 113.60234833, -7.84515572 ] ] ] ] } },
{ "type": "Feature", "properties": { "GID_0": "IDN", "NAME_0": "Indonesia", "GID_1": "IDN.11_1", "NAME_1": "Jawa Timur", "NL_NAME_1": null, "GID_2": "IDN.11.30_1", "NAME_2": "Probolinggo", "NL_NAME_2": null, "GID_3": "IDN.11.30.18_1", "NAME_3": "Sukapura", "VARNAME_3": null, "NL_NAME_3": null, "TYPE_3": "Kecamatan", "ENGTYPE_3": "Sub-district", "CC_3": "3513010", "HASC_3": null }, "geometry": { "type": "MultiPolygon", "coordinates": [ [ [ [ 112.93481445, -7.97890902 ], [ 112.93463898, -7.97798967 ], [ 112.93403625, -7.97676754 ], [ 112.9335022, -7.97579479 ], [ 112.9330368, -7.97516489 ], [ 112.93231964, -7.97444344 ], [ 112.93149567, -7.9736042 ], [ 112.93101501, -7.97278976 ], [ 112.92996216, -7.97100306 ], [ 112.92852783, -7.96902084 ], [ 112.92816925, -7.96860075 ], [ 112.9278183, -7.96725702 ], [ 112.92775726, -7.96621799 ], [ 112.92779541, -7.96486521 ], [ 112.9281311, -7.96399021 ], [ 112.9283905, -7.96317196 ], [ 112.92849731, -7.96236801 ], [ 112.92855835, -7.9616828 ], [ 112.92864227, -7.96082592 ], [ 112.92894745, -7.95999908 ], [ 112.92960358, -7.95913553 ], [ 112.93029785, -7.95851278 ], [ 112.93101501, -7.95791674 ], [ 112.93213654, -7.95748949 ], [ 112.93357849, -7.95719337 ], [ 112.93456268, -7.95693874 ], [ 112.93505096, -7.95660686 ], [ 112.93531799, -7.95619583 ], [ 112.9355011, -7.95461559 ], [ 112.93565369, -7.95352173 ], [ 112.9358902, -7.95263815 ], [ 112.93629456, -7.95175362 ], [ 112.9370575, -7.95088053 ], [ 112.9372406, -7.95071936 ], [ 112.93762207, -7.95039034 ], [ 112.93852234, -7.94996452 ], [ 112.93971252, -7.94980097 ], [ 112.9415741, -7.94972658 ], [ 112.94368744, -7.94976902 ], [ 112.94437408, -7.949687 ], [ 112.94494629, -7.94951296 ], [ 112.94547272, -7.94903612 ], [ 112.94689178, -7.94769907 ], [ 112.94785309, -7.94694376 ], [ 112.94881439, -7.94614887 ], [ 112.94974518, -7.94569635 ], [ 112.95046997, -7.94524527 ], [ 112.95149231, -7.94456863 ], [ 112.95246887, -7.943892 ], [ 112.95288849, -7.94334984 ], [ 112.95306396, -7.94280863 ], [ 112.95307159, -7.9422822 ], [ 112.95301819, -7.94159746 ], [ 112.95274353, -7.93982029 ], [ 112.95266724, -7.93744946 ], [ 112.95262909, -7.93593454 ], [ 112.95252228, -7.93460464 ], [ 112.95246124, -7.93410015 ], [ 112.95220947, -7.93293285 ], [ 112.95180511, -7.93174934 ], [ 112.95159149, -7.93048573 ], [ 112.95137024, -7.92923546 ], [ 112.95111084, -7.92774773 ], [ 112.95074463, -7.925879 ], [ 112.95053101, -7.92449665 ], [ 112.95039368, -7.92385197 ], [ 112.95038605, -7.92291641 ], [ 112.95053101, -7.92169094 ], [ 112.95102692, -7.92034483 ], [ 112.95204926, -7.91845608 ], [ 112.95262146, -7.91732073 ], [ 112.95291901, -7.91630459 ], [ 112.95290375, -7.91505337 ], [ 112.95261383, -7.91317081 ], [ 112.95204926, -7.91204691 ], [ 112.95173645, -7.91142797 ], [ 112.95173645, -7.91135168 ], [ 112.95174408, -7.91115904 ], [ 112.95175171, -7.91098595 ], [ 112.95175934, -7.91088343 ], [ 112.95158386, -7.91097927 ], [ 112.9515152, -7.91107512 ], [ 112.95147705, -7.91115904 ], [ 112.9513855, -7.91111279 ], [ 112.95135498, -7.91098738 ], [ 112.95129395, -7.91107178 ], [ 112.95122528, -7.91114569 ], [ 112.9511261, -7.91098642 ], [ 112.95098114, -7.91080427 ], [ 112.95085144, -7.91069841 ], [ 112.95067596, -7.9105525 ], [ 112.95044708, -7.91042852 ], [ 112.95034027, -7.91039515 ], [ 112.95008087, -7.91025686 ], [ 112.94974518, -7.91007662 ], [ 112.94954681, -7.90990639 ], [ 112.94948578, -7.90959644 ], [ 112.949646, -7.90923595 ], [ 112.94953156, -7.90923071 ], [ 112.94943237, -7.90933514 ], [ 112.94927979, -7.90945911 ], [ 112.94943237, -7.90908957 ], [ 112.94927216, -7.90914869 ], [ 112.94907379, -7.90937996 ], [ 112.9489975, -7.90944099 ], [ 112.94892883, -7.90941095 ], [ 112.94892883, -7.90929937 ], [ 112.9489975, -7.90917158 ], [ 112.94915771, -7.90896893 ], [ 112.94920349, -7.90887785 ], [ 112.94911957, -7.90886831 ], [ 112.94889069, -7.90908718 ], [ 112.94881439, -7.90915632 ], [ 112.9487915, -7.90884876 ], [ 112.94858551, -7.90907383 ], [ 112.9484787, -7.90895128 ], [ 112.94850922, -7.90880299 ], [ 112.94871521, -7.90856361 ], [ 112.94882202, -7.90841389 ], [ 112.9488678, -7.9083395 ], [ 112.94883728, -7.9080863 ], [ 112.94876862, -7.90790129 ], [ 112.94892883, -7.90764952 ], [ 112.94900513, -7.90749264 ], [ 112.94900513, -7.90727901 ], [ 112.94893646, -7.90685177 ], [ 112.94879913, -7.90630913 ], [ 112.94997406, -7.90576649 ], [ 112.95098114, -7.90534019 ], [ 112.9526062, -7.90448952 ], [ 112.953125, -7.90396833 ], [ 112.95322418, -7.90386772 ], [ 112.95375824, -7.90287733 ], [ 112.95413971, -7.90190077 ], [ 112.95509338, -7.8996172 ], [ 112.95517731, -7.89945507 ], [ 112.95549774, -7.89882469 ], [ 112.95586395, -7.89833546 ], [ 112.9562912, -7.89812279 ], [ 112.95713806, -7.89806604 ], [ 112.9587326, -7.89817715 ], [ 112.96025848, -7.8983283 ], [ 112.96103668, -7.89829826 ], [ 112.96170044, -7.898242 ], [ 112.96316528, -7.89794588 ], [ 112.96401215, -7.89750719 ], [ 112.96457672, -7.89707947 ], [ 112.96471405, -7.89697075 ], [ 112.96600342, -7.8959527 ], [ 112.96714783, -7.89462614 ], [ 112.97597504, -7.89497757 ], [ 112.979599, -7.89474487 ], [ 112.98133087, -7.89457464 ], [ 112.98534393, -7.89617443 ], [ 112.98569489, -7.89638138 ], [ 112.98620605, -7.89668798 ], [ 112.98577881, -7.89909029 ], [ 112.98668671, -7.89944506 ], [ 112.98767853, -7.90011406 ], [ 112.98826599, -7.90048552 ], [ 112.98834229, -7.90018559 ], [ 112.98927307, -7.90055561 ], [ 112.98969269, -7.90065861 ], [ 112.99029541, -7.90059566 ], [ 112.9907608, -7.90059328 ], [ 112.99113464, -7.90051699 ], [ 112.9912262, -7.90053129 ], [ 112.99217224, -7.90084124 ], [ 112.99288177, -7.90092754 ], [ 112.99317932, -7.90089607 ], [ 112.9936676, -7.90155268 ], [ 112.99416351, -7.90220928 ], [ 112.99461365, -7.90244627 ], [ 112.99521637, -7.90256357 ], [ 112.99578857, -7.90256071 ], [ 112.99626923, -7.90308237 ], [ 112.99668121, -7.90369415 ], [ 112.99703979, -7.9040966 ], [ 112.99725342, -7.90467978 ], [ 112.99745178, -7.90532255 ], [ 112.99795532, -7.90573263 ], [ 112.99795532, -7.90594006 ], [ 112.99814606, -7.90594482 ], [ 112.99824524, -7.90583086 ], [ 112.99853516, -7.90575409 ], [ 112.99880219, -7.90559292 ], [ 112.998909, -7.90549994 ], [ 112.99927521, -7.90534687 ], [ 112.99959564, -7.90480328 ], [ 112.99977875, -7.90474558 ], [ 113.00022125, -7.90461111 ], [ 113.00070953, -7.90468502 ], [ 113.00094604, -7.90463257 ], [ 113.00100708, -7.90459442 ], [ 113.00112152, -7.90450001 ], [ 113.00119781, -7.90398979 ], [ 113.00131989, -7.90364647 ], [ 113.00137329, -7.90352011 ], [ 113.00150299, -7.90329981 ], [ 113.00163269, -7.90313005 ], [ 113.00177765, -7.90297985 ], [ 113.00193024, -7.90286016 ], [ 113.00199127, -7.9028101 ], [ 113.00216675, -7.90264988 ], [ 113.00238037, -7.90248013 ], [ 113.0025177, -7.90233994 ], [ 113.0027771, -7.90216017 ], [ 113.00298309, -7.90196991 ], [ 113.00324249, -7.90172005 ], [ 113.00332642, -7.90162945 ], [ 113.00344086, -7.90150976 ], [ 113.00357819, -7.90137005 ], [ 113.00377655, -7.9011302 ], [ 113.00405121, -7.90076017 ], [ 113.00437927, -7.90028 ], [ 113.00450134, -7.90015984 ], [ 113.00468445, -7.89985228 ], [ 113.00478363, -7.89960003 ], [ 113.00482941, -7.89936018 ], [ 113.00485992, -7.89928007 ], [ 113.00498199, -7.89908981 ], [ 113.00509644, -7.89891005 ], [ 113.00523376, -7.89864016 ], [ 113.00537109, -7.8984499 ], [ 113.00546265, -7.8983798 ], [ 113.00575256, -7.89820004 ], [ 113.00601959, -7.89801979 ], [ 113.00617981, -7.89784002 ], [ 113.00634766, -7.89764977 ], [ 113.00641632, -7.89757013 ], [ 113.00663757, -7.89730978 ], [ 113.00679016, -7.89708996 ], [ 113.00689697, -7.89674997 ], [ 113.00710297, -7.89630985 ], [ 113.0072937, -7.89620018 ], [ 113.00737762, -7.89618015 ], [ 113.00756073, -7.89621019 ], [ 113.00769043, -7.89624977 ], [ 113.00798035, -7.89627981 ], [ 113.0080719, -7.8962698 ], [ 113.00833893, -7.89616013 ], [ 113.00856018, -7.89603996 ], [ 113.00879669, -7.89584732 ], [ 113.00885773, -7.89577007 ], [ 113.00906372, -7.89554024 ], [ 113.0092392, -7.89535999 ], [ 113.0093689, -7.89526987 ], [ 113.00959778, -7.8952198 ], [ 113.00980377, -7.89518976 ], [ 113.0100174, -7.89518023 ], [ 113.01100159, -7.89478016 ], [ 113.01120758, -7.89469481 ], [ 113.01242828, -7.89419985 ], [ 113.01280975, -7.89404345 ], [ 113.01300812, -7.89396 ], [ 113.01364899, -7.89362001 ], [ 113.01377106, -7.89355993 ], [ 113.01448059, -7.89308023 ], [ 113.01503754, -7.89264011 ], [ 113.01583099, -7.89187002 ], [ 113.01636505, -7.89116716 ], [ 113.01689148, -7.89048004 ], [ 113.0170517, -7.89037991 ], [ 113.01725769, -7.89020014 ], [ 113.01735687, -7.89007998 ], [ 113.01750183, -7.88985014 ], [ 113.01760864, -7.88968992 ], [ 113.0177002, -7.88958979 ], [ 113.01782227, -7.88948011 ], [ 113.01795959, -7.88938999 ], [ 113.01821899, -7.88929987 ], [ 113.01850128, -7.88923979 ], [ 113.01873016, -7.88920021 ], [ 113.01891327, -7.88917017 ], [ 113.01908875, -7.88915014 ], [ 113.01924896, -7.88915014 ], [ 113.01934052, -7.88915014 ], [ 113.01947784, -7.88916016 ], [ 113.01970673, -7.88913012 ], [ 113.01991272, -7.88903999 ], [ 113.02005005, -7.8889699 ], [ 113.02041626, -7.8887701 ], [ 113.02056122, -7.88866997 ], [ 113.0207901, -7.88839006 ], [ 113.02098846, -7.88813019 ], [ 113.02111053, -7.88795996 ], [ 113.0214386, -7.88758993 ], [ 113.02150726, -7.88749981 ], [ 113.0218811, -7.88707018 ], [ 113.02205658, -7.88691139 ], [ 113.02211761, -7.88684988 ], [ 113.02233124, -7.88665009 ], [ 113.02249146, -7.88637018 ], [ 113.02262878, -7.88593006 ], [ 113.02279663, -7.88562012 ], [ 113.02300262, -7.88535976 ], [ 113.02311707, -7.88529015 ], [ 113.02346039, -7.88516998 ], [ 113.02365112, -7.88513994 ], [ 113.02394867, -7.88513994 ], [ 113.02419281, -7.88523006 ], [ 113.02445221, -7.88530016 ], [ 113.02458954, -7.88528013 ], [ 113.02477264, -7.88518 ], [ 113.02500153, -7.88504982 ], [ 113.02519989, -7.88493013 ], [ 113.02539063, -7.88479996 ], [ 113.02562714, -7.8846302 ], [ 113.02587128, -7.88448 ], [ 113.02601624, -7.88442993 ], [ 113.02642059, -7.88430929 ], [ 113.02680969, -7.8842001 ], [ 113.02729797, -7.88410997 ], [ 113.02754211, -7.88414001 ], [ 113.02816772, -7.88421011 ], [ 113.02852631, -7.88406992 ], [ 113.02861023, -7.88398981 ], [ 113.02890015, -7.88373995 ], [ 113.0291214, -7.88357019 ], [ 113.02928925, -7.88348007 ], [ 113.02954102, -7.88343 ], [ 113.02967072, -7.88341856 ], [ 113.02989197, -7.88339996 ], [ 113.03041077, -7.88333988 ], [ 113.03066254, -7.8832798 ], [ 113.03109741, -7.88311005 ], [ 113.03146362, -7.8828702 ], [ 113.03160095, -7.88265991 ], [ 113.03173828, -7.88224983 ], [ 113.03195953, -7.88180017 ], [ 113.03218079, -7.88154984 ], [ 113.03233337, -7.88146019 ], [ 113.03243256, -7.88142014 ], [ 113.03263855, -7.88122988 ], [ 113.03298187, -7.88086987 ], [ 113.03321075, -7.88077021 ], [ 113.03349304, -7.88074017 ], [ 113.03392029, -7.88038015 ], [ 113.03423309, -7.8800602 ], [ 113.03479004, -7.87933016 ], [ 113.03514862, -7.87886 ], [ 113.03552246, -7.87837982 ], [ 113.03555298, -7.8783102 ], [ 113.03582764, -7.87772989 ], [ 113.03611755, -7.87706995 ], [ 113.03616333, -7.87696981 ], [ 113.03636169, -7.87643003 ], [ 113.03646088, -7.87627983 ], [ 113.03665161, -7.87606001 ], [ 113.03677368, -7.8758502 ], [ 113.03688812, -7.87565994 ], [ 113.0370636, -7.87547016 ], [ 113.03723907, -7.87538004 ], [ 113.03759003, -7.87522984 ], [ 113.03765869, -7.87517977 ], [ 113.03780365, -7.87501001 ], [ 113.03794098, -7.87474871 ], [ 113.03800201, -7.87463999 ], [ 113.03809357, -7.87439013 ], [ 113.03811646, -7.87413979 ], [ 113.03800201, -7.87395 ], [ 113.03791046, -7.87380981 ], [ 113.03790283, -7.87369013 ], [ 113.03793335, -7.87343979 ], [ 113.03803253, -7.8730998 ], [ 113.03807068, -7.87284994 ], [ 113.03807068, -7.8726902 ], [ 113.03803253, -7.87250662 ], [ 113.03801727, -7.87232018 ], [ 113.03810883, -7.87224007 ], [ 113.03826141, -7.87204981 ], [ 113.03842163, -7.87173986 ], [ 113.03846741, -7.87160015 ], [ 113.03851318, -7.87149 ], [ 113.03858948, -7.87128019 ], [ 113.0386734, -7.87100983 ], [ 113.03881836, -7.87060022 ], [ 113.03894806, -7.8702898 ], [ 113.03910065, -7.87001991 ], [ 113.03917694, -7.8698802 ], [ 113.03952789, -7.86941004 ], [ 113.03967285, -7.86915016 ], [ 113.03993225, -7.86878014 ], [ 113.04013062, -7.86851978 ], [ 113.04029846, -7.86821985 ], [ 113.04036713, -7.86799002 ], [ 113.04042053, -7.86779022 ], [ 113.04052734, -7.86737013 ], [ 113.04065704, -7.8670001 ], [ 113.0407486, -7.8666501 ], [ 113.0407486, -7.86619997 ], [ 113.04078674, -7.86605978 ], [ 113.04090881, -7.86571407 ], [ 113.04097748, -7.86550999 ], [ 113.04106903, -7.86523008 ], [ 113.04118347, -7.86491013 ], [ 113.04121399, -7.86483431 ], [ 113.04129791, -7.86464834 ], [ 113.04109955, -7.86472034 ], [ 113.04088593, -7.86492205 ], [ 113.0405426, -7.86519194 ], [ 113.04016876, -7.8653698 ], [ 113.03974915, -7.86539698 ], [ 113.03970337, -7.86526299 ], [ 113.03885651, -7.86421204 ], [ 113.03917694, -7.86313009 ], [ 113.0390625, -7.86306 ], [ 113.03881836, -7.86288977 ], [ 113.03864288, -7.86285019 ], [ 113.03849792, -7.86299992 ], [ 113.03845215, -7.86308002 ], [ 113.03825378, -7.86327982 ], [ 113.03813934, -7.86338997 ], [ 113.03797913, -7.86353016 ], [ 113.03768158, -7.86370993 ], [ 113.03739929, -7.86393023 ], [ 113.037117, -7.86409998 ], [ 113.03701782, -7.86410999 ], [ 113.03684235, -7.86399984 ], [ 113.03678131, -7.86390018 ], [ 113.03677368, -7.86369991 ], [ 113.03691864, -7.86326981 ], [ 113.03694916, -7.86320353 ], [ 113.03716278, -7.86269999 ], [ 113.03720093, -7.86253023 ], [ 113.03678894, -7.86218977 ], [ 113.03617096, -7.86168003 ], [ 113.03607941, -7.86159992 ], [ 113.0358429, -7.86142015 ], [ 113.03556061, -7.86111021 ], [ 113.03546906, -7.86097002 ], [ 113.03547668, -7.86077976 ], [ 113.03549957, -7.86066008 ], [ 113.03552246, -7.86051989 ], [ 113.03556824, -7.8604002 ], [ 113.0355835, -7.86029005 ], [ 113.03559113, -7.86016989 ], [ 113.03560638, -7.86004019 ], [ 113.0356369, -7.85988998 ], [ 113.03565979, -7.85979986 ], [ 113.03572083, -7.85949993 ], [ 113.03569794, -7.85936022 ], [ 113.03562164, -7.85913992 ], [ 113.0355835, -7.85893011 ], [ 113.03617096, -7.85855007 ], [ 113.03656006, -7.8583498 ], [ 113.03691864, -7.85815001 ], [ 113.03726196, -7.85797024 ], [ 113.03743744, -7.85777998 ], [ 113.03787994, -7.85718012 ], [ 113.03794098, -7.85713005 ], [ 113.03826904, -7.85694981 ], [ 113.03845215, -7.85685492 ], [ 113.03878784, -7.8566761 ], [ 113.03894806, -7.85658979 ], [ 113.03900909, -7.85653019 ], [ 113.03923798, -7.85626984 ], [ 113.03948975, -7.8561902 ], [ 113.03978729, -7.85607004 ], [ 113.04010773, -7.85598993 ], [ 113.0404129, -7.85593987 ], [ 113.04071808, -7.85587978 ], [ 113.04094696, -7.8558898 ], [ 113.04154205, -7.85613775 ], [ 113.04161835, -7.85613585 ], [ 113.04174805, -7.85619497 ], [ 113.04193878, -7.85627985 ], [ 113.0423584, -7.85645008 ], [ 113.04247284, -7.85649014 ], [ 113.04260254, -7.85655928 ], [ 113.04302216, -7.85671997 ], [ 113.04392242, -7.85705996 ], [ 113.04473877, -7.8573699 ], [ 113.04525757, -7.8575654 ], [ 113.04573059, -7.85774326 ], [ 113.04579926, -7.85776997 ], [ 113.04631042, -7.85798979 ], [ 113.04649353, -7.85808992 ], [ 113.04691315, -7.85830402 ], [ 113.04698181, -7.85833979 ], [ 113.04725647, -7.85851002 ], [ 113.04760742, -7.8586998 ], [ 113.04798126, -7.85891008 ], [ 113.04812622, -7.85896111 ], [ 113.04860687, -7.85912991 ], [ 113.04886627, -7.85919428 ], [ 113.04915619, -7.8592701 ], [ 113.04971313, -7.85942984 ], [ 113.0501709, -7.85958004 ], [ 113.0504837, -7.85969019 ], [ 113.05084991, -7.85979986 ], [ 113.05104065, -7.85984993 ], [ 113.0511322, -7.8598752 ], [ 113.05136108, -7.85994005 ], [ 113.05178833, -7.86000013 ], [ 113.05223846, -7.86007023 ], [ 113.05268097, -7.86018705 ], [ 113.05283356, -7.8602376 ], [ 113.05329895, -7.86041021 ], [ 113.05416107, -7.86066008 ], [ 113.05473328, -7.86072016 ], [ 113.05529022, -7.86085176 ], [ 113.05583191, -7.86098003 ], [ 113.05599213, -7.86136246 ], [ 113.05632782, -7.86178017 ], [ 113.05696106, -7.86196899 ], [ 113.0570755, -7.86203051 ], [ 113.05757141, -7.86228037 ], [ 113.05805969, -7.86253548 ], [ 113.05819702, -7.86260605 ], [ 113.05936432, -7.86286497 ], [ 113.06034088, -7.8629303 ], [ 113.061203, -7.86295223 ], [ 113.06179047, -7.86301231 ], [ 113.06193542, -7.86295748 ], [ 113.06252289, -7.86289167 ], [ 113.06272125, -7.86298323 ], [ 113.06291962, -7.86274195 ], [ 113.06316376, -7.86240435 ], [ 113.0634079, -7.86214256 ], [ 113.063591, -7.86193848 ], [ 113.06378937, -7.86169958 ], [ 113.06393433, -7.86151361 ], [ 113.06415558, -7.86133242 ], [ 113.06427002, -7.8611989 ], [ 113.06443024, -7.86096144 ], [ 113.06482697, -7.86044407 ], [ 113.06517029, -7.85999823 ], [ 113.06533051, -7.85966873 ], [ 113.06609344, -7.86006975 ], [ 113.06642914, -7.86024475 ], [ 113.0665741, -7.86030912 ], [ 113.06674957, -7.86032009 ], [ 113.0668335, -7.86036968 ], [ 113.06743622, -7.86074495 ], [ 113.06795502, -7.86106825 ], [ 113.06985474, -7.86189938 ], [ 113.07019806, -7.86204958 ], [ 113.07035828, -7.86211824 ], [ 113.07080078, -7.86227274 ], [ 113.07100677, -7.8623414 ], [ 113.07128143, -7.86246347 ], [ 113.07165527, -7.86290884 ], [ 113.07199097, -7.86342525 ], [ 113.07254028, -7.86355162 ], [ 113.07368469, -7.86423731 ], [ 113.07401276, -7.86443663 ], [ 113.07463074, -7.86422968 ], [ 113.07475281, -7.86414003 ], [ 113.07528687, -7.86391926 ], [ 113.07549286, -7.86363077 ], [ 113.07563782, -7.86342335 ], [ 113.07627106, -7.86329412 ], [ 113.07672882, -7.86314249 ], [ 113.07706451, -7.86310625 ], [ 113.07733154, -7.86280632 ], [ 113.07775116, -7.86275148 ], [ 113.07797241, -7.86272287 ], [ 113.07830811, -7.86269808 ], [ 113.07875824, -7.8627305 ], [ 113.07929993, -7.86254406 ], [ 113.08003235, -7.86228752 ], [ 113.08039093, -7.86203289 ], [ 113.08078003, -7.86198521 ], [ 113.08131409, -7.86205149 ], [ 113.08161163, -7.86202717 ], [ 113.08180237, -7.86177349 ], [ 113.08205414, -7.8617034 ], [ 113.08238983, -7.86171627 ], [ 113.08349609, -7.86328459 ], [ 113.08352661, -7.86358976 ], [ 113.08357239, -7.86398983 ], [ 113.08364105, -7.86449003 ], [ 113.08365631, -7.86467981 ], [ 113.08370972, -7.86518002 ], [ 113.08376312, -7.86568022 ], [ 113.08383942, -7.86591005 ], [ 113.0840683, -7.86625004 ], [ 113.08416748, -7.8663702 ], [ 113.08431244, -7.86652994 ], [ 113.08444214, -7.86664009 ], [ 113.08470154, -7.8666501 ], [ 113.08500671, -7.86675978 ], [ 113.08547974, -7.86690998 ], [ 113.0856781, -7.86689997 ], [ 113.08596802, -7.86680984 ], [ 113.08621216, -7.86676979 ], [ 113.0865097, -7.86680984 ], [ 113.08679199, -7.86695004 ], [ 113.08698273, -7.86709976 ], [ 113.08728027, -7.8673501 ], [ 113.08740997, -7.86737013 ], [ 113.08772278, -7.86743879 ], [ 113.08786774, -7.86753988 ], [ 113.08812714, -7.86773014 ], [ 113.08824158, -7.86772013 ], [ 113.08865356, -7.86766005 ], [ 113.08885956, -7.86772013 ], [ 113.08937073, -7.86785984 ], [ 113.08940125, -7.86802006 ], [ 113.08940887, -7.86813211 ], [ 113.08943176, -7.86831999 ], [ 113.08944702, -7.86857986 ], [ 113.08944702, -7.86898994 ], [ 113.08943939, -7.86931992 ], [ 113.0894165, -7.86956978 ], [ 113.08953857, -7.86971998 ], [ 113.08938599, -7.86970806 ], [ 113.08927917, -7.86969995 ], [ 113.08888245, -7.86973 ], [ 113.08866882, -7.86980343 ], [ 113.08820343, -7.86996984 ], [ 113.08791351, -7.86999989 ], [ 113.08779144, -7.87003994 ], [ 113.08764648, -7.87029982 ], [ 113.08763123, -7.8705101 ], [ 113.08770752, -7.87083006 ], [ 113.08789063, -7.87122011 ], [ 113.08804321, -7.87157011 ], [ 113.08809662, -7.87193012 ], [ 113.08805847, -7.87217999 ], [ 113.08796692, -7.87236977 ], [ 113.08779907, -7.87252998 ], [ 113.08756256, -7.87264013 ], [ 113.08742523, -7.87265205 ], [ 113.08666229, -7.87271976 ], [ 113.08625031, -7.87266016 ], [ 113.08592987, -7.87256002 ], [ 113.08489227, -7.8735199 ], [ 113.08464813, -7.8736701 ], [ 113.08450317, -7.87377024 ], [ 113.08428955, -7.87390995 ], [ 113.0839386, -7.87421989 ], [ 113.08367157, -7.87442017 ], [ 113.08338165, -7.87450981 ], [ 113.08319092, -7.87455988 ], [ 113.08289337, -7.87479019 ], [ 113.08267975, -7.87501001 ], [ 113.08254242, -7.87522984 ], [ 113.08245087, -7.87537003 ], [ 113.08231354, -7.87545013 ], [ 113.08187866, -7.87561989 ], [ 113.08155823, -7.87587023 ], [ 113.08125305, -7.8761301 ], [ 113.08106232, -7.87623978 ], [ 113.08087158, -7.87643003 ], [ 113.08062744, -7.87657022 ], [ 113.0802536, -7.87664986 ], [ 113.07997894, -7.87687016 ], [ 113.07971191, -7.87727022 ], [ 113.0795517, -7.87747002 ], [ 113.07945251, -7.87756014 ], [ 113.07936096, -7.87764978 ], [ 113.07919312, -7.87775993 ], [ 113.07881165, -7.87790012 ], [ 113.0786438, -7.87802982 ], [ 113.07782745, -7.87841988 ], [ 113.07707977, -7.87883997 ], [ 113.07627106, -7.8793602 ], [ 113.07617188, -7.8794198 ], [ 113.07540131, -7.87984991 ], [ 113.0749588, -7.88014984 ], [ 113.07472992, -7.88029003 ], [ 113.07414246, -7.88075018 ], [ 113.07359314, -7.88135004 ], [ 113.07303619, -7.88206005 ], [ 113.0725708, -7.8825202 ], [ 113.07164001, -7.88357019 ], [ 113.07147217, -7.88374996 ], [ 113.07131958, -7.88398981 ], [ 113.07118225, -7.88417006 ], [ 113.07099152, -7.88442993 ], [ 113.07077789, -7.88479996 ], [ 113.07073975, -7.88487005 ], [ 113.07055664, -7.8851099 ], [ 113.06996155, -7.88589001 ], [ 113.06945801, -7.88669014 ], [ 113.06919098, -7.88741016 ], [ 113.06909943, -7.88777542 ], [ 113.06903076, -7.88787889 ], [ 113.06910706, -7.8882699 ], [ 113.06938934, -7.88862991 ], [ 113.06994629, -7.88897991 ], [ 113.07012939, -7.88905001 ], [ 113.07068634, -7.88926983 ], [ 113.07093048, -7.88934994 ], [ 113.07107544, -7.88940287 ], [ 113.07216644, -7.88981009 ], [ 113.07247925, -7.88993979 ], [ 113.0727005, -7.89000988 ], [ 113.0732193, -7.89024019 ], [ 113.07350922, -7.89036989 ], [ 113.07421112, -7.8906002 ], [ 113.07446289, -7.89065599 ], [ 113.0743866, -7.89078188 ], [ 113.07444, -7.8910594 ], [ 113.07426453, -7.89146376 ], [ 113.07389069, -7.89193869 ], [ 113.07359314, -7.89210701 ], [ 113.07359314, -7.89191246 ], [ 113.07310486, -7.89247084 ], [ 113.07289886, -7.89286137 ], [ 113.07257843, -7.89314127 ], [ 113.07247162, -7.89354515 ], [ 113.0725708, -7.89382267 ], [ 113.07249451, -7.89475536 ], [ 113.07334137, -7.89434767 ], [ 113.07403564, -7.89407969 ], [ 113.07455444, -7.8936739 ], [ 113.07495117, -7.89331007 ], [ 113.07534027, -7.89289093 ], [ 113.07550812, -7.89248705 ], [ 113.07574463, -7.89238834 ], [ 113.07596588, -7.89209509 ], [ 113.07633972, -7.89191246 ], [ 113.07662201, -7.89166069 ], [ 113.0769043, -7.89131451 ], [ 113.07689667, -7.89121437 ], [ 113.07681274, -7.89097834 ], [ 113.07688141, -7.89082479 ], [ 113.07691956, -7.89071369 ], [ 113.07713318, -7.89060116 ], [ 113.07710266, -7.89036465 ], [ 113.07733917, -7.8901968 ], [ 113.0774765, -7.89004326 ], [ 113.07756042, -7.88983393 ], [ 113.07758331, -7.88966703 ], [ 113.07769775, -7.88958311 ], [ 113.07793427, -7.88947058 ], [ 113.07810211, -7.88941717 ], [ 113.078125, -7.88930273 ], [ 113.07862854, -7.88907766 ], [ 113.07907104, -7.88874149 ], [ 113.07946014, -7.88839197 ], [ 113.07967377, -7.8882103 ], [ 113.08001709, -7.88822222 ], [ 113.08048248, -7.88803911 ], [ 113.08063507, -7.88769054 ], [ 113.08069611, -7.8874259 ], [ 113.08045959, -7.88721848 ], [ 113.08065796, -7.88695335 ], [ 113.0810318, -7.88709068 ], [ 113.08110809, -7.88711834 ], [ 113.08129883, -7.88718653 ], [ 113.0815506, -7.88703251 ], [ 113.08164215, -7.88665628 ], [ 113.08172607, -7.88664198 ], [ 113.08189392, -7.8864603 ], [ 113.08209229, -7.8863759 ], [ 113.08229828, -7.88619423 ], [ 113.08231354, -7.88608265 ], [ 113.08274078, -7.88609457 ], [ 113.08302307, -7.88592625 ], [ 113.08330536, -7.88572502 ], [ 113.08313751, -7.88613415 ], [ 113.08302307, -7.8867054 ], [ 113.08293152, -7.88713694 ], [ 113.08283234, -7.8874712 ], [ 113.08268738, -7.88809776 ], [ 113.08260345, -7.88845968 ], [ 113.08236694, -7.88855839 ], [ 113.08226776, -7.88871193 ], [ 113.0823288, -7.88926792 ], [ 113.0824585, -7.88990688 ], [ 113.08262634, -7.89039326 ], [ 113.08261871, -7.89108849 ], [ 113.08236694, -7.89156246 ], [ 113.08234406, -7.89196205 ], [ 113.08257294, -7.8920598 ], [ 113.08379364, -7.89179993 ], [ 113.08431244, -7.8918252 ], [ 113.08483887, -7.89184999 ], [ 113.08573914, -7.89192009 ], [ 113.08657837, -7.89206982 ], [ 113.08773041, -7.89203978 ], [ 113.08856964, -7.89204979 ], [ 113.08933258, -7.89211988 ], [ 113.08986664, -7.89223003 ], [ 113.09031677, -7.89236021 ], [ 113.09078979, -7.89273977 ], [ 113.09056091, -7.89316988 ], [ 113.09046936, -7.89350986 ], [ 113.09020233, -7.89365005 ], [ 113.08976746, -7.89378023 ], [ 113.0894928, -7.89386988 ], [ 113.08937836, -7.89397001 ], [ 113.08927155, -7.89408016 ], [ 113.08921051, -7.89426994 ], [ 113.08924866, -7.8945899 ], [ 113.08930969, -7.89495993 ], [ 113.08940887, -7.89546013 ], [ 113.0894928, -7.89590979 ], [ 113.08947754, -7.89618015 ], [ 113.08940887, -7.89639997 ], [ 113.08927155, -7.8966198 ], [ 113.08908081, -7.89688015 ], [ 113.08892822, -7.89712 ], [ 113.08885193, -7.89731646 ], [ 113.08879852, -7.89743996 ], [ 113.08867645, -7.89784002 ], [ 113.08856201, -7.89834976 ], [ 113.08860779, -7.89853001 ], [ 113.08870697, -7.89894009 ], [ 113.08867645, -7.89912987 ], [ 113.08859253, -7.89933014 ], [ 113.08843231, -7.89945984 ], [ 113.08824921, -7.89954996 ], [ 113.08786011, -7.89964008 ], [ 113.0875473, -7.89974022 ], [ 113.08719635, -7.89986992 ], [ 113.08705902, -7.89998007 ], [ 113.08689117, -7.9001298 ], [ 113.0867691, -7.90024996 ], [ 113.08667755, -7.90037012 ], [ 113.08666992, -7.90050983 ], [ 113.08669281, -7.90063 ], [ 113.08672333, -7.90075016 ], [ 113.0867691, -7.90087986 ], [ 113.08679962, -7.90101004 ], [ 113.08682251, -7.90116978 ], [ 113.08673096, -7.90138006 ], [ 113.08654785, -7.9015398 ], [ 113.08641052, -7.90171003 ], [ 113.08637238, -7.90186977 ], [ 113.08638, -7.90207005 ], [ 113.08643341, -7.90268993 ], [ 113.08634949, -7.90291977 ], [ 113.08612823, -7.90327978 ], [ 113.08595276, -7.90360022 ], [ 113.08589172, -7.90386009 ], [ 113.08576965, -7.90408993 ], [ 113.08556366, -7.90425014 ], [ 113.08509064, -7.90456009 ], [ 113.08486938, -7.9047699 ], [ 113.08482361, -7.90491009 ], [ 113.08473206, -7.9052701 ], [ 113.08464813, -7.90535021 ], [ 113.08444977, -7.90556002 ], [ 113.08442688, -7.90569019 ], [ 113.08448029, -7.90578985 ], [ 113.08453369, -7.90587854 ], [ 113.08460999, -7.90600014 ], [ 113.08451843, -7.90611982 ], [ 113.0842514, -7.90648985 ], [ 113.08428192, -7.90672016 ], [ 113.08429718, -7.90701008 ], [ 113.08412933, -7.90755987 ], [ 113.08390045, -7.90776014 ], [ 113.08341217, -7.90814018 ], [ 113.08335114, -7.90825987 ], [ 113.08325958, -7.90858984 ], [ 113.08332062, -7.90874004 ], [ 113.08345795, -7.90914011 ], [ 113.08341217, -7.90936995 ], [ 113.08332062, -7.90954018 ], [ 113.08289337, -7.91009998 ], [ 113.08271027, -7.91041994 ], [ 113.08267212, -7.91063976 ], [ 113.0827179, -7.91079998 ], [ 113.08299255, -7.9113698 ], [ 113.08307648, -7.91160011 ], [ 113.08306885, -7.91175985 ], [ 113.08299255, -7.9119401 ], [ 113.08286285, -7.9120698 ], [ 113.08257294, -7.91234016 ], [ 113.08238983, -7.91252995 ], [ 113.08217621, -7.91261005 ], [ 113.08190155, -7.91274023 ], [ 113.08165741, -7.91297007 ], [ 113.08161163, -7.91303015 ], [ 113.0812912, -7.91331005 ], [ 113.08087921, -7.91352987 ], [ 113.08081818, -7.91368008 ], [ 113.08082581, -7.91377258 ], [ 113.08090973, -7.91390991 ], [ 113.08114624, -7.91423988 ], [ 113.08117676, -7.91445017 ], [ 113.08110809, -7.91478014 ], [ 113.08097076, -7.91509008 ], [ 113.08100128, -7.91526985 ], [ 113.08101654, -7.91548014 ], [ 113.08093262, -7.91571999 ], [ 113.08078003, -7.91606998 ], [ 113.08056641, -7.91644001 ], [ 113.08039093, -7.91677999 ], [ 113.08026123, -7.91685009 ], [ 113.07997894, -7.91697979 ], [ 113.07980347, -7.91715002 ], [ 113.07972717, -7.91730022 ], [ 113.07975769, -7.91743994 ], [ 113.07991028, -7.91801023 ], [ 113.07984161, -7.91816998 ], [ 113.07971191, -7.91828012 ], [ 113.07949066, -7.91836023 ], [ 113.07907104, -7.91850996 ], [ 113.07885742, -7.91870022 ], [ 113.0788269, -7.91886997 ], [ 113.07887268, -7.91903019 ], [ 113.07901764, -7.91947985 ], [ 113.07897186, -7.91963577 ], [ 113.07884216, -7.9198699 ], [ 113.07875061, -7.92004013 ], [ 113.0785675, -7.92035007 ], [ 113.07845306, -7.92054987 ], [ 113.07832336, -7.9208498 ], [ 113.07823181, -7.92115021 ], [ 113.07817078, -7.92140007 ], [ 113.07817078, -7.92152977 ], [ 113.07817078, -7.92162991 ], [ 113.07816315, -7.92178011 ], [ 113.07807159, -7.92202997 ], [ 113.07784271, -7.92250013 ], [ 113.07759857, -7.92315006 ], [ 113.07705688, -7.92374992 ], [ 113.07694244, -7.92387009 ], [ 113.07673645, -7.92414999 ], [ 113.07663727, -7.92443991 ], [ 113.0765686, -7.92457008 ], [ 113.07640839, -7.92469978 ], [ 113.07623291, -7.92484999 ], [ 113.07597351, -7.92504978 ], [ 113.07582092, -7.92530012 ], [ 113.07572174, -7.92560005 ], [ 113.07566071, -7.92594004 ], [ 113.07568359, -7.92616987 ], [ 113.07575226, -7.92632008 ], [ 113.07594299, -7.92654419 ], [ 113.07605743, -7.92668009 ], [ 113.07633209, -7.92691994 ], [ 113.07642365, -7.92705011 ], [ 113.0764389, -7.92719984 ], [ 113.07637787, -7.92732 ], [ 113.07617188, -7.92753983 ], [ 113.07584381, -7.92789984 ], [ 113.07554626, -7.92826986 ], [ 113.07544708, -7.92890978 ], [ 113.07530975, -7.92908001 ], [ 113.0750885, -7.9292202 ], [ 113.0746994, -7.92949009 ], [ 113.07445526, -7.9297328 ], [ 113.0743103, -7.92988014 ], [ 113.07392883, -7.93001986 ], [ 113.0736084, -7.93005991 ], [ 113.07351685, -7.93017006 ], [ 113.0734787, -7.93030977 ], [ 113.07350159, -7.93046999 ], [ 113.07357788, -7.93089676 ], [ 113.07360077, -7.9310298 ], [ 113.07350922, -7.93129015 ], [ 113.07337952, -7.9313798 ], [ 113.07296753, -7.93155003 ], [ 113.0725708, -7.93156004 ], [ 113.07241058, -7.9316802 ], [ 113.07232666, -7.93179131 ], [ 113.07227325, -7.93186998 ], [ 113.07196808, -7.93234015 ], [ 113.0717392, -7.93254995 ], [ 113.07144928, -7.93304014 ], [ 113.07083893, -7.93353987 ], [ 113.0704422, -7.9338398 ], [ 113.07037354, -7.93405008 ], [ 113.07023621, -7.9344101 ], [ 113.07015991, -7.93471003 ], [ 113.07006073, -7.93501997 ], [ 113.06993866, -7.93505001 ], [ 113.06971741, -7.93504 ], [ 113.06941223, -7.93504 ], [ 113.06918335, -7.93509007 ], [ 113.06906891, -7.93520021 ], [ 113.06902313, -7.93535995 ], [ 113.06900787, -7.93560982 ], [ 113.0689621, -7.93592978 ], [ 113.06884003, -7.93614006 ], [ 113.06858826, -7.93637991 ], [ 113.06822968, -7.93671989 ], [ 113.06812286, -7.93689013 ], [ 113.06799316, -7.93694019 ], [ 113.06773376, -7.93703985 ], [ 113.06739807, -7.93732023 ], [ 113.06730652, -7.93744993 ], [ 113.06729126, -7.93762016 ], [ 113.06726074, -7.93796015 ], [ 113.06710052, -7.93817997 ], [ 113.06694031, -7.93834543 ], [ 113.06659698, -7.93869019 ], [ 113.06655884, -7.93876982 ], [ 113.06646729, -7.93909979 ], [ 113.06639862, -7.93954992 ], [ 113.06632996, -7.93975019 ], [ 113.06626892, -7.93995237 ], [ 113.0662384, -7.94006014 ], [ 113.06611633, -7.94025993 ], [ 113.06597137, -7.94036007 ], [ 113.06562805, -7.94049978 ], [ 113.06523895, -7.94070005 ], [ 113.06471252, -7.94105005 ], [ 113.06446075, -7.94108009 ], [ 113.06417084, -7.94109011 ], [ 113.06390381, -7.94117022 ], [ 113.06317139, -7.94155979 ], [ 113.06307983, -7.94171 ], [ 113.06285858, -7.94204998 ], [ 113.06256866, -7.94237995 ], [ 113.06242371, -7.94262981 ], [ 113.06230164, -7.94264984 ], [ 113.06201935, -7.94266987 ], [ 113.06173706, -7.94281006 ], [ 113.06150818, -7.94282007 ], [ 113.06124115, -7.94281006 ], [ 113.0610199, -7.94294024 ], [ 113.06088257, -7.94310999 ], [ 113.06063843, -7.94341993 ], [ 113.06051636, -7.94349003 ], [ 113.06031799, -7.94351006 ], [ 113.06011963, -7.94344997 ], [ 113.05986023, -7.94340992 ], [ 113.05970764, -7.94344997 ], [ 113.05960083, -7.94359016 ], [ 113.05950928, -7.94376993 ], [ 113.05931091, -7.94430017 ], [ 113.05906677, -7.94450998 ], [ 113.05883789, -7.94462013 ], [ 113.05831146, -7.94481993 ], [ 113.05792236, -7.94496012 ], [ 113.05780029, -7.94492006 ], [ 113.05744171, -7.94474983 ], [ 113.05728912, -7.94483995 ], [ 113.05718994, -7.94497013 ], [ 113.05702972, -7.94516993 ], [ 113.05695343, -7.94515991 ], [ 113.05677032, -7.94516993 ], [ 113.05670166, -7.94526005 ], [ 113.05644989, -7.94562006 ], [ 113.05628967, -7.94496727 ], [ 113.05612946, -7.9443202 ], [ 113.0561676, -7.94367409 ], [ 113.05618286, -7.94341993 ], [ 113.05610657, -7.94262981 ], [ 113.05600739, -7.94150019 ], [ 113.05570984, -7.94053984 ], [ 113.05570221, -7.9394598 ], [ 113.0557785, -7.93849516 ], [ 113.05587769, -7.93724012 ], [ 113.05593109, -7.93672514 ], [ 113.05593872, -7.93660402 ], [ 113.05603027, -7.93563986 ], [ 113.05600739, -7.93513012 ], [ 113.05599976, -7.93497229 ], [ 113.05594635, -7.93396997 ], [ 113.05590057, -7.93289995 ], [ 113.05587769, -7.93190002 ], [ 113.0559082, -7.93099022 ], [ 113.05561829, -7.93013 ], [ 113.05513763, -7.92933989 ], [ 113.05465698, -7.92853022 ], [ 113.05432892, -7.92820978 ], [ 113.05310822, -7.9275198 ], [ 113.05297852, -7.92745972 ], [ 113.05236053, -7.92733002 ], [ 113.05220032, -7.92723989 ], [ 113.05220795, -7.92700005 ], [ 113.0521698, -7.92682981 ], [ 113.05207825, -7.9267602 ], [ 113.05193329, -7.92674017 ], [ 113.05168152, -7.92675924 ], [ 113.05145264, -7.92683983 ], [ 113.05136108, -7.92692995 ], [ 113.05129242, -7.92706251 ], [ 113.05124664, -7.92714024 ], [ 113.05101776, -7.92763996 ], [ 113.05091858, -7.92777014 ], [ 113.05072784, -7.92792988 ], [ 113.05052948, -7.92802 ], [ 113.05023193, -7.92815113 ], [ 113.05007172, -7.9282198 ], [ 113.04958344, -7.92847013 ], [ 113.04942322, -7.92854977 ], [ 113.04924774, -7.92854023 ], [ 113.04914856, -7.9285202 ], [ 113.0490799, -7.92854977 ], [ 113.04891205, -7.92866993 ], [ 113.04875946, -7.9288702 ], [ 113.04863739, -7.92893982 ], [ 113.04833984, -7.92913008 ], [ 113.04814911, -7.92943001 ], [ 113.04812622, -7.92958021 ], [ 113.04808807, -7.92966986 ], [ 113.04798889, -7.92973995 ], [ 113.04766846, -7.9299202 ], [ 113.04749298, -7.93001986 ], [ 113.0473938, -7.93006992 ], [ 113.04730225, -7.93011999 ], [ 113.04714966, -7.93025017 ], [ 113.04695129, -7.93029022 ], [ 113.04673767, -7.93035984 ], [ 113.04662323, -7.93048 ], [ 113.04651642, -7.9306798 ], [ 113.04650116, -7.93085003 ], [ 113.04647827, -7.93144989 ], [ 113.04637909, -7.93163013 ], [ 113.04624176, -7.93171978 ], [ 113.04605865, -7.93175983 ], [ 113.04579926, -7.93183994 ], [ 113.04560852, -7.93197012 ], [ 113.04554749, -7.93207979 ], [ 113.04559326, -7.9321599 ], [ 113.0457077, -7.93239021 ], [ 113.04566956, -7.93248987 ], [ 113.04554749, -7.93260002 ], [ 113.04534912, -7.9327898 ], [ 113.04517365, -7.93300009 ], [ 113.04488373, -7.93325996 ], [ 113.04466248, -7.93349981 ], [ 113.04450226, -7.93351984 ], [ 113.0439682, -7.93353987 ], [ 113.04358673, -7.93364 ], [ 113.04283905, -7.93394995 ], [ 113.0425415, -7.93413019 ], [ 113.04239655, -7.93414021 ], [ 113.04208374, -7.93416977 ], [ 113.04187775, -7.93429995 ], [ 113.04168701, -7.93440008 ], [ 113.04148865, -7.93443012 ], [ 113.04135895, -7.93438005 ], [ 113.04123688, -7.93422985 ], [ 113.04099274, -7.93390989 ], [ 113.0408783, -7.93387985 ], [ 113.04075623, -7.93382978 ], [ 113.04060364, -7.93366003 ], [ 113.04051208, -7.93355322 ], [ 113.04052734, -7.93342352 ], [ 113.04045868, -7.93300629 ], [ 113.04036713, -7.93265009 ], [ 113.04019165, -7.93241549 ], [ 113.03984833, -7.93222284 ], [ 113.03944397, -7.93223524 ], [ 113.03919983, -7.932199 ], [ 113.0389328, -7.93221188 ], [ 113.03883362, -7.93217754 ], [ 113.03862, -7.93209076 ], [ 113.03836823, -7.93202162 ], [ 113.03816223, -7.93198776 ], [ 113.03797913, -7.93195915 ], [ 113.03781128, -7.93211794 ], [ 113.03741455, -7.93232489 ], [ 113.03717041, -7.93252468 ], [ 113.03705597, -7.93251371 ], [ 113.0369873, -7.9325552 ], [ 113.03662872, -7.93261528 ], [ 113.03623962, -7.93283367 ], [ 113.03607178, -7.93291616 ], [ 113.03580475, -7.93278885 ], [ 113.03524017, -7.93332434 ], [ 113.03501129, -7.9336648 ], [ 113.03473663, -7.93395853 ], [ 113.03482819, -7.93423319 ], [ 113.03488159, -7.93435001 ], [ 113.03488922, -7.9345746 ], [ 113.03469086, -7.93477058 ], [ 113.03440857, -7.93503809 ], [ 113.03399658, -7.93545628 ], [ 113.03363037, -7.93571758 ], [ 113.0333252, -7.93607664 ], [ 113.03279114, -7.9365468 ], [ 113.03266144, -7.93698931 ], [ 113.032341, -7.93725729 ], [ 113.032341, -7.93736982 ], [ 113.03236389, -7.9375248 ], [ 113.03243256, -7.93779659 ], [ 113.03249359, -7.93796587 ], [ 113.0326004, -7.93801022 ], [ 113.032547, -7.93814993 ], [ 113.03253174, -7.93842983 ], [ 113.03249359, -7.93859005 ], [ 113.03238678, -7.93868017 ], [ 113.03220367, -7.9387598 ], [ 113.03186798, -7.93881989 ], [ 113.03164673, -7.93879747 ], [ 113.03157043, -7.93878984 ], [ 113.03111267, -7.93869019 ], [ 113.03089142, -7.93874979 ], [ 113.03073883, -7.93885994 ], [ 113.03067017, -7.93900013 ], [ 113.03056335, -7.93918991 ], [ 113.03041077, -7.93930006 ], [ 113.03005219, -7.93946981 ], [ 113.02977753, -7.93957996 ], [ 113.02931976, -7.9396801 ], [ 113.02918243, -7.93978977 ], [ 113.02896881, -7.93992996 ], [ 113.0287323, -7.93999004 ], [ 113.02845001, -7.94009018 ], [ 113.02796936, -7.9403801 ], [ 113.02780914, -7.94040012 ], [ 113.02758026, -7.94044018 ], [ 113.02736664, -7.94057989 ], [ 113.02697754, -7.94091988 ], [ 113.02655029, -7.94133997 ], [ 113.02639771, -7.94147015 ], [ 113.02612305, -7.9416399 ], [ 113.0256424, -7.94194984 ], [ 113.02529144, -7.94222021 ], [ 113.02506256, -7.94228983 ], [ 113.02490234, -7.94224977 ], [ 113.02475739, -7.94225979 ], [ 113.02455139, -7.94234991 ], [ 113.02436829, -7.94238997 ], [ 113.02397156, -7.94240999 ], [ 113.02372742, -7.94257021 ], [ 113.02352142, -7.94279003 ], [ 113.02332306, -7.94295979 ], [ 113.02311707, -7.94301987 ], [ 113.02284241, -7.94312 ], [ 113.0226593, -7.94327021 ], [ 113.02236938, -7.94363022 ], [ 113.02217865, -7.94383001 ], [ 113.02194214, -7.94396019 ], [ 113.02114868, -7.94418001 ], [ 113.02059174, -7.94430017 ], [ 113.02010345, -7.94441986 ], [ 113.0200119, -7.94446993 ], [ 113.01972961, -7.94459009 ], [ 113.01937866, -7.94469023 ], [ 113.01908875, -7.94478989 ], [ 113.0187912, -7.94489002 ], [ 113.01844025, -7.94504976 ], [ 113.0181427, -7.94517994 ], [ 113.01785278, -7.94516993 ], [ 113.01763916, -7.94520998 ], [ 113.01751709, -7.94531012 ], [ 113.01721191, -7.94555998 ], [ 113.016922, -7.94567013 ], [ 113.01654816, -7.94573021 ], [ 113.01624298, -7.94574022 ], [ 113.01574707, -7.9457202 ], [ 113.01519012, -7.94581985 ], [ 113.0149765, -7.94594002 ], [ 113.0145874, -7.94617987 ], [ 113.01431274, -7.94620991 ], [ 113.01394653, -7.94618988 ], [ 113.01348877, -7.94606018 ], [ 113.01328278, -7.9460001 ], [ 113.01291656, -7.94588995 ], [ 113.01239014, -7.9457798 ], [ 113.01191711, -7.94575024 ], [ 113.01171112, -7.94581985 ], [ 113.01135254, -7.94593 ], [ 113.01113892, -7.94585991 ], [ 113.01078796, -7.94575977 ], [ 113.01062012, -7.94578981 ], [ 113.01027679, -7.94587994 ], [ 113.00991821, -7.94583988 ], [ 113.00946808, -7.94575024 ], [ 113.00894165, -7.94568014 ], [ 113.00875092, -7.94570017 ], [ 113.00856781, -7.9457798 ], [ 113.0083313, -7.94594002 ], [ 113.00801086, -7.94615984 ], [ 113.00772095, -7.94623995 ], [ 113.00746155, -7.94622993 ], [ 113.0071106, -7.94616985 ], [ 113.00678253, -7.94614983 ], [ 113.00660706, -7.94614983 ], [ 113.00634766, -7.94614983 ], [ 113.00538635, -7.94617987 ], [ 113.00431824, -7.9463501 ], [ 113.00338745, -7.94656992 ], [ 113.00325012, -7.94671011 ], [ 113.00312805, -7.94684982 ], [ 113.00298309, -7.94703007 ], [ 113.00289917, -7.94715977 ], [ 113.00287628, -7.94742012 ], [ 113.00273895, -7.94782019 ], [ 113.00253296, -7.94817019 ], [ 113.00211334, -7.94831991 ], [ 113.00150299, -7.94845009 ], [ 113.00060272, -7.94854021 ], [ 113.00028992, -7.94856024 ], [ 113.0, -7.94857979 ], [ 112.99968719, -7.9485898 ], [ 112.99938202, -7.94864988 ], [ 112.99920654, -7.94868994 ], [ 112.99904633, -7.94869995 ], [ 112.99868011, -7.94872999 ], [ 112.99816895, -7.94880009 ], [ 112.99794769, -7.9488101 ], [ 112.99703217, -7.94886017 ], [ 112.99649048, -7.94905996 ], [ 112.99604034, -7.9491601 ], [ 112.99565125, -7.94924021 ], [ 112.99536133, -7.94932985 ], [ 112.99529266, -7.94940996 ], [ 112.99529266, -7.94961023 ], [ 112.99545288, -7.95018005 ], [ 112.99564362, -7.95051003 ], [ 112.9957962, -7.95087004 ], [ 112.99582672, -7.9510498 ], [ 112.99578857, -7.95126009 ], [ 112.99568939, -7.95140982 ], [ 112.99497223, -7.95190001 ], [ 112.99487305, -7.9519701 ], [ 112.99485016, -7.95220995 ], [ 112.99491119, -7.95277023 ], [ 112.99501038, -7.95312023 ], [ 112.99524689, -7.95374012 ], [ 112.9954071, -7.95405006 ], [ 112.9954834, -7.95425987 ], [ 112.99552155, -7.95441008 ], [ 112.99562073, -7.95492983 ], [ 112.9956131, -7.9552598 ], [ 112.99552917, -7.95553017 ], [ 112.99537659, -7.95588017 ], [ 112.99514771, -7.95647001 ], [ 112.99495697, -7.95695019 ], [ 112.99491882, -7.95705986 ], [ 112.99491119, -7.95735979 ], [ 112.99488068, -7.95758009 ], [ 112.99520111, -7.9580102 ], [ 112.99530029, -7.9582901 ], [ 112.99542236, -7.95844984 ], [ 112.9956131, -7.95873022 ], [ 112.99568176, -7.9589901 ], [ 112.99565887, -7.95925999 ], [ 112.99552917, -7.95947981 ], [ 112.99542999, -7.9595499 ], [ 112.99524689, -7.95955992 ], [ 112.99513245, -7.95958996 ], [ 112.99510193, -7.95968008 ], [ 112.99504089, -7.95981979 ], [ 112.99495697, -7.95990992 ], [ 112.99479675, -7.95994997 ], [ 112.99456787, -7.96005011 ], [ 112.99427032, -7.9602499 ], [ 112.994133, -7.96041012 ], [ 112.99404907, -7.96057987 ], [ 112.9940033, -7.96071863 ], [ 112.99394989, -7.96077442 ], [ 112.99391174, -7.96088362 ], [ 112.99391174, -7.96118402 ], [ 112.99401855, -7.9615941 ], [ 112.992836, -7.9635129 ], [ 112.99274445, -7.96362734 ], [ 112.99253845, -7.96368074 ], [ 112.99216461, -7.96377516 ], [ 112.99189758, -7.96397591 ], [ 112.99150848, -7.96431828 ], [ 112.99118042, -7.96451044 ], [ 112.99089813, -7.9646554 ], [ 112.99071503, -7.9648056 ], [ 112.99056244, -7.96501207 ], [ 112.99039459, -7.96548986 ], [ 112.99033356, -7.96566534 ], [ 112.99030304, -7.96583843 ], [ 112.99003601, -7.96640539 ], [ 112.98985291, -7.96653891 ], [ 112.98960876, -7.96666479 ], [ 112.98939514, -7.96669769 ], [ 112.98921967, -7.96677065 ], [ 112.98893738, -7.96708965 ], [ 112.98875427, -7.96740246 ], [ 112.98861694, -7.96769333 ], [ 112.98866272, -7.96798563 ], [ 112.98851013, -7.96815157 ], [ 112.98829651, -7.96821928 ], [ 112.98801422, -7.96827126 ], [ 112.98768616, -7.96833324 ], [ 112.98760223, -7.96834898 ], [ 112.9874649, -7.9683466 ], [ 112.98711395, -7.96845913 ], [ 112.98699951, -7.9685936 ], [ 112.9868927, -7.96887159 ], [ 112.98677826, -7.969069 ], [ 112.98655701, -7.96928978 ], [ 112.9861908, -7.96954203 ], [ 112.98609161, -7.96990156 ], [ 112.98586273, -7.97003651 ], [ 112.98552704, -7.97017193 ], [ 112.98525238, -7.97030735 ], [ 112.98506165, -7.97053003 ], [ 112.98490906, -7.97085428 ], [ 112.98480988, -7.97129631 ], [ 112.98474884, -7.97138357 ], [ 112.98464203, -7.97163582 ], [ 112.98448944, -7.97192192 ], [ 112.984375, -7.97204828 ], [ 112.9839859, -7.9722991 ], [ 112.9838562, -7.97240829 ], [ 112.98364258, -7.97267914 ], [ 112.98352814, -7.97287369 ], [ 112.98339844, -7.97296619 ], [ 112.98327637, -7.97298622 ], [ 112.98291779, -7.97306728 ], [ 112.98257446, -7.97320747 ], [ 112.9822998, -7.97353792 ], [ 112.98205566, -7.97378111 ], [ 112.98178101, -7.97405863 ], [ 112.9814682, -7.97422028 ], [ 112.98111725, -7.97420168 ], [ 112.98100281, -7.97429037 ], [ 112.98086548, -7.97437763 ], [ 112.9801712, -7.97455359 ], [ 112.98004913, -7.97467804 ], [ 112.97979736, -7.9750042 ], [ 112.979599, -7.97512484 ], [ 112.97944641, -7.97521448 ], [ 112.97925568, -7.97537518 ], [ 112.97912598, -7.97556639 ], [ 112.97896576, -7.97590256 ], [ 112.97888184, -7.97609043 ], [ 112.97878265, -7.97615528 ], [ 112.97861481, -7.97629642 ], [ 112.97853088, -7.97644997 ], [ 112.97846222, -7.97679138 ], [ 112.97841644, -7.97696924 ], [ 112.97826385, -7.97735453 ], [ 112.97789764, -7.97740221 ], [ 112.97758484, -7.97742748 ], [ 112.97744751, -7.97751856 ], [ 112.97730255, -7.97772026 ], [ 112.97724152, -7.97778845 ], [ 112.97711182, -7.9779377 ], [ 112.97692871, -7.97822189 ], [ 112.97658539, -7.97917747 ], [ 112.97634888, -7.97946167 ], [ 112.97586823, -7.97966194 ], [ 112.97534943, -7.97979498 ], [ 112.97516632, -7.97989225 ], [ 112.97505188, -7.98001194 ], [ 112.97499847, -7.98007774 ], [ 112.97492981, -7.98016739 ], [ 112.97496796, -7.98024321 ], [ 112.97505951, -7.98034096 ], [ 112.97489166, -7.98046541 ], [ 112.9746933, -7.980474 ], [ 112.97428894, -7.98025894 ], [ 112.97414398, -7.98024082 ], [ 112.97398376, -7.98030329 ], [ 112.97377777, -7.98049212 ], [ 112.97358704, -7.98069715 ], [ 112.97344971, -7.98077583 ], [ 112.97330475, -7.98078346 ], [ 112.97299957, -7.98058128 ], [ 112.97277832, -7.98038578 ], [ 112.97267151, -7.98027754 ], [ 112.97249603, -7.98020744 ], [ 112.97211456, -7.98013115 ], [ 112.97189331, -7.98012209 ], [ 112.97154236, -7.98019409 ], [ 112.97105408, -7.98035383 ], [ 112.97025299, -7.9805522 ], [ 112.96980286, -7.98075581 ], [ 112.96950531, -7.98093748 ], [ 112.96924591, -7.98113918 ], [ 112.96870422, -7.98135138 ], [ 112.96841431, -7.98141766 ], [ 112.9677887, -7.98143482 ], [ 112.96666718, -7.98167658 ], [ 112.96650696, -7.98173618 ], [ 112.96627045, -7.9820118 ], [ 112.96616364, -7.9821167 ], [ 112.96595001, -7.98217201 ], [ 112.96541595, -7.98237133 ], [ 112.96526337, -7.98248529 ], [ 112.96400452, -7.9833312 ], [ 112.96330261, -7.9836688 ], [ 112.96311951, -7.98374414 ], [ 112.96266174, -7.98382568 ], [ 112.96208191, -7.98389292 ], [ 112.96161652, -7.98397779 ], [ 112.96130371, -7.9841609 ], [ 112.96113586, -7.9842968 ], [ 112.96108246, -7.98436546 ], [ 112.96112061, -7.98443842 ], [ 112.96115875, -7.98453379 ], [ 112.96109772, -7.98457861 ], [ 112.96086121, -7.98458624 ], [ 112.96066284, -7.98444939 ], [ 112.96054077, -7.98440647 ], [ 112.96022797, -7.98455048 ], [ 112.96001434, -7.98469496 ], [ 112.9598999, -7.984869 ], [ 112.95979309, -7.98508406 ], [ 112.9597168, -7.98513031 ], [ 112.95950317, -7.98520041 ], [ 112.95937347, -7.98538494 ], [ 112.95929718, -7.98549414 ], [ 112.95917511, -7.98550081 ], [ 112.95902252, -7.98547459 ], [ 112.9588623, -7.98557234 ], [ 112.95878601, -7.98564005 ], [ 112.95859528, -7.9856267 ], [ 112.95845032, -7.98552132 ], [ 112.95790863, -7.9852519 ], [ 112.95766449, -7.98518324 ], [ 112.95735931, -7.98531055 ], [ 112.9571991, -7.98539066 ], [ 112.95703888, -7.98538017 ], [ 112.95683289, -7.98534489 ], [ 112.95661926, -7.98536301 ], [ 112.95646667, -7.98554754 ], [ 112.95636749, -7.98563004 ], [ 112.9562149, -7.98565388 ], [ 112.95603943, -7.98588276 ], [ 112.95590973, -7.9860301 ], [ 112.95580292, -7.98594379 ], [ 112.95574188, -7.98585653 ], [ 112.95516968, -7.98598051 ], [ 112.95503235, -7.98598671 ], [ 112.95477295, -7.98592758 ], [ 112.95467377, -7.98593616 ], [ 112.95451355, -7.98594904 ], [ 112.95418549, -7.98604536 ], [ 112.95357513, -7.98644161 ], [ 112.95333862, -7.98649979 ], [ 112.95320892, -7.98655796 ], [ 112.95304108, -7.98664522 ], [ 112.95276642, -7.98649883 ], [ 112.95262909, -7.98644304 ], [ 112.95210266, -7.98647022 ], [ 112.95167542, -7.98640966 ], [ 112.95113373, -7.9864769 ], [ 112.95095825, -7.98655081 ], [ 112.95079041, -7.98663998 ], [ 112.95028687, -7.9864521 ], [ 112.94940186, -7.98640919 ], [ 112.94854736, -7.98648739 ], [ 112.94760895, -7.98637581 ], [ 112.94659424, -7.98591852 ], [ 112.94619751, -7.98578024 ], [ 112.9458847, -7.98571777 ], [ 112.94484711, -7.98541307 ], [ 112.94455719, -7.98526859 ], [ 112.94407654, -7.98501205 ], [ 112.94393158, -7.9849534 ], [ 112.94380951, -7.9849267 ], [ 112.9434967, -7.98494768 ], [ 112.9433136, -7.98492098 ], [ 112.94319916, -7.98487139 ], [ 112.94307709, -7.98471546 ], [ 112.94300079, -7.98456097 ], [ 112.94281006, -7.98436785 ], [ 112.94264221, -7.98390627 ], [ 112.94248962, -7.98365784 ], [ 112.94233704, -7.98350525 ], [ 112.94219971, -7.983356 ], [ 112.94189453, -7.98302698 ], [ 112.94154358, -7.98272085 ], [ 112.94135284, -7.9825325 ], [ 112.94107056, -7.98230648 ], [ 112.94078827, -7.98211861 ], [ 112.94055176, -7.98184776 ], [ 112.94042206, -7.98164177 ], [ 112.94025421, -7.98139143 ], [ 112.94003296, -7.98124313 ], [ 112.93963623, -7.98112345 ], [ 112.93846893, -7.98119831 ], [ 112.93820953, -7.98112154 ], [ 112.93791962, -7.98110008 ], [ 112.93749237, -7.98080969 ], [ 112.93727875, -7.98071003 ], [ 112.93695831, -7.98063326 ], [ 112.93667603, -7.98055744 ], [ 112.93638611, -7.98020411 ], [ 112.936203, -7.98002338 ], [ 112.93608093, -7.97995949 ], [ 112.93592834, -7.97999001 ], [ 112.93564606, -7.97988176 ], [ 112.93553925, -7.9798069 ], [ 112.93547821, -7.97946692 ], [ 112.93536377, -7.97928333 ], [ 112.93526459, -7.97915125 ], [ 112.93518829, -7.97907591 ], [ 112.93505096, -7.97902012 ], [ 112.93481445, -7.97890902 ] ] ] ] } },
{ "type": "Feature", "properties": { "GID_0": "IDN", "NAME_0": "Indonesia", "GID_1": "IDN.11_1", "NAME_1": "Jawa Timur", "NL_NAME_1": null, "GID_2": "IDN.11.30_1", "NAME_2": "Probolinggo", "NL_NAME_2": null, "GID_3": "IDN.11.30.20_1", "NAME_3": "Sumber", "VARNAME_3": null, "NL_NAME_3": null, "TYPE_3": "Kecamatan", "ENGTYPE_3": "Sub-district", "CC_3": "3513020", "HASC_3": null }, "geometry": { "type": "MultiPolygon", "coordinates": [ [ [ [ 113.15302277, -7.93824005 ], [ 113.15309906, -7.93815279 ], [ 113.15331268, -7.93781805 ], [ 113.15338135, -7.93756771 ], [ 113.15359497, -7.93731642 ], [ 113.15361023, -7.93699932 ], [ 113.15357971, -7.93658209 ], [ 113.15367889, -7.93621445 ], [ 113.15389252, -7.93606329 ], [ 113.15406036, -7.93617916 ], [ 113.15441132, -7.93632746 ], [ 113.15466309, -7.93640995 ], [ 113.15493011, -7.9364419 ], [ 113.15523529, -7.93625689 ], [ 113.15544891, -7.93607187 ], [ 113.15564728, -7.935637 ], [ 113.15594482, -7.93513489 ], [ 113.15604401, -7.93508434 ], [ 113.15633392, -7.93513298 ], [ 113.15673065, -7.93526459 ], [ 113.15718842, -7.93534565 ], [ 113.15744781, -7.93496037 ], [ 113.15753174, -7.93464327 ], [ 113.15810394, -7.93447304 ], [ 113.15848541, -7.93462133 ], [ 113.15885925, -7.93480301 ], [ 113.1595459, -7.93484974 ], [ 113.15999603, -7.93496418 ], [ 113.16046143, -7.93511152 ], [ 113.16056824, -7.93516016 ], [ 113.16078949, -7.93530989 ], [ 113.16104126, -7.93555021 ], [ 113.16127777, -7.93584013 ], [ 113.16137695, -7.93626738 ], [ 113.16140747, -7.93639994 ], [ 113.16145325, -7.9365201 ], [ 113.16155243, -7.93683004 ], [ 113.16174316, -7.93807983 ], [ 113.16188049, -7.93948984 ], [ 113.16201782, -7.94104004 ], [ 113.16205597, -7.94131088 ], [ 113.162117, -7.9417901 ], [ 113.16217804, -7.94227982 ], [ 113.16233826, -7.94399977 ], [ 113.16236877, -7.94449997 ], [ 113.16239166, -7.94478607 ], [ 113.16240692, -7.9450798 ], [ 113.16249847, -7.94679022 ], [ 113.16256714, -7.94784021 ], [ 113.16268158, -7.94877005 ], [ 113.16280365, -7.94966984 ], [ 113.16303253, -7.95049 ], [ 113.16307068, -7.95065022 ], [ 113.16326904, -7.95127869 ], [ 113.16362762, -7.95239019 ], [ 113.16371918, -7.95257998 ], [ 113.16416931, -7.9535799 ], [ 113.16428375, -7.95380259 ], [ 113.16436005, -7.95395803 ], [ 113.16454315, -7.95432091 ], [ 113.16475677, -7.95474005 ], [ 113.16510773, -7.9553771 ], [ 113.1654129, -7.95593977 ], [ 113.16584015, -7.95668983 ], [ 113.16610718, -7.95717001 ], [ 113.16623688, -7.95741987 ], [ 113.16687012, -7.95855999 ], [ 113.16780853, -7.95984983 ], [ 113.16793823, -7.96001053 ], [ 113.16854095, -7.9607501 ], [ 113.16925812, -7.96160984 ], [ 113.16954803, -7.96200752 ], [ 113.16940308, -7.96205902 ], [ 113.16927338, -7.96199703 ], [ 113.16905212, -7.96189356 ], [ 113.16886902, -7.96189356 ], [ 113.16843414, -7.96197176 ], [ 113.16811371, -7.96206665 ], [ 113.16790771, -7.96221495 ], [ 113.16781616, -7.96239948 ], [ 113.16770935, -7.96275663 ], [ 113.16758728, -7.96295023 ], [ 113.1674118, -7.96301937 ], [ 113.16717529, -7.96303797 ], [ 113.16699219, -7.96307564 ], [ 113.16686249, -7.96316814 ], [ 113.16674805, -7.96333075 ], [ 113.16677094, -7.9634366 ], [ 113.16677856, -7.96352053 ], [ 113.16681671, -7.96372271 ], [ 113.16674042, -7.96387434 ], [ 113.16660309, -7.96398735 ], [ 113.16631317, -7.96410894 ], [ 113.16604614, -7.96425486 ], [ 113.16591644, -7.96442127 ], [ 113.16589355, -7.96457958 ], [ 113.16593933, -7.96475792 ], [ 113.16603088, -7.96484232 ], [ 113.16622162, -7.96503973 ], [ 113.16625977, -7.96522665 ], [ 113.16620636, -7.96531868 ], [ 113.16601563, -7.9654398 ], [ 113.16574097, -7.96553802 ], [ 113.16427612, -7.96589851 ], [ 113.16340637, -7.96604824 ], [ 113.16288757, -7.96625614 ], [ 113.16279602, -7.96631145 ], [ 113.16268921, -7.9665513 ], [ 113.16268158, -7.96674442 ], [ 113.16262054, -7.96702766 ], [ 113.16249084, -7.96712875 ], [ 113.16216278, -7.9672761 ], [ 113.16155243, -7.96763515 ], [ 113.1615448, -7.96776295 ], [ 113.16162872, -7.96787262 ], [ 113.16174316, -7.96808767 ], [ 113.16172028, -7.96818352 ], [ 113.16158295, -7.96833038 ], [ 113.16118622, -7.96862507 ], [ 113.16079712, -7.96876049 ], [ 113.16048431, -7.96881771 ], [ 113.15995026, -7.96901178 ], [ 113.15948486, -7.9691782 ], [ 113.15899658, -7.9692893 ], [ 113.15871429, -7.96934366 ], [ 113.15823364, -7.96946955 ], [ 113.1578064, -7.96952915 ], [ 113.15769958, -7.96954346 ], [ 113.15724182, -7.96954679 ], [ 113.15716553, -7.9695611 ], [ 113.15679932, -7.96967459 ], [ 113.15636444, -7.96990061 ], [ 113.15618896, -7.97005463 ], [ 113.1556778, -7.97053432 ], [ 113.1554184, -7.97060537 ], [ 113.154953, -7.9707222 ], [ 113.15433502, -7.97119236 ], [ 113.15424347, -7.97135735 ], [ 113.15425873, -7.97146702 ], [ 113.15429688, -7.9717145 ], [ 113.15413666, -7.97180128 ], [ 113.153862, -7.97188377 ], [ 113.15367889, -7.97193909 ], [ 113.15354919, -7.97205305 ], [ 113.15351868, -7.97220373 ], [ 113.15357208, -7.97235632 ], [ 113.15378571, -7.97269344 ], [ 113.15384674, -7.97282028 ], [ 113.15377808, -7.97293234 ], [ 113.15362549, -7.97300863 ], [ 113.15328217, -7.97312641 ], [ 113.15319824, -7.97323084 ], [ 113.15319824, -7.97345257 ], [ 113.15325165, -7.97367716 ], [ 113.15335846, -7.97407532 ], [ 113.15325165, -7.97417402 ], [ 113.15307617, -7.97422838 ], [ 113.15287018, -7.9742713 ], [ 113.15264893, -7.97431755 ], [ 113.15255737, -7.97443533 ], [ 113.15254974, -7.97454882 ], [ 113.15260315, -7.97474289 ], [ 113.15274811, -7.9751935 ], [ 113.15268707, -7.97536421 ], [ 113.15249634, -7.97553682 ], [ 113.15226746, -7.97574759 ], [ 113.15219116, -7.97592258 ], [ 113.15219116, -7.97611523 ], [ 113.15218353, -7.97644901 ], [ 113.15210724, -7.97665882 ], [ 113.15196991, -7.9767828 ], [ 113.15172577, -7.97689772 ], [ 113.15145111, -7.97705317 ], [ 113.15126801, -7.97722006 ], [ 113.15116119, -7.97741127 ], [ 113.15112305, -7.97764111 ], [ 113.15110016, -7.97787142 ], [ 113.15107727, -7.97804642 ], [ 113.15097809, -7.97818804 ], [ 113.15080261, -7.97830534 ], [ 113.14997101, -7.97881365 ], [ 113.14975739, -7.97893572 ], [ 113.14965057, -7.9790926 ], [ 113.14958954, -7.97931814 ], [ 113.14957428, -7.97951984 ], [ 113.1495285, -7.97978592 ], [ 113.14942932, -7.97987604 ], [ 113.14926147, -7.97992373 ], [ 113.14912415, -7.97988319 ], [ 113.14889526, -7.97973824 ], [ 113.14858246, -7.97951031 ], [ 113.14816284, -7.97924232 ], [ 113.14802551, -7.97925758 ], [ 113.14792633, -7.97934294 ], [ 113.14775848, -7.97947311 ], [ 113.14763641, -7.97949076 ], [ 113.14751434, -7.97942305 ], [ 113.14741516, -7.9792757 ], [ 113.14723969, -7.97902203 ], [ 113.14698029, -7.97875118 ], [ 113.14678955, -7.97872639 ], [ 113.14650726, -7.97875595 ], [ 113.14629364, -7.97887993 ], [ 113.14595032, -7.9790287 ], [ 113.14585114, -7.97903395 ], [ 113.14570618, -7.9790411 ], [ 113.1451416, -7.97892046 ], [ 113.14476776, -7.97868013 ], [ 113.14458466, -7.97863293 ], [ 113.14444733, -7.9786706 ], [ 113.14434814, -7.97876644 ], [ 113.14418793, -7.97888279 ], [ 113.14408112, -7.97885227 ], [ 113.14393616, -7.97874022 ], [ 113.14376831, -7.97865438 ], [ 113.14350891, -7.9786396 ], [ 113.14300537, -7.97859764 ], [ 113.14269257, -7.97857714 ], [ 113.14219666, -7.97863722 ], [ 113.14193726, -7.97858286 ], [ 113.14163208, -7.97843552 ], [ 113.14131165, -7.97833347 ], [ 113.14105988, -7.97830582 ], [ 113.14085388, -7.97834253 ], [ 113.14066315, -7.97835636 ], [ 113.14053345, -7.97830439 ], [ 113.14044189, -7.97817802 ], [ 113.14025116, -7.97793674 ], [ 113.13993835, -7.97767973 ], [ 113.13955688, -7.9774394 ], [ 113.13949585, -7.97730446 ], [ 113.13947296, -7.97710752 ], [ 113.13941956, -7.97673321 ], [ 113.139328, -7.97660208 ], [ 113.13917542, -7.97654581 ], [ 113.13898468, -7.97655296 ], [ 113.1385498, -7.97657394 ], [ 113.13839722, -7.97644424 ], [ 113.13824463, -7.97633219 ], [ 113.1381073, -7.97635412 ], [ 113.13755035, -7.97650242 ], [ 113.13715363, -7.97647238 ], [ 113.13690186, -7.97653246 ], [ 113.1366806, -7.97657204 ], [ 113.13648224, -7.97652769 ], [ 113.13623047, -7.97650862 ], [ 113.1360321, -7.97655678 ], [ 113.13591766, -7.9766655 ], [ 113.13564301, -7.97693586 ], [ 113.13542938, -7.97707605 ], [ 113.13533783, -7.97724771 ], [ 113.13516998, -7.97752905 ], [ 113.13500977, -7.9776516 ], [ 113.13478088, -7.97774029 ], [ 113.13455963, -7.97776175 ], [ 113.13392639, -7.97813702 ], [ 113.13356018, -7.97845411 ], [ 113.13320923, -7.97874641 ], [ 113.1330719, -7.97886419 ], [ 113.13249207, -7.97934914 ], [ 113.13205719, -7.97973156 ], [ 113.13158417, -7.98012209 ], [ 113.13144684, -7.9802351 ], [ 113.13088226, -7.98068047 ], [ 113.13036346, -7.9811039 ], [ 113.13020325, -7.9812336 ], [ 113.12954712, -7.98176527 ], [ 113.12890625, -7.9823246 ], [ 113.12850189, -7.9826231 ], [ 113.12795258, -7.98296881 ], [ 113.12748718, -7.98327732 ], [ 113.12695313, -7.98362303 ], [ 113.12661743, -7.98380995 ], [ 113.12611389, -7.98398876 ], [ 113.12575531, -7.98415613 ], [ 113.12558746, -7.98423243 ], [ 113.12525177, -7.98449373 ], [ 113.125, -7.98476028 ], [ 113.12465668, -7.98467207 ], [ 113.12446594, -7.98466539 ], [ 113.1242218, -7.98482037 ], [ 113.12400818, -7.98512125 ], [ 113.12381744, -7.985425 ], [ 113.12358093, -7.98588228 ], [ 113.12340546, -7.9861331 ], [ 113.12330627, -7.98625898 ], [ 113.12265778, -7.98708534 ], [ 113.1223526, -7.98760843 ], [ 113.12223053, -7.98852253 ], [ 113.12214661, -7.9889307 ], [ 113.12198639, -7.98927546 ], [ 113.1219101, -7.9893837 ], [ 113.1215744, -7.98974657 ], [ 113.12148285, -7.98986101 ], [ 113.12123871, -7.99017143 ], [ 113.12068939, -7.99036884 ], [ 113.12000275, -7.99042749 ], [ 113.11941528, -7.99036503 ], [ 113.11856079, -7.99036074 ], [ 113.11798859, -7.99052858 ], [ 113.11790466, -7.9906292 ], [ 113.11776733, -7.99068117 ], [ 113.11756134, -7.99079323 ], [ 113.11719513, -7.99098873 ], [ 113.11701202, -7.99100351 ], [ 113.11680603, -7.99094963 ], [ 113.11653137, -7.99089003 ], [ 113.11631775, -7.99094915 ], [ 113.11616516, -7.99109507 ], [ 113.11608124, -7.99125671 ], [ 113.11594391, -7.99150324 ], [ 113.11580658, -7.99159002 ], [ 113.11552429, -7.9916811 ], [ 113.11528778, -7.99167252 ], [ 113.11508942, -7.99169683 ], [ 113.11472321, -7.9917345 ], [ 113.11461639, -7.99164867 ], [ 113.11452484, -7.9914813 ], [ 113.11449432, -7.99129105 ], [ 113.11444855, -7.99097443 ], [ 113.11430359, -7.99068403 ], [ 113.11416626, -7.99059916 ], [ 113.11367798, -7.99031258 ], [ 113.11336517, -7.98997211 ], [ 113.11325836, -7.98975182 ], [ 113.11325073, -7.98957968 ], [ 113.11331177, -7.98934078 ], [ 113.11336517, -7.98904705 ], [ 113.11334991, -7.98876619 ], [ 113.11325836, -7.98856115 ], [ 113.11309814, -7.98833513 ], [ 113.11293793, -7.9882412 ], [ 113.11273956, -7.98818254 ], [ 113.11222839, -7.9880352 ], [ 113.11215973, -7.98789978 ], [ 113.11205292, -7.98770285 ], [ 113.11188507, -7.98758554 ], [ 113.11146545, -7.98764086 ], [ 113.11138153, -7.98757267 ], [ 113.11118317, -7.98739719 ], [ 113.11105347, -7.98742628 ], [ 113.11025238, -7.98697138 ], [ 113.10951996, -7.98639154 ], [ 113.10861969, -7.98544979 ], [ 113.10803223, -7.9848218 ], [ 113.10726166, -7.98385143 ], [ 113.10652924, -7.98295021 ], [ 113.10639954, -7.98281384 ], [ 113.10601044, -7.98239899 ], [ 113.10552979, -7.9819169 ], [ 113.1049881, -7.98138666 ], [ 113.10449982, -7.98106766 ], [ 113.1040802, -7.98088312 ], [ 113.10372925, -7.98089838 ], [ 113.10317993, -7.98088789 ], [ 113.10256195, -7.98090267 ], [ 113.10166931, -7.9809804 ], [ 113.10049438, -7.9811101 ], [ 113.09953308, -7.98125172 ], [ 113.09842682, -7.98132992 ], [ 113.09745789, -7.98137236 ], [ 113.09634399, -7.98149395 ], [ 113.09527588, -7.98164558 ], [ 113.09461975, -7.98171616 ], [ 113.09445953, -7.98173285 ], [ 113.09352875, -7.98181772 ], [ 113.09156036, -7.98162985 ], [ 113.09014893, -7.98171806 ], [ 113.08911896, -7.98163176 ], [ 113.08824158, -7.98148298 ], [ 113.08761597, -7.98109293 ], [ 113.08732605, -7.98095512 ], [ 113.0871582, -7.98090219 ], [ 113.08673096, -7.98081541 ], [ 113.08641052, -7.98079109 ], [ 113.08598328, -7.9807229 ], [ 113.08583832, -7.9806962 ], [ 113.08539581, -7.98059988 ], [ 113.08514404, -7.98056269 ], [ 113.08496094, -7.98062897 ], [ 113.08479309, -7.98071575 ], [ 113.08468628, -7.98077059 ], [ 113.08394623, -7.98088455 ], [ 113.08360291, -7.98089123 ], [ 113.08335876, -7.98084688 ], [ 113.08188629, -7.98101759 ], [ 113.08096313, -7.98109627 ], [ 113.07985687, -7.98121786 ], [ 113.07868195, -7.9812417 ], [ 113.07756805, -7.98113966 ], [ 113.07649994, -7.98111057 ], [ 113.07294464, -7.98138905 ], [ 113.07155609, -7.98146296 ], [ 113.0705719, -7.98156595 ], [ 113.06972504, -7.9818306 ], [ 113.06916046, -7.98207235 ], [ 113.06852722, -7.98234653 ], [ 113.06773376, -7.98273182 ], [ 113.06715393, -7.98309755 ], [ 113.06658173, -7.98353195 ], [ 113.06596375, -7.98398018 ], [ 113.06523895, -7.98454952 ], [ 113.06465912, -7.98514557 ], [ 113.06417084, -7.98575783 ], [ 113.06378937, -7.98624754 ], [ 113.06342316, -7.9867816 ], [ 113.06312561, -7.98742914 ], [ 113.06301117, -7.98773241 ], [ 113.06277466, -7.98893929 ], [ 113.06276703, -7.99003935 ], [ 113.06282806, -7.99069643 ], [ 113.0628891, -7.99132252 ], [ 113.06308746, -7.99208069 ], [ 113.0630722, -7.99221277 ], [ 113.06300354, -7.9925766 ], [ 113.06296539, -7.99281549 ], [ 113.0630188, -7.99308062 ], [ 113.06343079, -7.9936738 ], [ 113.06357574, -7.9938817 ], [ 113.06364441, -7.99408197 ], [ 113.06365204, -7.99433231 ], [ 113.06339264, -7.99511957 ], [ 113.06330109, -7.99542236 ], [ 113.06329346, -7.99586296 ], [ 113.06336212, -7.99608898 ], [ 113.06372833, -7.99634218 ], [ 113.06395721, -7.9967289 ], [ 113.06411743, -7.99701786 ], [ 113.06428528, -7.9973774 ], [ 113.06438446, -7.997715 ], [ 113.06438446, -7.99802685 ], [ 113.06433868, -7.99829483 ], [ 113.06417084, -7.99868202 ], [ 113.06394958, -7.99918079 ], [ 113.06393433, -7.99927235 ], [ 113.06375885, -7.99992514 ], [ 113.06373596, -8.00000095 ], [ 113.06361389, -8.00037098 ], [ 113.06351471, -8.00085068 ], [ 113.06342316, -8.00093555 ], [ 113.06334686, -8.00099754 ], [ 113.06345367, -8.00137329 ], [ 113.06332397, -8.0018301 ], [ 113.06319427, -8.00216007 ], [ 113.06299591, -8.00256634 ], [ 113.06257629, -8.00330544 ], [ 113.06215668, -8.00383949 ], [ 113.06154633, -8.00457954 ], [ 113.06113434, -8.0051136 ], [ 113.06080627, -8.00571918 ], [ 113.06063843, -8.00621605 ], [ 113.06044769, -8.00671959 ], [ 113.0604248, -8.00705528 ], [ 113.06033325, -8.00746918 ], [ 113.06017303, -8.00783253 ], [ 113.05989075, -8.00838566 ], [ 113.05979919, -8.00864029 ], [ 113.05957031, -8.00904751 ], [ 113.05924988, -8.0095768 ], [ 113.05873108, -8.01009369 ], [ 113.0582428, -8.01039982 ], [ 113.05784607, -8.0104847 ], [ 113.05727386, -8.0105114 ], [ 113.05670929, -8.01045418 ], [ 113.05625916, -8.01033497 ], [ 113.05590057, -8.01016808 ], [ 113.05535889, -8.00981998 ], [ 113.05511475, -8.00970078 ], [ 113.05458069, -8.0096302 ], [ 113.05438232, -8.00974274 ], [ 113.05431366, -8.00957489 ], [ 113.05397797, -8.00936508 ], [ 113.05384064, -8.00926304 ], [ 113.05376434, -8.00916004 ], [ 113.05361938, -8.0087986 ], [ 113.05348969, -8.00852585 ], [ 113.05327606, -8.00828838 ], [ 113.0531311, -8.00818634 ], [ 113.05295563, -8.00817585 ], [ 113.05284119, -8.0081768 ], [ 113.05272675, -8.00810719 ], [ 113.05261993, -8.00787926 ], [ 113.05254364, -8.00772762 ], [ 113.05236053, -8.00759029 ], [ 113.05220795, -8.00742817 ], [ 113.05212402, -8.00733757 ], [ 113.05194855, -8.00722599 ], [ 113.05181885, -8.00710297 ], [ 113.05170441, -8.00677586 ], [ 113.05164337, -8.00657845 ], [ 113.05152893, -8.00641823 ], [ 113.05138397, -8.00631428 ], [ 113.05113983, -8.00620365 ], [ 113.05097198, -8.00605965 ], [ 113.05083466, -8.00574207 ], [ 113.05081177, -8.00566387 ], [ 113.0506897, -8.00545692 ], [ 113.05059814, -8.00527287 ], [ 113.05058289, -8.00504208 ], [ 113.05062103, -8.00481796 ], [ 113.0507431, -8.00436497 ], [ 113.05078125, -8.00405121 ], [ 113.0507431, -8.00383377 ], [ 113.05045319, -8.00352764 ], [ 113.05036926, -8.00342083 ], [ 113.05033875, -8.00328541 ], [ 113.05038452, -8.00297165 ], [ 113.05038452, -8.00288677 ], [ 113.05036163, -8.0027771 ], [ 113.05005646, -8.0022974 ], [ 113.04985046, -8.00191402 ], [ 113.04974365, -8.00168514 ], [ 113.04950714, -8.00143051 ], [ 113.04916382, -8.00123024 ], [ 113.04904938, -8.00115108 ], [ 113.04903412, -8.00076962 ], [ 113.04901123, -8.00052738 ], [ 113.04896545, -8.00043774 ], [ 113.04881287, -8.00028324 ], [ 113.0485611, -8.0001812 ], [ 113.04843903, -8.00012875 ], [ 113.04836273, -7.99999952 ], [ 113.04834747, -7.99992371 ], [ 113.04834747, -7.99979925 ], [ 113.04844666, -7.99949408 ], [ 113.04846954, -7.99930429 ], [ 113.04842377, -7.9991765 ], [ 113.04803467, -7.99897957 ], [ 113.04787445, -7.99890232 ], [ 113.04747772, -7.99851751 ], [ 113.04682922, -7.99811649 ], [ 113.04667664, -7.99801493 ], [ 113.04656219, -7.99782515 ], [ 113.04654694, -7.99774599 ], [ 113.04634857, -7.99725723 ], [ 113.04624939, -7.99708796 ], [ 113.04547882, -7.99560404 ], [ 113.04511261, -7.99490547 ], [ 113.04496765, -7.99478531 ], [ 113.0446701, -7.99451733 ], [ 113.04450989, -7.99430799 ], [ 113.04443359, -7.99410057 ], [ 113.04441833, -7.99393511 ], [ 113.04446411, -7.99309015 ], [ 113.04458618, -7.99301004 ], [ 113.04476929, -7.99287176 ], [ 113.04485321, -7.99272108 ], [ 113.04484558, -7.99259996 ], [ 113.04473877, -7.99244118 ], [ 113.0443573, -7.9919138 ], [ 113.04430389, -7.99165297 ], [ 113.04426575, -7.99143076 ], [ 113.04415894, -7.99129772 ], [ 113.0439682, -7.99117899 ], [ 113.04364777, -7.99103928 ], [ 113.04361725, -7.99093294 ], [ 113.04367828, -7.99084759 ], [ 113.04376221, -7.99073982 ], [ 113.04370117, -7.99065208 ], [ 113.0435257, -7.99041128 ], [ 113.04357147, -7.99032879 ], [ 113.04366302, -7.99014902 ], [ 113.04359436, -7.99009037 ], [ 113.0434494, -7.98997402 ], [ 113.04330444, -7.98974514 ], [ 113.04322815, -7.98959684 ], [ 113.04309845, -7.98954058 ], [ 113.04302979, -7.98950815 ], [ 113.04283142, -7.98941994 ], [ 113.04277039, -7.98927975 ], [ 113.04264069, -7.98894978 ], [ 113.04255676, -7.98864174 ], [ 113.04249573, -7.98850012 ], [ 113.04238129, -7.98839712 ], [ 113.04224396, -7.98837376 ], [ 113.04205322, -7.98843288 ], [ 113.04184723, -7.98846626 ], [ 113.04174042, -7.98842096 ], [ 113.04169464, -7.98830652 ], [ 113.04163361, -7.98796654 ], [ 113.04151917, -7.98788834 ], [ 113.04114532, -7.98768997 ], [ 113.04107666, -7.98757362 ], [ 113.04106903, -7.9874382 ], [ 113.04103851, -7.98706579 ], [ 113.04090881, -7.98694944 ], [ 113.04075623, -7.98690605 ], [ 113.04065704, -7.98685312 ], [ 113.04058838, -7.98671961 ], [ 113.04038239, -7.98630095 ], [ 113.04006195, -7.98574162 ], [ 113.04000854, -7.98553801 ], [ 113.03978729, -7.98530245 ], [ 113.03967285, -7.98532724 ], [ 113.03953552, -7.98531723 ], [ 113.03939819, -7.98521805 ], [ 113.0393219, -7.985075 ], [ 113.03924561, -7.98492241 ], [ 113.03905487, -7.98483276 ], [ 113.03872681, -7.98465538 ], [ 113.0386734, -7.98454428 ], [ 113.0384903, -7.98396778 ], [ 113.03840637, -7.98379946 ], [ 113.03832245, -7.98364353 ], [ 113.03813934, -7.98353434 ], [ 113.0379715, -7.98330545 ], [ 113.03769684, -7.98291111 ], [ 113.0375061, -7.9827919 ], [ 113.03730011, -7.98264599 ], [ 113.03662109, -7.9820056 ], [ 113.03649139, -7.9818821 ], [ 113.03616333, -7.98123407 ], [ 113.03618622, -7.98110533 ], [ 113.03622437, -7.98082256 ], [ 113.03614807, -7.98066902 ], [ 113.03592682, -7.98045874 ], [ 113.03549194, -7.98011255 ], [ 113.03507233, -7.97979069 ], [ 113.03498077, -7.97974205 ], [ 113.0344696, -7.9796443 ], [ 113.03431702, -7.979568 ], [ 113.03383636, -7.97933245 ], [ 113.03361511, -7.9792285 ], [ 113.0333252, -7.979105 ], [ 113.03308868, -7.9789834 ], [ 113.03295135, -7.97887278 ], [ 113.03279877, -7.97882652 ], [ 113.0326767, -7.97884703 ], [ 113.03259277, -7.97892427 ], [ 113.03247833, -7.97922897 ], [ 113.032341, -7.97925854 ], [ 113.03190613, -7.97925425 ], [ 113.0318222, -7.97925329 ], [ 113.03179169, -7.97915745 ], [ 113.03182983, -7.97907114 ], [ 113.03211212, -7.97876215 ], [ 113.03204346, -7.97865438 ], [ 113.03176117, -7.97828436 ], [ 113.03157043, -7.97784519 ], [ 113.0313797, -7.97761965 ], [ 113.03121185, -7.97751379 ], [ 113.03091431, -7.97739887 ], [ 113.03084564, -7.97725201 ], [ 113.0307312, -7.97710752 ], [ 113.03050995, -7.97695589 ], [ 113.03031158, -7.97677231 ], [ 113.03013611, -7.97666979 ], [ 113.02989197, -7.97654295 ], [ 113.02975464, -7.97638941 ], [ 113.02954865, -7.97615242 ], [ 113.02912903, -7.97598171 ], [ 113.02895355, -7.9758625 ], [ 113.02854156, -7.97548342 ], [ 113.02853394, -7.97531605 ], [ 113.02848816, -7.97513103 ], [ 113.02836609, -7.97498035 ], [ 113.02818298, -7.97474623 ], [ 113.02790833, -7.97429657 ], [ 113.02765656, -7.97395182 ], [ 113.02759552, -7.97377443 ], [ 113.0275116, -7.97376394 ], [ 113.0273819, -7.97373772 ], [ 113.02710724, -7.97359657 ], [ 113.02698517, -7.97365952 ], [ 113.02672577, -7.97377205 ], [ 113.02661896, -7.97372246 ], [ 113.02626038, -7.97347403 ], [ 113.02598572, -7.97342205 ], [ 113.02578735, -7.97329664 ], [ 113.02570343, -7.9731617 ], [ 113.02568054, -7.97301579 ], [ 113.02567291, -7.97270727 ], [ 113.0255661, -7.97262239 ], [ 113.02541351, -7.97258854 ], [ 113.02529144, -7.97252989 ], [ 113.02520752, -7.97239304 ], [ 113.02516174, -7.97222137 ], [ 113.02511597, -7.9720726 ], [ 113.02500153, -7.97181702 ], [ 113.0249176, -7.97165155 ], [ 113.02471161, -7.97146749 ], [ 113.0243454, -7.97122526 ], [ 113.02412415, -7.97107506 ], [ 113.02394104, -7.97090101 ], [ 113.02370453, -7.97058725 ], [ 113.02372742, -7.97049046 ], [ 113.02374268, -7.97031832 ], [ 113.02365112, -7.97023344 ], [ 113.02349854, -7.97019577 ], [ 113.02332306, -7.97022486 ], [ 113.02308655, -7.97026777 ], [ 113.0228653, -7.97014284 ], [ 113.02275848, -7.97001123 ], [ 113.02274323, -7.96964169 ], [ 113.02262878, -7.96951866 ], [ 113.0223465, -7.96930504 ], [ 113.02212524, -7.96919298 ], [ 113.02200317, -7.96920729 ], [ 113.02177429, -7.96925259 ], [ 113.02124786, -7.96915913 ], [ 113.02088928, -7.96898413 ], [ 113.02071381, -7.96884251 ], [ 113.02056122, -7.96885014 ], [ 113.02026367, -7.96885824 ], [ 113.0197525, -7.96870232 ], [ 113.01967621, -7.96867847 ], [ 113.01942444, -7.96858501 ], [ 113.01926422, -7.968606 ], [ 113.01902008, -7.96871424 ], [ 113.0189209, -7.96885872 ], [ 113.01876068, -7.96903896 ], [ 113.01860809, -7.96908951 ], [ 113.01847076, -7.96906662 ], [ 113.01822662, -7.96894979 ], [ 113.01800537, -7.96886539 ], [ 113.01779175, -7.96888304 ], [ 113.01764679, -7.96889544 ], [ 113.01740265, -7.968853 ], [ 113.01731873, -7.96889448 ], [ 113.01720428, -7.96890926 ], [ 113.01703644, -7.96886015 ], [ 113.01683044, -7.96894646 ], [ 113.01655579, -7.96893358 ], [ 113.0161438, -7.96905804 ], [ 113.01591492, -7.96910715 ], [ 113.01555634, -7.96915627 ], [ 113.01531219, -7.96907139 ], [ 113.0150528, -7.96892691 ], [ 113.01494598, -7.96894264 ], [ 113.01462555, -7.96902895 ], [ 113.01447296, -7.96895742 ], [ 113.01436615, -7.96882915 ], [ 113.01411438, -7.96843863 ], [ 113.01376343, -7.96805382 ], [ 113.01337433, -7.96754122 ], [ 113.01314545, -7.96737671 ], [ 113.01289368, -7.96726465 ], [ 113.01269531, -7.96718645 ], [ 113.01261902, -7.96716547 ], [ 113.01237488, -7.9670558 ], [ 113.01211548, -7.96688604 ], [ 113.0120163, -7.96681929 ], [ 113.01161957, -7.96655273 ], [ 113.01148987, -7.96649742 ], [ 113.0112381, -7.96627474 ], [ 113.01062775, -7.96567535 ], [ 113.01042938, -7.96531773 ], [ 113.01011658, -7.96464825 ], [ 113.009758, -7.96421814 ], [ 113.00950623, -7.96390724 ], [ 113.00935364, -7.96376419 ], [ 113.00915527, -7.96367788 ], [ 113.00896454, -7.96369123 ], [ 113.00878906, -7.96376753 ], [ 113.00855255, -7.96389294 ], [ 113.00842285, -7.96392345 ], [ 113.00827789, -7.96390963 ], [ 113.00807953, -7.96378517 ], [ 113.00787354, -7.96368933 ], [ 113.00760651, -7.96366644 ], [ 113.00741577, -7.96372843 ], [ 113.00727844, -7.96383953 ], [ 113.00710297, -7.96392775 ], [ 113.0069046, -7.96394873 ], [ 113.00656891, -7.9639287 ], [ 113.00640106, -7.96396732 ], [ 113.00626373, -7.96398163 ], [ 113.00605011, -7.96391058 ], [ 113.00576782, -7.96374702 ], [ 113.00565338, -7.96367788 ], [ 113.0052948, -7.96350527 ], [ 113.00502014, -7.96345758 ], [ 113.00476074, -7.9635067 ], [ 113.0044632, -7.96355152 ], [ 113.00405884, -7.96357012 ], [ 113.00376892, -7.96351051 ], [ 113.00366211, -7.96349573 ], [ 113.00358582, -7.96347809 ], [ 113.00347137, -7.96343899 ], [ 113.00328827, -7.96340322 ], [ 113.00300598, -7.96334743 ], [ 113.00292969, -7.96331263 ], [ 113.00263214, -7.96335936 ], [ 113.00225067, -7.96336317 ], [ 113.00203705, -7.96334171 ], [ 113.00196075, -7.96345425 ], [ 113.00198364, -7.96365356 ], [ 113.00091553, -7.9633441 ], [ 113.00067139, -7.96331501 ], [ 113.00031281, -7.96329117 ], [ 112.99998474, -7.96323681 ], [ 112.99985504, -7.96318865 ], [ 112.99958038, -7.96308899 ], [ 112.99930573, -7.96297026 ], [ 112.99881744, -7.96273756 ], [ 112.99843597, -7.96255779 ], [ 112.99808502, -7.96238565 ], [ 112.99781036, -7.96229172 ], [ 112.99764252, -7.96225262 ], [ 112.99724579, -7.96221066 ], [ 112.99706268, -7.96222496 ], [ 112.9966507, -7.9621892 ], [ 112.99653625, -7.96218204 ], [ 112.99625397, -7.96214247 ], [ 112.99600983, -7.96206284 ], [ 112.99589539, -7.96200657 ], [ 112.9957962, -7.96179438 ], [ 112.99562073, -7.96166563 ], [ 112.99533844, -7.96151209 ], [ 112.99488068, -7.96132803 ], [ 112.99459839, -7.96118402 ], [ 112.99436951, -7.96097279 ], [ 112.99404907, -7.96057987 ], [ 112.994133, -7.96041012 ], [ 112.99427032, -7.9602499 ], [ 112.99456787, -7.96005011 ], [ 112.99479675, -7.95994997 ], [ 112.99495697, -7.95990992 ], [ 112.99504089, -7.95981979 ], [ 112.99510193, -7.95968008 ], [ 112.99513245, -7.95958996 ], [ 112.99524689, -7.95955992 ], [ 112.99542999, -7.9595499 ], [ 112.99552917, -7.95947981 ], [ 112.99565887, -7.95925999 ], [ 112.99568176, -7.9589901 ], [ 112.9956131, -7.95873022 ], [ 112.99542236, -7.95844984 ], [ 112.99530029, -7.9582901 ], [ 112.99520111, -7.9580102 ], [ 112.99488068, -7.95758009 ], [ 112.99491119, -7.95735979 ], [ 112.99491882, -7.95705986 ], [ 112.99495697, -7.95695019 ], [ 112.99514771, -7.95647001 ], [ 112.99537659, -7.95588017 ], [ 112.99552917, -7.95553017 ], [ 112.9956131, -7.9552598 ], [ 112.99562073, -7.95492983 ], [ 112.99552155, -7.95441008 ], [ 112.9954834, -7.95425987 ], [ 112.9954071, -7.95405006 ], [ 112.99524689, -7.95374012 ], [ 112.99501038, -7.95312023 ], [ 112.99491119, -7.95277023 ], [ 112.99485016, -7.95220995 ], [ 112.99487305, -7.9519701 ], [ 112.99497223, -7.95190001 ], [ 112.99568939, -7.95140982 ], [ 112.99578857, -7.95126009 ], [ 112.99582672, -7.9510498 ], [ 112.9957962, -7.95087004 ], [ 112.99564362, -7.95051003 ], [ 112.99545288, -7.95018005 ], [ 112.99529266, -7.94961023 ], [ 112.99529266, -7.94940996 ], [ 112.99536133, -7.94932985 ], [ 112.99565125, -7.94924021 ], [ 112.99604034, -7.9491601 ], [ 112.99649048, -7.94905996 ], [ 112.99703217, -7.94886017 ], [ 112.99794769, -7.9488101 ], [ 112.99816895, -7.94880009 ], [ 112.99868011, -7.94872999 ], [ 112.99904633, -7.94869995 ], [ 112.99920654, -7.94868994 ], [ 112.99938202, -7.94864988 ], [ 112.99968719, -7.9485898 ], [ 113.0, -7.94857979 ], [ 113.00028992, -7.94856024 ], [ 113.00060272, -7.94854021 ], [ 113.00150299, -7.94845009 ], [ 113.00211334, -7.94831991 ], [ 113.00253296, -7.94817019 ], [ 113.00273895, -7.94782019 ], [ 113.00287628, -7.94742012 ], [ 113.00289917, -7.94715977 ], [ 113.00298309, -7.94703007 ], [ 113.00312805, -7.94684982 ], [ 113.00325012, -7.94671011 ], [ 113.00338745, -7.94656992 ], [ 113.00431824, -7.9463501 ], [ 113.00538635, -7.94617987 ], [ 113.00634766, -7.94614983 ], [ 113.00660706, -7.94614983 ], [ 113.00678253, -7.94614983 ], [ 113.0071106, -7.94616985 ], [ 113.00746155, -7.94622993 ], [ 113.00772095, -7.94623995 ], [ 113.00801086, -7.94615984 ], [ 113.0083313, -7.94594002 ], [ 113.00856781, -7.9457798 ], [ 113.00875092, -7.94570017 ], [ 113.00894165, -7.94568014 ], [ 113.00946808, -7.94575024 ], [ 113.00991821, -7.94583988 ], [ 113.01027679, -7.94587994 ], [ 113.01062012, -7.94578981 ], [ 113.01078796, -7.94575977 ], [ 113.01113892, -7.94585991 ], [ 113.01135254, -7.94593 ], [ 113.01171112, -7.94581985 ], [ 113.01191711, -7.94575024 ], [ 113.01239014, -7.9457798 ], [ 113.01291656, -7.94588995 ], [ 113.01328278, -7.9460001 ], [ 113.01348877, -7.94606018 ], [ 113.01394653, -7.94618988 ], [ 113.01431274, -7.94620991 ], [ 113.0145874, -7.94617987 ], [ 113.0149765, -7.94594002 ], [ 113.01519012, -7.94581985 ], [ 113.01574707, -7.9457202 ], [ 113.01624298, -7.94574022 ], [ 113.01654816, -7.94573021 ], [ 113.016922, -7.94567013 ], [ 113.01721191, -7.94555998 ], [ 113.01751709, -7.94531012 ], [ 113.01763916, -7.94520998 ], [ 113.01785278, -7.94516993 ], [ 113.0181427, -7.94517994 ], [ 113.01844025, -7.94504976 ], [ 113.0187912, -7.94489002 ], [ 113.01908875, -7.94478989 ], [ 113.01937866, -7.94469023 ], [ 113.01972961, -7.94459009 ], [ 113.0200119, -7.94446993 ], [ 113.02010345, -7.94441986 ], [ 113.02059174, -7.94430017 ], [ 113.02114868, -7.94418001 ], [ 113.02194214, -7.94396019 ], [ 113.02217865, -7.94383001 ], [ 113.02236938, -7.94363022 ], [ 113.0226593, -7.94327021 ], [ 113.02284241, -7.94312 ], [ 113.02311707, -7.94301987 ], [ 113.02332306, -7.94295979 ], [ 113.02352142, -7.94279003 ], [ 113.02372742, -7.94257021 ], [ 113.02397156, -7.94240999 ], [ 113.02436829, -7.94238997 ], [ 113.02455139, -7.94234991 ], [ 113.02475739, -7.94225979 ], [ 113.02490234, -7.94224977 ], [ 113.02506256, -7.94228983 ], [ 113.02529144, -7.94222021 ], [ 113.0256424, -7.94194984 ], [ 113.02612305, -7.9416399 ], [ 113.02639771, -7.94147015 ], [ 113.02655029, -7.94133997 ], [ 113.02697754, -7.94091988 ], [ 113.02736664, -7.94057989 ], [ 113.02758026, -7.94044018 ], [ 113.02780914, -7.94040012 ], [ 113.02796936, -7.9403801 ], [ 113.02845001, -7.94009018 ], [ 113.0287323, -7.93999004 ], [ 113.02896881, -7.93992996 ], [ 113.02918243, -7.93978977 ], [ 113.02931976, -7.9396801 ], [ 113.02977753, -7.93957996 ], [ 113.03005219, -7.93946981 ], [ 113.03041077, -7.93930006 ], [ 113.03056335, -7.93918991 ], [ 113.03067017, -7.93900013 ], [ 113.03073883, -7.93885994 ], [ 113.03089142, -7.93874979 ], [ 113.03111267, -7.93869019 ], [ 113.03157043, -7.93878984 ], [ 113.03164673, -7.93879747 ], [ 113.03186798, -7.93881989 ], [ 113.03220367, -7.9387598 ], [ 113.03238678, -7.93868017 ], [ 113.03249359, -7.93859005 ], [ 113.03253174, -7.93842983 ], [ 113.032547, -7.93814993 ], [ 113.0326004, -7.93801022 ], [ 113.03249359, -7.93796587 ], [ 113.03243256, -7.93779659 ], [ 113.03236389, -7.9375248 ], [ 113.032341, -7.93736982 ], [ 113.032341, -7.93725729 ], [ 113.03266144, -7.93698931 ], [ 113.03279114, -7.9365468 ], [ 113.0333252, -7.93607664 ], [ 113.03363037, -7.93571758 ], [ 113.03399658, -7.93545628 ], [ 113.03440857, -7.93503809 ], [ 113.03469086, -7.93477058 ], [ 113.03488922, -7.9345746 ], [ 113.03488159, -7.93435001 ], [ 113.03482819, -7.93423319 ], [ 113.03473663, -7.93395853 ], [ 113.03501129, -7.9336648 ], [ 113.03524017, -7.93332434 ], [ 113.03580475, -7.93278885 ], [ 113.03607178, -7.93291616 ], [ 113.03623962, -7.93283367 ], [ 113.03662872, -7.93261528 ], [ 113.0369873, -7.9325552 ], [ 113.03705597, -7.93251371 ], [ 113.03717041, -7.93252468 ], [ 113.03741455, -7.93232489 ], [ 113.03781128, -7.93211794 ], [ 113.03797913, -7.93195915 ], [ 113.03816223, -7.93198776 ], [ 113.03836823, -7.93202162 ], [ 113.03862, -7.93209076 ], [ 113.03883362, -7.93217754 ], [ 113.0389328, -7.93221188 ], [ 113.03919983, -7.932199 ], [ 113.03944397, -7.93223524 ], [ 113.03984833, -7.93222284 ], [ 113.04019165, -7.93241549 ], [ 113.04036713, -7.93265009 ], [ 113.04045868, -7.93300629 ], [ 113.04052734, -7.93342352 ], [ 113.04051208, -7.93355322 ], [ 113.04060364, -7.93366003 ], [ 113.04075623, -7.93382978 ], [ 113.0408783, -7.93387985 ], [ 113.04099274, -7.93390989 ], [ 113.04123688, -7.93422985 ], [ 113.04135895, -7.93438005 ], [ 113.04148865, -7.93443012 ], [ 113.04168701, -7.93440008 ], [ 113.04187775, -7.93429995 ], [ 113.04208374, -7.93416977 ], [ 113.04239655, -7.93414021 ], [ 113.0425415, -7.93413019 ], [ 113.04283905, -7.93394995 ], [ 113.04358673, -7.93364 ], [ 113.0439682, -7.93353987 ], [ 113.04450226, -7.93351984 ], [ 113.04466248, -7.93349981 ], [ 113.04488373, -7.93325996 ], [ 113.04517365, -7.93300009 ], [ 113.04534912, -7.9327898 ], [ 113.04554749, -7.93260002 ], [ 113.04566956, -7.93248987 ], [ 113.0457077, -7.93239021 ], [ 113.04559326, -7.9321599 ], [ 113.04554749, -7.93207979 ], [ 113.04560852, -7.93197012 ], [ 113.04579926, -7.93183994 ], [ 113.04605865, -7.93175983 ], [ 113.04624176, -7.93171978 ], [ 113.04637909, -7.93163013 ], [ 113.04647827, -7.93144989 ], [ 113.04650116, -7.93085003 ], [ 113.04651642, -7.9306798 ], [ 113.04662323, -7.93048 ], [ 113.04673767, -7.93035984 ], [ 113.04695129, -7.93029022 ], [ 113.04714966, -7.93025017 ], [ 113.04730225, -7.93011999 ], [ 113.0473938, -7.93006992 ], [ 113.04749298, -7.93001986 ], [ 113.04766846, -7.9299202 ], [ 113.04798889, -7.92973995 ], [ 113.04808807, -7.92966986 ], [ 113.04812622, -7.92958021 ], [ 113.04814911, -7.92943001 ], [ 113.04833984, -7.92913008 ], [ 113.04863739, -7.92893982 ], [ 113.04875946, -7.9288702 ], [ 113.04891205, -7.92866993 ], [ 113.0490799, -7.92854977 ], [ 113.04914856, -7.9285202 ], [ 113.04924774, -7.92854023 ], [ 113.04942322, -7.92854977 ], [ 113.04958344, -7.92847013 ], [ 113.05007172, -7.9282198 ], [ 113.05023193, -7.92815113 ], [ 113.05052948, -7.92802 ], [ 113.05072784, -7.92792988 ], [ 113.05091858, -7.92777014 ], [ 113.05101776, -7.92763996 ], [ 113.05124664, -7.92714024 ], [ 113.05129242, -7.92706251 ], [ 113.05136108, -7.92692995 ], [ 113.05145264, -7.92683983 ], [ 113.05168152, -7.92675924 ], [ 113.05193329, -7.92674017 ], [ 113.05207825, -7.9267602 ], [ 113.0521698, -7.92682981 ], [ 113.05220795, -7.92700005 ], [ 113.05220032, -7.92723989 ], [ 113.05236053, -7.92733002 ], [ 113.05297852, -7.92745972 ], [ 113.05310822, -7.9275198 ], [ 113.05432892, -7.92820978 ], [ 113.05465698, -7.92853022 ], [ 113.05513763, -7.92933989 ], [ 113.05561829, -7.93013 ], [ 113.0559082, -7.93099022 ], [ 113.05587769, -7.93190002 ], [ 113.05590057, -7.93289995 ], [ 113.05594635, -7.93396997 ], [ 113.05599976, -7.93497229 ], [ 113.05600739, -7.93513012 ], [ 113.05603027, -7.93563986 ], [ 113.05593872, -7.93660402 ], [ 113.05593109, -7.93672514 ], [ 113.05587769, -7.93724012 ], [ 113.0557785, -7.93849516 ], [ 113.05570221, -7.9394598 ], [ 113.05570984, -7.94053984 ], [ 113.05600739, -7.94150019 ], [ 113.05610657, -7.94262981 ], [ 113.05618286, -7.94341993 ], [ 113.0561676, -7.94367409 ], [ 113.05612946, -7.9443202 ], [ 113.05628967, -7.94496727 ], [ 113.05644989, -7.94562006 ], [ 113.05670166, -7.94526005 ], [ 113.05677032, -7.94516993 ], [ 113.05695343, -7.94515991 ], [ 113.05702972, -7.94516993 ], [ 113.05718994, -7.94497013 ], [ 113.05728912, -7.94483995 ], [ 113.05744171, -7.94474983 ], [ 113.05780029, -7.94492006 ], [ 113.05792236, -7.94496012 ], [ 113.05831146, -7.94481993 ], [ 113.05883789, -7.94462013 ], [ 113.05906677, -7.94450998 ], [ 113.05931091, -7.94430017 ], [ 113.05950928, -7.94376993 ], [ 113.05960083, -7.94359016 ], [ 113.05970764, -7.94344997 ], [ 113.05986023, -7.94340992 ], [ 113.06011963, -7.94344997 ], [ 113.06031799, -7.94351006 ], [ 113.06051636, -7.94349003 ], [ 113.06063843, -7.94341993 ], [ 113.06088257, -7.94310999 ], [ 113.0610199, -7.94294024 ], [ 113.06124115, -7.94281006 ], [ 113.06150818, -7.94282007 ], [ 113.06173706, -7.94281006 ], [ 113.06201935, -7.94266987 ], [ 113.06230164, -7.94264984 ], [ 113.06242371, -7.94262981 ], [ 113.06256866, -7.94237995 ], [ 113.06285858, -7.94204998 ], [ 113.06307983, -7.94171 ], [ 113.06317139, -7.94155979 ], [ 113.06390381, -7.94117022 ], [ 113.06417084, -7.94109011 ], [ 113.06446075, -7.94108009 ], [ 113.06471252, -7.94105005 ], [ 113.06523895, -7.94070005 ], [ 113.06562805, -7.94049978 ], [ 113.06597137, -7.94036007 ], [ 113.06611633, -7.94025993 ], [ 113.0662384, -7.94006014 ], [ 113.06626892, -7.93995237 ], [ 113.06632996, -7.93975019 ], [ 113.06639862, -7.93954992 ], [ 113.06646729, -7.93909979 ], [ 113.06655884, -7.93876982 ], [ 113.06659698, -7.93869019 ], [ 113.06694031, -7.93834543 ], [ 113.06710052, -7.93817997 ], [ 113.06726074, -7.93796015 ], [ 113.06729126, -7.93762016 ], [ 113.06730652, -7.93744993 ], [ 113.06739807, -7.93732023 ], [ 113.06773376, -7.93703985 ], [ 113.06799316, -7.93694019 ], [ 113.06812286, -7.93689013 ], [ 113.06822968, -7.93671989 ], [ 113.06858826, -7.93637991 ], [ 113.06884003, -7.93614006 ], [ 113.0689621, -7.93592978 ], [ 113.06900787, -7.93560982 ], [ 113.06902313, -7.93535995 ], [ 113.06906891, -7.93520021 ], [ 113.06918335, -7.93509007 ], [ 113.06941223, -7.93504 ], [ 113.06971741, -7.93504 ], [ 113.06993866, -7.93505001 ], [ 113.07006073, -7.93501997 ], [ 113.07015991, -7.93471003 ], [ 113.07023621, -7.9344101 ], [ 113.07037354, -7.93405008 ], [ 113.0704422, -7.9338398 ], [ 113.07083893, -7.93353987 ], [ 113.07144928, -7.93304014 ], [ 113.0717392, -7.93254995 ], [ 113.07196808, -7.93234015 ], [ 113.07227325, -7.93186998 ], [ 113.07232666, -7.93179131 ], [ 113.07241058, -7.9316802 ], [ 113.0725708, -7.93156004 ], [ 113.07296753, -7.93155003 ], [ 113.07337952, -7.9313798 ], [ 113.07350922, -7.93129015 ], [ 113.07360077, -7.9310298 ], [ 113.07357788, -7.93089676 ], [ 113.07350159, -7.93046999 ], [ 113.0734787, -7.93030977 ], [ 113.07351685, -7.93017006 ], [ 113.0736084, -7.93005991 ], [ 113.07392883, -7.93001986 ], [ 113.0743103, -7.92988014 ], [ 113.07445526, -7.9297328 ], [ 113.0746994, -7.92949009 ], [ 113.0750885, -7.9292202 ], [ 113.07530975, -7.92908001 ], [ 113.07544708, -7.92890978 ], [ 113.07554626, -7.92826986 ], [ 113.07584381, -7.92789984 ], [ 113.07617188, -7.92753983 ], [ 113.07637787, -7.92732 ], [ 113.0764389, -7.92719984 ], [ 113.07642365, -7.92705011 ], [ 113.07633209, -7.92691994 ], [ 113.07605743, -7.92668009 ], [ 113.07594299, -7.92654419 ], [ 113.07575226, -7.92632008 ], [ 113.07568359, -7.92616987 ], [ 113.07566071, -7.92594004 ], [ 113.07572174, -7.92560005 ], [ 113.07582092, -7.92530012 ], [ 113.07597351, -7.92504978 ], [ 113.07623291, -7.92484999 ], [ 113.07640839, -7.92469978 ], [ 113.0765686, -7.92457008 ], [ 113.07663727, -7.92443991 ], [ 113.07673645, -7.92414999 ], [ 113.07694244, -7.92387009 ], [ 113.07705688, -7.92374992 ], [ 113.07759857, -7.92315006 ], [ 113.07784271, -7.92250013 ], [ 113.07807159, -7.92202997 ], [ 113.07816315, -7.92178011 ], [ 113.07817078, -7.92162991 ], [ 113.07817078, -7.92152977 ], [ 113.07817078, -7.92140007 ], [ 113.07823181, -7.92115021 ], [ 113.07832336, -7.9208498 ], [ 113.07845306, -7.92054987 ], [ 113.0785675, -7.92035007 ], [ 113.07875061, -7.92004013 ], [ 113.07884216, -7.9198699 ], [ 113.07897186, -7.91963577 ], [ 113.07901764, -7.91947985 ], [ 113.07887268, -7.91903019 ], [ 113.0788269, -7.91886997 ], [ 113.07885742, -7.91870022 ], [ 113.07907104, -7.91850996 ], [ 113.07949066, -7.91836023 ], [ 113.07971191, -7.91828012 ], [ 113.07984161, -7.91816998 ], [ 113.07991028, -7.91801023 ], [ 113.07975769, -7.91743994 ], [ 113.07972717, -7.91730022 ], [ 113.07980347, -7.91715002 ], [ 113.07997894, -7.91697979 ], [ 113.08049774, -7.91723013 ], [ 113.08088684, -7.91739988 ], [ 113.08129883, -7.91757011 ], [ 113.08203125, -7.91790009 ], [ 113.08216095, -7.91797018 ], [ 113.08278656, -7.91831017 ], [ 113.08335876, -7.91870022 ], [ 113.08367157, -7.91890001 ], [ 113.08435822, -7.91934013 ], [ 113.0850296, -7.91981411 ], [ 113.08517456, -7.91991949 ], [ 113.08535767, -7.92005014 ], [ 113.08599091, -7.92053986 ], [ 113.08609772, -7.92061996 ], [ 113.08631897, -7.92081022 ], [ 113.08657837, -7.92104006 ], [ 113.08677673, -7.92120981 ], [ 113.08711243, -7.92152977 ], [ 113.0872879, -7.92171001 ], [ 113.08757019, -7.92193985 ], [ 113.08773804, -7.92217016 ], [ 113.08785248, -7.92244005 ], [ 113.08789063, -7.92257023 ], [ 113.08815765, -7.92292023 ], [ 113.08824921, -7.9230299 ], [ 113.08846283, -7.92319012 ], [ 113.08881378, -7.92320013 ], [ 113.08891296, -7.92315006 ], [ 113.08918762, -7.92300987 ], [ 113.08953857, -7.92282009 ], [ 113.08975983, -7.92269993 ], [ 113.09001923, -7.92254019 ], [ 113.09024811, -7.92244005 ], [ 113.09059143, -7.92217016 ], [ 113.09065247, -7.92213154 ], [ 113.09085846, -7.92199993 ], [ 113.09114838, -7.92188978 ], [ 113.09143066, -7.92168999 ], [ 113.09159088, -7.9215498 ], [ 113.09216309, -7.92145014 ], [ 113.09233856, -7.92141008 ], [ 113.09266663, -7.92124987 ], [ 113.09304047, -7.92109013 ], [ 113.09322357, -7.92122984 ], [ 113.09397888, -7.92164993 ], [ 113.09432983, -7.92209005 ], [ 113.09503174, -7.9226799 ], [ 113.09515381, -7.9229598 ], [ 113.09515381, -7.92312002 ], [ 113.09516144, -7.92333984 ], [ 113.09525299, -7.92348003 ], [ 113.0953598, -7.92363024 ], [ 113.09539032, -7.92369986 ], [ 113.09551239, -7.92364979 ], [ 113.09574127, -7.92364979 ], [ 113.09591675, -7.92369986 ], [ 113.09604645, -7.92374992 ], [ 113.09632111, -7.92363977 ], [ 113.09654999, -7.92355013 ], [ 113.09671783, -7.92343998 ], [ 113.09680939, -7.92331982 ], [ 113.0968399, -7.92311001 ], [ 113.09686279, -7.9229598 ], [ 113.09693909, -7.92284012 ], [ 113.09712219, -7.92277002 ], [ 113.09734344, -7.92271996 ], [ 113.09754181, -7.92258978 ], [ 113.09767914, -7.92249012 ], [ 113.09796906, -7.92243004 ], [ 113.09825897, -7.92242002 ], [ 113.09857178, -7.92244005 ], [ 113.09895325, -7.9224 ], [ 113.09909821, -7.92233992 ], [ 113.09941101, -7.92187023 ], [ 113.09947968, -7.92171001 ], [ 113.09945679, -7.92153978 ], [ 113.09938049, -7.92133999 ], [ 113.09938049, -7.9211998 ], [ 113.0994873, -7.92101002 ], [ 113.09963989, -7.92082024 ], [ 113.09967041, -7.92069006 ], [ 113.0996933, -7.92054987 ], [ 113.09986115, -7.92028999 ], [ 113.10002136, -7.92012978 ], [ 113.1004715, -7.91997004 ], [ 113.10086823, -7.9197998 ], [ 113.10102844, -7.91971016 ], [ 113.10157776, -7.9195199 ], [ 113.10187531, -7.91936874 ], [ 113.10205078, -7.91928005 ], [ 113.102211, -7.91920996 ], [ 113.1023407, -7.91908979 ], [ 113.10247803, -7.91879988 ], [ 113.10253143, -7.91850996 ], [ 113.10257721, -7.91829014 ], [ 113.10276031, -7.91802979 ], [ 113.10294342, -7.91785002 ], [ 113.10308838, -7.91776991 ], [ 113.10327911, -7.9177599 ], [ 113.10360718, -7.91771984 ], [ 113.10421753, -7.91747999 ], [ 113.10449982, -7.91739988 ], [ 113.1046524, -7.91738987 ], [ 113.10498047, -7.91765022 ], [ 113.10510254, -7.91771984 ], [ 113.1052475, -7.91770983 ], [ 113.10542297, -7.91764021 ], [ 113.1055069, -7.91753006 ], [ 113.10555267, -7.9172802 ], [ 113.1055603, -7.91715002 ], [ 113.10562897, -7.91706991 ], [ 113.10575867, -7.9170599 ], [ 113.10601807, -7.91724014 ], [ 113.10611725, -7.9172802 ], [ 113.10626221, -7.91725016 ], [ 113.10637665, -7.91709995 ], [ 113.10645294, -7.91697979 ], [ 113.10658264, -7.91690016 ], [ 113.10688019, -7.91689014 ], [ 113.10701752, -7.91689014 ], [ 113.1071167, -7.91683006 ], [ 113.10716248, -7.91630983 ], [ 113.1072464, -7.91593981 ], [ 113.10735321, -7.91569996 ], [ 113.10739899, -7.91561985 ], [ 113.10768127, -7.91530991 ], [ 113.10784149, -7.91513014 ], [ 113.10782623, -7.91483021 ], [ 113.10784912, -7.91450024 ], [ 113.10793304, -7.91407013 ], [ 113.10810089, -7.91374016 ], [ 113.10945892, -7.91223001 ], [ 113.11044312, -7.91180992 ], [ 113.11122131, -7.91154003 ], [ 113.1114502, -7.91135979 ], [ 113.11154175, -7.9113102 ], [ 113.11193848, -7.91109991 ], [ 113.11225891, -7.91093016 ], [ 113.11247253, -7.91075993 ], [ 113.11276245, -7.91046 ], [ 113.11299896, -7.91019011 ], [ 113.11325073, -7.90995979 ], [ 113.11348724, -7.90977001 ], [ 113.1137619, -7.90944004 ], [ 113.11392975, -7.90922022 ], [ 113.1140976, -7.90900993 ], [ 113.11435699, -7.90867996 ], [ 113.11446381, -7.90856981 ], [ 113.11455536, -7.90846586 ], [ 113.11486053, -7.90812016 ], [ 113.1151123, -7.90782022 ], [ 113.11522675, -7.90764999 ], [ 113.11562347, -7.90682983 ], [ 113.11568451, -7.90668774 ], [ 113.11575317, -7.90653992 ], [ 113.11589813, -7.90626001 ], [ 113.11614227, -7.90578985 ], [ 113.11641693, -7.90508986 ], [ 113.11650085, -7.90495014 ], [ 113.11666107, -7.90482998 ], [ 113.11694336, -7.90438986 ], [ 113.11721039, -7.90390015 ], [ 113.11723328, -7.90383005 ], [ 113.11737823, -7.90352011 ], [ 113.11760712, -7.90304995 ], [ 113.11781311, -7.90262985 ], [ 113.11805725, -7.90209007 ], [ 113.11820221, -7.90179014 ], [ 113.11846924, -7.90121984 ], [ 113.11849976, -7.90115023 ], [ 113.11894989, -7.90065002 ], [ 113.11907196, -7.90057993 ], [ 113.11974335, -7.90022993 ], [ 113.12019348, -7.90006018 ], [ 113.12090302, -7.89997005 ], [ 113.12098694, -7.89996004 ], [ 113.1220932, -7.89996004 ], [ 113.12275696, -7.89995003 ], [ 113.1232605, -7.89995003 ], [ 113.12433624, -7.90003014 ], [ 113.12454987, -7.90006018 ], [ 113.125, -7.90021992 ], [ 113.12567139, -7.90032005 ], [ 113.12584686, -7.90035009 ], [ 113.1263504, -7.90035009 ], [ 113.12711334, -7.90032005 ], [ 113.12770081, -7.90023994 ], [ 113.12789917, -7.90021992 ], [ 113.12824249, -7.90013981 ], [ 113.12892914, -7.90009022 ], [ 113.12944794, -7.90013981 ], [ 113.12976074, -7.90028954 ], [ 113.12973022, -7.9005599 ], [ 113.12963104, -7.90077019 ], [ 113.12953186, -7.9009099 ], [ 113.12947083, -7.90103006 ], [ 113.12953949, -7.90112019 ], [ 113.12967682, -7.90129995 ], [ 113.12966919, -7.90142012 ], [ 113.1295929, -7.90154982 ], [ 113.12924194, -7.90198994 ], [ 113.1292572, -7.90222979 ], [ 113.12931061, -7.90249014 ], [ 113.12927246, -7.90274 ], [ 113.12908173, -7.90285015 ], [ 113.12888336, -7.90300989 ], [ 113.12886047, -7.90312004 ], [ 113.12892914, -7.90323019 ], [ 113.12908173, -7.90350008 ], [ 113.12902069, -7.90372992 ], [ 113.13254547, -7.90545797 ], [ 113.13250732, -7.90601015 ], [ 113.13237, -7.90655994 ], [ 113.13211823, -7.9073801 ], [ 113.13191986, -7.90812016 ], [ 113.13188171, -7.90827465 ], [ 113.13179779, -7.90860987 ], [ 113.13173676, -7.90894985 ], [ 113.13175201, -7.90927982 ], [ 113.13179779, -7.90970993 ], [ 113.13188171, -7.91008997 ], [ 113.13195801, -7.91031981 ], [ 113.13201904, -7.91049004 ], [ 113.13217926, -7.91087008 ], [ 113.13221741, -7.91097546 ], [ 113.13234711, -7.91139984 ], [ 113.13262939, -7.91160011 ], [ 113.13249969, -7.91181993 ], [ 113.13247681, -7.91199017 ], [ 113.13256836, -7.91234016 ], [ 113.13271332, -7.91281986 ], [ 113.13282013, -7.91324997 ], [ 113.13278961, -7.91368008 ], [ 113.13269043, -7.91409016 ], [ 113.13260651, -7.91439009 ], [ 113.13252258, -7.91469002 ], [ 113.13243103, -7.91477013 ], [ 113.13226318, -7.91479015 ], [ 113.13204193, -7.91485023 ], [ 113.13185883, -7.91499996 ], [ 113.13173676, -7.91519022 ], [ 113.13168335, -7.91544008 ], [ 113.13165283, -7.91573 ], [ 113.1314621, -7.91631985 ], [ 113.13128662, -7.91660023 ], [ 113.13108826, -7.91694021 ], [ 113.13111115, -7.91712999 ], [ 113.13124084, -7.91745996 ], [ 113.13137054, -7.91762018 ], [ 113.13155365, -7.91785002 ], [ 113.1315918, -7.91802979 ], [ 113.13162231, -7.91839981 ], [ 113.13166809, -7.91871977 ], [ 113.13169861, -7.91899014 ], [ 113.13169098, -7.91928005 ], [ 113.13160706, -7.91949987 ], [ 113.13143921, -7.91985989 ], [ 113.13130188, -7.92027998 ], [ 113.13128662, -7.92040014 ], [ 113.1313324, -7.92070007 ], [ 113.13143921, -7.92121983 ], [ 113.13157654, -7.92156982 ], [ 113.13182068, -7.92183018 ], [ 113.13210297, -7.92202997 ], [ 113.13266754, -7.92227983 ], [ 113.13314819, -7.92248011 ], [ 113.13327789, -7.92251015 ], [ 113.13366699, -7.92260981 ], [ 113.13395691, -7.92263174 ], [ 113.13439941, -7.9226656 ], [ 113.13459015, -7.9226799 ], [ 113.1354599, -7.92272997 ], [ 113.13574982, -7.92277002 ], [ 113.1361084, -7.92281485 ], [ 113.13623047, -7.9228301 ], [ 113.13696289, -7.92292023 ], [ 113.13791656, -7.9231801 ], [ 113.1384964, -7.92332983 ], [ 113.13907623, -7.92356014 ], [ 113.13925934, -7.92364979 ], [ 113.139328, -7.92367983 ], [ 113.13913727, -7.92423582 ], [ 113.13903809, -7.92439604 ], [ 113.13893127, -7.92468929 ], [ 113.13883972, -7.92491198 ], [ 113.13852692, -7.92525101 ], [ 113.13835907, -7.92542934 ], [ 113.138237, -7.92558956 ], [ 113.13799286, -7.92575073 ], [ 113.1378479, -7.92590237 ], [ 113.13766479, -7.92603636 ], [ 113.13758087, -7.92610788 ], [ 113.13702393, -7.92602205 ], [ 113.13708496, -7.92650986 ], [ 113.13733673, -7.92680168 ], [ 113.13760376, -7.92703104 ], [ 113.13786316, -7.9273138 ], [ 113.13835907, -7.92768383 ], [ 113.13855743, -7.92795849 ], [ 113.13873291, -7.92804623 ], [ 113.13899231, -7.92817163 ], [ 113.13954926, -7.92799473 ], [ 113.14221191, -7.92999029 ], [ 113.14352417, -7.93035793 ], [ 113.14353943, -7.93049049 ], [ 113.14356995, -7.93073988 ], [ 113.14364624, -7.93148994 ], [ 113.14366913, -7.93157005 ], [ 113.14369965, -7.93173599 ], [ 113.14376831, -7.93212986 ], [ 113.14382935, -7.93230009 ], [ 113.14398193, -7.93276978 ], [ 113.14404297, -7.93295383 ], [ 113.14415741, -7.93329 ], [ 113.1442337, -7.93349981 ], [ 113.14453888, -7.93413019 ], [ 113.1448288, -7.93470001 ], [ 113.14491272, -7.93486023 ], [ 113.14533234, -7.9354701 ], [ 113.14585876, -7.93600988 ], [ 113.14655304, -7.93649006 ], [ 113.14743805, -7.93697023 ], [ 113.14826202, -7.9373498 ], [ 113.1488266, -7.93759012 ], [ 113.14903259, -7.93767977 ], [ 113.14938354, -7.9377799 ], [ 113.14971924, -7.93788004 ], [ 113.15042877, -7.93809986 ], [ 113.15126801, -7.93837023 ], [ 113.15177155, -7.93846989 ], [ 113.15247345, -7.93852997 ], [ 113.15274811, -7.93853521 ], [ 113.15302277, -7.93824005 ] ] ] ] } },
{ "type": "Feature", "properties": { "GID_0": "IDN", "NAME_0": "Indonesia", "GID_1": "IDN.11_1", "NAME_1": "Jawa Timur", "NL_NAME_1": null, "GID_2": "IDN.11.30_1", "NAME_2": "Probolinggo", "NL_NAME_2": null, "GID_3": "IDN.11.30.19_1", "NAME_3": "Sumberasih", "VARNAME_3": null, "NL_NAME_3": null, "TYPE_3": "Kecamatan", "ENGTYPE_3": "Sub-district", "CC_3": "3513240", "HASC_3": null }, "geometry": { "type": "MultiPolygon", "coordinates": [ [ [ [ 113.26157379, -7.6763072 ], [ 113.2616806, -7.67644739 ], [ 113.26173401, -7.67664576 ], [ 113.26174164, -7.67674065 ], [ 113.26177979, -7.67722368 ], [ 113.26174164, -7.67742777 ], [ 113.26159668, -7.67791033 ], [ 113.26105499, -7.67888355 ], [ 113.26072693, -7.67929602 ], [ 113.26053619, -7.67952347 ], [ 113.26029968, -7.67970228 ], [ 113.25911713, -7.68040514 ], [ 113.25780487, -7.68085861 ], [ 113.25661469, -7.68110037 ], [ 113.25604248, -7.68108559 ], [ 113.25577545, -7.68108225 ], [ 113.25508118, -7.68107271 ], [ 113.2544632, -7.68113041 ], [ 113.25390625, -7.68118143 ], [ 113.25331116, -7.68120718 ], [ 113.25291443, -7.68122387 ], [ 113.25226593, -7.68127108 ], [ 113.25202942, -7.68128777 ], [ 113.25143433, -7.68135691 ], [ 113.25078583, -7.68143225 ], [ 113.25038147, -7.68143606 ], [ 113.25, -7.68139315 ], [ 113.24979401, -7.68135881 ], [ 113.24945068, -7.68125725 ], [ 113.24906158, -7.68117714 ], [ 113.24838257, -7.68110847 ], [ 113.24641418, -7.68096018 ], [ 113.24630737, -7.68094969 ], [ 113.24552917, -7.68087912 ], [ 113.24488831, -7.68081903 ], [ 113.24421692, -7.68075323 ], [ 113.24356079, -7.68068123 ], [ 113.24292755, -7.68055868 ], [ 113.24281311, -7.68046951 ], [ 113.24277496, -7.68036604 ], [ 113.24280548, -7.68028069 ], [ 113.24292755, -7.68019056 ], [ 113.24329376, -7.68003368 ], [ 113.24427032, -7.6795969 ], [ 113.24508667, -7.67921829 ], [ 113.2453537, -7.67909479 ], [ 113.24590302, -7.67886591 ], [ 113.24723053, -7.67829084 ], [ 113.24738312, -7.67822552 ], [ 113.24759674, -7.67815876 ], [ 113.24859619, -7.67784214 ], [ 113.24951935, -7.67754841 ], [ 113.25006104, -7.67740345 ], [ 113.25027466, -7.67736244 ], [ 113.25112152, -7.67719793 ], [ 113.25127411, -7.67717695 ], [ 113.25201416, -7.67707253 ], [ 113.25304413, -7.67692804 ], [ 113.2533493, -7.67688513 ], [ 113.25469971, -7.67680025 ], [ 113.25510406, -7.67675924 ], [ 113.25605011, -7.6765337 ], [ 113.25659943, -7.67637825 ], [ 113.25717163, -7.6762166 ], [ 113.25739288, -7.67621517 ], [ 113.25765228, -7.67621326 ], [ 113.25827026, -7.67625046 ], [ 113.25917053, -7.67630434 ], [ 113.25972748, -7.67631578 ], [ 113.26021576, -7.67632532 ], [ 113.26041412, -7.67628574 ], [ 113.26059723, -7.67624855 ], [ 113.26100159, -7.67617512 ], [ 113.26138306, -7.67619896 ], [ 113.26157379, -7.6763072 ] ] ], [ [ [ 113.15852356, -7.80647707 ], [ 113.15851593, -7.80609703 ], [ 113.1581955, -7.80595255 ], [ 113.1582489, -7.80583096 ], [ 113.15847015, -7.80523014 ], [ 113.15925598, -7.80309629 ], [ 113.1592865, -7.80298805 ], [ 113.15818024, -7.80262613 ], [ 113.15711975, -7.80244446 ], [ 113.15628815, -7.80236006 ], [ 113.15563202, -7.80228996 ], [ 113.15460968, -7.80214596 ], [ 113.15419769, -7.80199718 ], [ 113.15370178, -7.80189276 ], [ 113.15330505, -7.80180788 ], [ 113.15328979, -7.80162334 ], [ 113.15323639, -7.80142736 ], [ 113.15304565, -7.80120039 ], [ 113.15296173, -7.80095768 ], [ 113.15271759, -7.80003023 ], [ 113.15274048, -7.79980993 ], [ 113.15277863, -7.79972982 ], [ 113.15287018, -7.79974985 ], [ 113.1530838, -7.80008984 ], [ 113.1532135, -7.80026007 ], [ 113.15332794, -7.80035019 ], [ 113.1534729, -7.80038023 ], [ 113.15355682, -7.80034018 ], [ 113.15363312, -7.80024004 ], [ 113.15373993, -7.79978371 ], [ 113.15361786, -7.79950333 ], [ 113.15357208, -7.79940414 ], [ 113.15346527, -7.79914856 ], [ 113.15346527, -7.79882669 ], [ 113.15357208, -7.79853582 ], [ 113.1537323, -7.79833841 ], [ 113.15395355, -7.79798412 ], [ 113.15394592, -7.79781103 ], [ 113.15380096, -7.79765511 ], [ 113.15362549, -7.79753017 ], [ 113.15346527, -7.79753113 ], [ 113.15306091, -7.79753304 ], [ 113.15263367, -7.79758215 ], [ 113.1523819, -7.7976799 ], [ 113.15223694, -7.79763985 ], [ 113.15209961, -7.79749012 ], [ 113.15203857, -7.79736996 ], [ 113.15200806, -7.79715347 ], [ 113.15222931, -7.79698753 ], [ 113.15247345, -7.79662514 ], [ 113.1523056, -7.79647684 ], [ 113.15222931, -7.79619455 ], [ 113.15248871, -7.79605961 ], [ 113.15254974, -7.795753 ], [ 113.15232086, -7.79543972 ], [ 113.15216064, -7.79522514 ], [ 113.15193939, -7.79448986 ], [ 113.15200806, -7.79327011 ], [ 113.15202332, -7.79288006 ], [ 113.15194702, -7.79265022 ], [ 113.1519928, -7.79245996 ], [ 113.15200043, -7.79231977 ], [ 113.15203094, -7.79206991 ], [ 113.1521225, -7.79187012 ], [ 113.15235901, -7.79160023 ], [ 113.15263367, -7.79140997 ], [ 113.15253448, -7.79130793 ], [ 113.1523819, -7.79118824 ], [ 113.15226746, -7.79104567 ], [ 113.15219116, -7.79083967 ], [ 113.1521225, -7.79074574 ], [ 113.1520462, -7.7906456 ], [ 113.15161896, -7.79043579 ], [ 113.15142059, -7.79040241 ], [ 113.15126038, -7.79028845 ], [ 113.1509552, -7.79018116 ], [ 113.15059662, -7.7901144 ], [ 113.15052795, -7.79007435 ], [ 113.15045929, -7.78997755 ], [ 113.15029907, -7.78985786 ], [ 113.15007782, -7.78977871 ], [ 113.14987946, -7.7897644 ], [ 113.14980316, -7.78980017 ], [ 113.14955139, -7.79000998 ], [ 113.14916992, -7.79029989 ], [ 113.14872742, -7.79056978 ], [ 113.14820862, -7.79085016 ], [ 113.14772034, -7.79118013 ], [ 113.14711761, -7.79157019 ], [ 113.14663696, -7.79190016 ], [ 113.14588928, -7.79195976 ], [ 113.14550018, -7.79202986 ], [ 113.14499664, -7.79203987 ], [ 113.14453125, -7.79212999 ], [ 113.14404297, -7.79218006 ], [ 113.14353943, -7.79219007 ], [ 113.14306641, -7.79231977 ], [ 113.14243317, -7.7923398 ], [ 113.14177704, -7.79224014 ], [ 113.14115906, -7.7923398 ], [ 113.14083099, -7.79237986 ], [ 113.14042664, -7.79242992 ], [ 113.1401825, -7.79246998 ], [ 113.13983154, -7.79252005 ], [ 113.13928986, -7.79271984 ], [ 113.13897705, -7.79290009 ], [ 113.13874817, -7.79302979 ], [ 113.13844299, -7.79332018 ], [ 113.13809204, -7.7936101 ], [ 113.13793945, -7.79377985 ], [ 113.13761902, -7.79401016 ], [ 113.13719177, -7.79429007 ], [ 113.13667297, -7.79461145 ], [ 113.13626862, -7.79485989 ], [ 113.13598633, -7.79498005 ], [ 113.13557434, -7.7950983 ], [ 113.13549805, -7.79511976 ], [ 113.13491058, -7.79527998 ], [ 113.13427734, -7.7954402 ], [ 113.13365936, -7.79562998 ], [ 113.13304138, -7.79582977 ], [ 113.13237, -7.79588985 ], [ 113.13162231, -7.79603004 ], [ 113.13105011, -7.79624987 ], [ 113.13046265, -7.79643011 ], [ 113.12994385, -7.7965498 ], [ 113.12976837, -7.79658985 ], [ 113.12877655, -7.79639912 ], [ 113.12843323, -7.79633999 ], [ 113.12814331, -7.79629993 ], [ 113.12756348, -7.79629993 ], [ 113.12718964, -7.79615021 ], [ 113.12689209, -7.79610014 ], [ 113.12657928, -7.79628992 ], [ 113.12666321, -7.79608011 ], [ 113.1268692, -7.7953701 ], [ 113.12696838, -7.79507017 ], [ 113.12705994, -7.7947731 ], [ 113.1271286, -7.79454994 ], [ 113.12728119, -7.7943902 ], [ 113.12749481, -7.79425859 ], [ 113.12831879, -7.7940402 ], [ 113.12888336, -7.79409981 ], [ 113.1291275, -7.79401016 ], [ 113.1294632, -7.79383993 ], [ 113.12953949, -7.79380703 ], [ 113.12966919, -7.79374981 ], [ 113.12995148, -7.79364014 ], [ 113.13009644, -7.79345989 ], [ 113.13031769, -7.79316998 ], [ 113.13056183, -7.7929101 ], [ 113.13069153, -7.79264021 ], [ 113.13077545, -7.79247093 ], [ 113.13095856, -7.79208994 ], [ 113.13101196, -7.79199982 ], [ 113.13127899, -7.79166985 ], [ 113.13140869, -7.79157019 ], [ 113.1315918, -7.79141998 ], [ 113.13166809, -7.79121017 ], [ 113.1317215, -7.79108572 ], [ 113.13175964, -7.79099989 ], [ 113.13208008, -7.79056978 ], [ 113.13233185, -7.79048014 ], [ 113.13282776, -7.79025984 ], [ 113.13307953, -7.79011011 ], [ 113.13327789, -7.78989983 ], [ 113.13336182, -7.78969049 ], [ 113.13349915, -7.78933001 ], [ 113.13395691, -7.78867006 ], [ 113.13404846, -7.78849983 ], [ 113.13421631, -7.78668022 ], [ 113.13404083, -7.7855835 ], [ 113.13404083, -7.78550005 ], [ 113.13413239, -7.78532982 ], [ 113.13420105, -7.78528023 ], [ 113.13439178, -7.78515005 ], [ 113.13434601, -7.78507662 ], [ 113.1342926, -7.78498983 ], [ 113.13423157, -7.78483009 ], [ 113.1341095, -7.78458977 ], [ 113.1338501, -7.78416014 ], [ 113.1337738, -7.78399992 ], [ 113.13369751, -7.78385019 ], [ 113.13366699, -7.7837801 ], [ 113.13361359, -7.78366995 ], [ 113.13353729, -7.78347015 ], [ 113.13343048, -7.78313017 ], [ 113.13375092, -7.78286982 ], [ 113.13410187, -7.78259993 ], [ 113.13448334, -7.7823 ], [ 113.13456726, -7.78194523 ], [ 113.13481903, -7.78092003 ], [ 113.1346817, -7.7807498 ], [ 113.13430023, -7.78046989 ], [ 113.1340332, -7.78026009 ], [ 113.13375854, -7.78002024 ], [ 113.13343048, -7.77973986 ], [ 113.13300323, -7.77936459 ], [ 113.13279724, -7.77919769 ], [ 113.13233948, -7.77883005 ], [ 113.13147736, -7.77825022 ], [ 113.13121033, -7.77803993 ], [ 113.13066864, -7.77757978 ], [ 113.13043213, -7.77733994 ], [ 113.12999725, -7.77698994 ], [ 113.12954712, -7.77678013 ], [ 113.1291275, -7.77654982 ], [ 113.12902069, -7.77645016 ], [ 113.12872314, -7.7762599 ], [ 113.12837219, -7.77602005 ], [ 113.12828064, -7.77594995 ], [ 113.12766266, -7.77549982 ], [ 113.12716675, -7.77518988 ], [ 113.12680054, -7.77483988 ], [ 113.12667847, -7.77456999 ], [ 113.12654877, -7.77416992 ], [ 113.12651825, -7.77380991 ], [ 113.12657928, -7.77345943 ], [ 113.1271286, -7.77352715 ], [ 113.1276474, -7.77379227 ], [ 113.12817383, -7.77417755 ], [ 113.12837982, -7.77418995 ], [ 113.12852478, -7.77384138 ], [ 113.12869263, -7.77357292 ], [ 113.12897491, -7.77331734 ], [ 113.12911987, -7.77298212 ], [ 113.12924194, -7.7726202 ], [ 113.12926483, -7.77232599 ], [ 113.1294632, -7.77205753 ], [ 113.12962341, -7.77188492 ], [ 113.13009644, -7.77159405 ], [ 113.1306839, -7.77144718 ], [ 113.13161469, -7.77159977 ], [ 113.13233948, -7.77170086 ], [ 113.13262177, -7.77172565 ], [ 113.13298035, -7.7712388 ], [ 113.13314056, -7.77096272 ], [ 113.13346863, -7.77090836 ], [ 113.13367462, -7.77057934 ], [ 113.13383484, -7.77029037 ], [ 113.13412476, -7.7699213 ], [ 113.13440704, -7.76968384 ], [ 113.134552, -7.76960468 ], [ 113.13471222, -7.76926279 ], [ 113.13489532, -7.76907825 ], [ 113.13516998, -7.76864433 ], [ 113.13515472, -7.76835585 ], [ 113.13534546, -7.7680006 ], [ 113.13547516, -7.76768494 ], [ 113.13560486, -7.76735687 ], [ 113.13568878, -7.76710701 ], [ 113.13565826, -7.76698017 ], [ 113.13565826, -7.76686001 ], [ 113.13568878, -7.76676607 ], [ 113.13577271, -7.76648998 ], [ 113.13572693, -7.76621008 ], [ 113.13570404, -7.76603985 ], [ 113.13567352, -7.76586008 ], [ 113.13572693, -7.76577997 ], [ 113.13585663, -7.7657299 ], [ 113.13616943, -7.76562023 ], [ 113.13650513, -7.76542807 ], [ 113.13659668, -7.7652998 ], [ 113.13665009, -7.76512003 ], [ 113.13658905, -7.76504993 ], [ 113.13642883, -7.76487017 ], [ 113.13646698, -7.76480007 ], [ 113.13655853, -7.76478004 ], [ 113.13677216, -7.7647295 ], [ 113.13684845, -7.76470995 ], [ 113.13690186, -7.76460981 ], [ 113.13690186, -7.76445007 ], [ 113.13683319, -7.76433992 ], [ 113.13670349, -7.76426983 ], [ 113.13630676, -7.76408005 ], [ 113.13619995, -7.76391983 ], [ 113.13616943, -7.76374006 ], [ 113.1361084, -7.76348972 ], [ 113.1360321, -7.76339006 ], [ 113.13600159, -7.76316023 ], [ 113.13600159, -7.76272011 ], [ 113.13580322, -7.76232004 ], [ 113.13581085, -7.76204014 ], [ 113.13588715, -7.76187992 ], [ 113.13600922, -7.76155901 ], [ 113.1360321, -7.7613101 ], [ 113.1364212, -7.76122999 ], [ 113.13704681, -7.76110983 ], [ 113.1371994, -7.76106977 ], [ 113.13720703, -7.76086998 ], [ 113.13736725, -7.76032066 ], [ 113.13744354, -7.76015091 ], [ 113.13762665, -7.75995874 ], [ 113.13812256, -7.75986004 ], [ 113.13831329, -7.75978994 ], [ 113.13850403, -7.759552 ], [ 113.13856506, -7.75937891 ], [ 113.13861847, -7.75904131 ], [ 113.13861847, -7.75880861 ], [ 113.1385498, -7.7586112 ], [ 113.13844299, -7.75831461 ], [ 113.13835144, -7.75798941 ], [ 113.13825226, -7.75769901 ], [ 113.13819885, -7.75747204 ], [ 113.13812256, -7.757339 ], [ 113.13806915, -7.75723982 ], [ 113.13806915, -7.75710011 ], [ 113.13817596, -7.75671387 ], [ 113.13819885, -7.75663996 ], [ 113.138237, -7.75649929 ], [ 113.138237, -7.75632715 ], [ 113.13813019, -7.7561841 ], [ 113.13793945, -7.75592279 ], [ 113.13780975, -7.7557025 ], [ 113.13771057, -7.75554657 ], [ 113.13759613, -7.75530815 ], [ 113.13758087, -7.75515032 ], [ 113.13759613, -7.7549777 ], [ 113.13761139, -7.75485373 ], [ 113.13766479, -7.75458765 ], [ 113.13774872, -7.75422096 ], [ 113.13786316, -7.75399733 ], [ 113.13800049, -7.75362587 ], [ 113.13806152, -7.75348139 ], [ 113.13802338, -7.75332022 ], [ 113.13793945, -7.75326347 ], [ 113.13779449, -7.75320721 ], [ 113.13764954, -7.75320768 ], [ 113.13746643, -7.75320864 ], [ 113.13735199, -7.75346661 ], [ 113.13709259, -7.75369644 ], [ 113.13686371, -7.75371218 ], [ 113.1365509, -7.75355625 ], [ 113.13621521, -7.75322914 ], [ 113.13597107, -7.75294065 ], [ 113.1353302, -7.752882 ], [ 113.13366699, -7.75272703 ], [ 113.13352203, -7.75262451 ], [ 113.13328552, -7.75255251 ], [ 113.13314819, -7.75249529 ], [ 113.13303375, -7.75247669 ], [ 113.13291168, -7.75250006 ], [ 113.13265228, -7.75245905 ], [ 113.13230133, -7.75237989 ], [ 113.13205719, -7.75233889 ], [ 113.13195038, -7.75239992 ], [ 113.13202667, -7.75222015 ], [ 113.13201904, -7.75214005 ], [ 113.1317749, -7.75201321 ], [ 113.1317749, -7.75162315 ], [ 113.13183594, -7.75132751 ], [ 113.13179016, -7.75098753 ], [ 113.1318512, -7.75067329 ], [ 113.13173676, -7.75019026 ], [ 113.13183594, -7.74984932 ], [ 113.13191986, -7.74958038 ], [ 113.13182831, -7.7492671 ], [ 113.13181305, -7.7490344 ], [ 113.13192749, -7.74867439 ], [ 113.1319046, -7.74846077 ], [ 113.13196564, -7.74812889 ], [ 113.13193512, -7.74795008 ], [ 113.13201904, -7.74774075 ], [ 113.13197327, -7.7474947 ], [ 113.13208771, -7.74717045 ], [ 113.13198853, -7.74702883 ], [ 113.13205719, -7.74691868 ], [ 113.13217926, -7.7465601 ], [ 113.1321106, -7.74637032 ], [ 113.13212585, -7.74610186 ], [ 113.1322403, -7.74596405 ], [ 113.13209534, -7.74566889 ], [ 113.132164, -7.74550676 ], [ 113.13218689, -7.74542713 ], [ 113.13224792, -7.74525023 ], [ 113.13208771, -7.74514008 ], [ 113.13198853, -7.74509001 ], [ 113.13191223, -7.74495983 ], [ 113.13175201, -7.74482012 ], [ 113.13147736, -7.7445302 ], [ 113.13137054, -7.74435997 ], [ 113.13128662, -7.74419022 ], [ 113.13119507, -7.7440896 ], [ 113.1311264, -7.74400759 ], [ 113.1309967, -7.74392605 ], [ 113.13128662, -7.74292135 ], [ 113.13142395, -7.74235106 ], [ 113.13156128, -7.74190092 ], [ 113.13181305, -7.74105549 ], [ 113.13188934, -7.74072075 ], [ 113.13201904, -7.74019957 ], [ 113.13210297, -7.73989201 ], [ 113.13214874, -7.73976564 ], [ 113.13217926, -7.73963404 ], [ 113.13227081, -7.73953009 ], [ 113.13249207, -7.73889017 ], [ 113.13262177, -7.73865986 ], [ 113.13266754, -7.73827982 ], [ 113.13272095, -7.73792982 ], [ 113.13278198, -7.73759985 ], [ 113.13282776, -7.73719978 ], [ 113.13282013, -7.73691988 ], [ 113.13285065, -7.73664999 ], [ 113.13287354, -7.73635197 ], [ 113.13291931, -7.73605013 ], [ 113.13291931, -7.73579979 ], [ 113.13295746, -7.73555994 ], [ 113.13294983, -7.7351799 ], [ 113.13300323, -7.73496008 ], [ 113.13305664, -7.73472977 ], [ 113.13311005, -7.73441982 ], [ 113.13311005, -7.73408985 ], [ 113.13316345, -7.73375988 ], [ 113.1332016, -7.73335981 ], [ 113.1332016, -7.73269987 ], [ 113.13323975, -7.73225021 ], [ 113.13330078, -7.73199987 ], [ 113.13334656, -7.73167992 ], [ 113.13340759, -7.73148012 ], [ 113.13346863, -7.73125982 ], [ 113.13358307, -7.73098993 ], [ 113.13358307, -7.73077011 ], [ 113.13369751, -7.73042011 ], [ 113.13375092, -7.73012018 ], [ 113.13375092, -7.72981977 ], [ 113.13379669, -7.72965002 ], [ 113.13384247, -7.72945976 ], [ 113.13382721, -7.72923994 ], [ 113.13387299, -7.72905016 ], [ 113.13388062, -7.72862005 ], [ 113.13391876, -7.72843981 ], [ 113.13391876, -7.72820997 ], [ 113.13386536, -7.7280283 ], [ 113.13485718, -7.72785997 ], [ 113.13531494, -7.72769737 ], [ 113.13539886, -7.72764015 ], [ 113.13562012, -7.72758007 ], [ 113.13571167, -7.72753668 ], [ 113.13584137, -7.72749233 ], [ 113.13596344, -7.72745323 ], [ 113.13610077, -7.72741413 ], [ 113.13620758, -7.72736979 ], [ 113.13652039, -7.72725868 ], [ 113.13719177, -7.727036 ], [ 113.13756561, -7.72691917 ], [ 113.13793182, -7.72705984 ], [ 113.1384964, -7.72731972 ], [ 113.13912964, -7.72747993 ], [ 113.13928986, -7.72749996 ], [ 113.13941193, -7.72751808 ], [ 113.13946533, -7.72736454 ], [ 113.13987732, -7.72751045 ], [ 113.14020538, -7.72762394 ], [ 113.14039612, -7.72771072 ], [ 113.14055634, -7.72778654 ], [ 113.14037323, -7.72813988 ], [ 113.1402359, -7.72840166 ], [ 113.14035797, -7.72864008 ], [ 113.14041901, -7.72876978 ], [ 113.14054871, -7.7287302 ], [ 113.14074707, -7.72875023 ], [ 113.14090729, -7.72883987 ], [ 113.14110565, -7.72901678 ], [ 113.14131165, -7.72896004 ], [ 113.14144135, -7.72887993 ], [ 113.14154816, -7.7287302 ], [ 113.14157104, -7.72861004 ], [ 113.14150238, -7.72812986 ], [ 113.14143372, -7.72793007 ], [ 113.14151001, -7.72774982 ], [ 113.14163208, -7.7277298 ], [ 113.14173126, -7.72767019 ], [ 113.14169312, -7.72782993 ], [ 113.14232635, -7.72832012 ], [ 113.14269257, -7.72848988 ], [ 113.14282227, -7.72859001 ], [ 113.14293671, -7.72871017 ], [ 113.14311218, -7.72880983 ], [ 113.14315796, -7.7291398 ], [ 113.14318085, -7.72935009 ], [ 113.14383698, -7.73099995 ], [ 113.14404297, -7.73135996 ], [ 113.1442337, -7.73176003 ], [ 113.14441681, -7.73209715 ], [ 113.14531708, -7.7336998 ], [ 113.14559937, -7.7340498 ], [ 113.1463089, -7.73504019 ], [ 113.14653015, -7.73539019 ], [ 113.14675903, -7.73579979 ], [ 113.14689636, -7.73604012 ], [ 113.14707947, -7.73623991 ], [ 113.14737701, -7.73654985 ], [ 113.14743805, -7.73661995 ], [ 113.14779663, -7.73698997 ], [ 113.14788055, -7.73708773 ], [ 113.14792633, -7.73715019 ], [ 113.14832306, -7.73773003 ], [ 113.14885712, -7.73837996 ], [ 113.14907837, -7.73862982 ], [ 113.14929199, -7.73887014 ], [ 113.14959717, -7.73912001 ], [ 113.15013123, -7.73950005 ], [ 113.15028381, -7.73974991 ], [ 113.15046692, -7.73997021 ], [ 113.15084839, -7.74043989 ], [ 113.15086365, -7.74065018 ], [ 113.15071869, -7.74101019 ], [ 113.15084076, -7.74125004 ], [ 113.15094757, -7.74132013 ], [ 113.15106201, -7.74127007 ], [ 113.15117645, -7.74113989 ], [ 113.15135956, -7.74080992 ], [ 113.15162659, -7.74015999 ], [ 113.15170288, -7.74004984 ], [ 113.15181732, -7.73983002 ], [ 113.1519928, -7.73955011 ], [ 113.15215302, -7.73937988 ], [ 113.15223694, -7.73936987 ], [ 113.1525116, -7.73942995 ], [ 113.15267944, -7.73947001 ], [ 113.15267944, -7.73956013 ], [ 113.15260315, -7.73972988 ], [ 113.15245056, -7.73998022 ], [ 113.1522522, -7.74032021 ], [ 113.15216827, -7.74064016 ], [ 113.15222931, -7.74084997 ], [ 113.15235901, -7.74096012 ], [ 113.15287781, -7.74134016 ], [ 113.1530304, -7.74144983 ], [ 113.15338898, -7.74168015 ], [ 113.15373993, -7.74183989 ], [ 113.15411377, -7.74196005 ], [ 113.15525818, -7.74223995 ], [ 113.15538025, -7.74211979 ], [ 113.15550995, -7.74198008 ], [ 113.15563202, -7.7420001 ], [ 113.15603638, -7.7420702 ], [ 113.1570816, -7.74222994 ], [ 113.15714264, -7.74214983 ], [ 113.15808105, -7.74009991 ], [ 113.15844727, -7.74030018 ], [ 113.15881348, -7.74044991 ], [ 113.15957642, -7.74073982 ], [ 113.16010284, -7.74098015 ], [ 113.16039276, -7.74106979 ], [ 113.16047668, -7.74106979 ], [ 113.1605835, -7.74108744 ], [ 113.16148376, -7.74124002 ], [ 113.16187286, -7.7413702 ], [ 113.16223145, -7.74162006 ], [ 113.16297913, -7.74211979 ], [ 113.16311646, -7.74210978 ], [ 113.16326904, -7.74202013 ], [ 113.16352844, -7.74174976 ], [ 113.16384125, -7.74130011 ], [ 113.16398621, -7.74115992 ], [ 113.16414642, -7.74109983 ], [ 113.16433716, -7.74108982 ], [ 113.16459656, -7.74115992 ], [ 113.16470337, -7.74119997 ], [ 113.16481018, -7.74117994 ], [ 113.16526794, -7.7410202 ], [ 113.16564941, -7.74081993 ], [ 113.16616058, -7.74043989 ], [ 113.16645813, -7.74022007 ], [ 113.1668396, -7.73997021 ], [ 113.16744995, -7.73948002 ], [ 113.16773224, -7.73927021 ], [ 113.16803741, -7.73913002 ], [ 113.1682663, -7.73901987 ], [ 113.16906738, -7.73858976 ], [ 113.16959381, -7.73828983 ], [ 113.17001343, -7.73796988 ], [ 113.17043304, -7.73753977 ], [ 113.170578, -7.73721981 ], [ 113.17070007, -7.73681021 ], [ 113.17075348, -7.73643017 ], [ 113.17075348, -7.73572016 ], [ 113.17064667, -7.73561001 ], [ 113.17051697, -7.73549986 ], [ 113.1697464, -7.73554993 ], [ 113.16954041, -7.73377991 ], [ 113.16951752, -7.73345995 ], [ 113.16842651, -7.7334199 ], [ 113.1676712, -7.7334199 ], [ 113.16763306, -7.73333979 ], [ 113.16763306, -7.7328701 ], [ 113.16758728, -7.73158979 ], [ 113.16755676, -7.72958994 ], [ 113.16757202, -7.72929001 ], [ 113.16763306, -7.72891998 ], [ 113.16758728, -7.72846985 ], [ 113.16752625, -7.72796011 ], [ 113.16773224, -7.72793007 ], [ 113.16985321, -7.72792006 ], [ 113.1710434, -7.72790003 ], [ 113.17146301, -7.72789001 ], [ 113.17154694, -7.72785997 ], [ 113.17162323, -7.72767019 ], [ 113.17165375, -7.72739983 ], [ 113.17170715, -7.72730017 ], [ 113.17196655, -7.7272501 ], [ 113.17211151, -7.7272501 ], [ 113.17224884, -7.72728014 ], [ 113.17237091, -7.72721004 ], [ 113.17247009, -7.72705984 ], [ 113.17250061, -7.72698021 ], [ 113.1725235, -7.7269001 ], [ 113.17253113, -7.72675991 ], [ 113.17259216, -7.7266798 ], [ 113.17268372, -7.72666979 ], [ 113.1727829, -7.7267499 ], [ 113.17281342, -7.72687006 ], [ 113.17275238, -7.72740984 ], [ 113.17276001, -7.72758007 ], [ 113.1728363, -7.72789001 ], [ 113.1729126, -7.72809982 ], [ 113.17301178, -7.72852993 ], [ 113.17324066, -7.72914982 ], [ 113.17333221, -7.72945976 ], [ 113.17334747, -7.72962999 ], [ 113.17324829, -7.72985983 ], [ 113.17310333, -7.73014021 ], [ 113.17304993, -7.73050022 ], [ 113.17308807, -7.73079014 ], [ 113.17320251, -7.73117113 ], [ 113.17327118, -7.73140001 ], [ 113.17366791, -7.73267984 ], [ 113.1736908, -7.73297024 ], [ 113.17369843, -7.73304987 ], [ 113.17391205, -7.73449993 ], [ 113.1739502, -7.73495007 ], [ 113.17410278, -7.73577976 ], [ 113.17414856, -7.73598003 ], [ 113.17437744, -7.73627996 ], [ 113.17443848, -7.73639011 ], [ 113.17510986, -7.73795986 ], [ 113.17521667, -7.73817015 ], [ 113.17552948, -7.73858023 ], [ 113.1756897, -7.7386899 ], [ 113.17584229, -7.73870993 ], [ 113.17614746, -7.73878002 ], [ 113.17643738, -7.7389102 ], [ 113.1767807, -7.73910999 ], [ 113.17709351, -7.73917007 ], [ 113.17785645, -7.73933983 ], [ 113.17814636, -7.73955011 ], [ 113.17826843, -7.73973989 ], [ 113.17854309, -7.74028015 ], [ 113.17862701, -7.74057007 ], [ 113.17883301, -7.74117994 ], [ 113.17916107, -7.74202013 ], [ 113.17920685, -7.74233007 ], [ 113.17933655, -7.74295998 ], [ 113.17976379, -7.74439001 ], [ 113.17951965, -7.74570322 ], [ 113.17891693, -7.74688292 ], [ 113.17870331, -7.74755907 ], [ 113.17858887, -7.74792433 ], [ 113.17760468, -7.7493062 ], [ 113.17733002, -7.74971581 ], [ 113.17709351, -7.74988174 ], [ 113.17694092, -7.7499876 ], [ 113.17662048, -7.75085545 ], [ 113.17658234, -7.7509551 ], [ 113.17627716, -7.75178766 ], [ 113.17588806, -7.75170135 ], [ 113.17527771, -7.75158644 ], [ 113.17502594, -7.7515316 ], [ 113.17462158, -7.75296497 ], [ 113.17449951, -7.75360012 ], [ 113.17434692, -7.75411844 ], [ 113.17433929, -7.75451326 ], [ 113.17368317, -7.75436449 ], [ 113.17381287, -7.75370836 ], [ 113.17393494, -7.75311422 ], [ 113.1740036, -7.75280285 ], [ 113.17237091, -7.75245619 ], [ 113.17147064, -7.75475597 ], [ 113.1710968, -7.75466871 ], [ 113.1704483, -7.75455952 ], [ 113.17002869, -7.75453854 ], [ 113.16986084, -7.75451422 ], [ 113.16966248, -7.75448608 ], [ 113.16902924, -7.75438309 ], [ 113.16820526, -7.75425959 ], [ 113.16722107, -7.75408649 ], [ 113.16687012, -7.75402498 ], [ 113.16611481, -7.7539053 ], [ 113.16561127, -7.75622749 ], [ 113.16537476, -7.75700188 ], [ 113.16531372, -7.75728607 ], [ 113.16481781, -7.75716925 ], [ 113.164711, -7.75759172 ], [ 113.16455841, -7.75823498 ], [ 113.16440582, -7.75887775 ], [ 113.16432953, -7.75919533 ], [ 113.16500854, -7.75933743 ], [ 113.16593933, -7.75953054 ], [ 113.16795349, -7.76141882 ], [ 113.16746521, -7.76329708 ], [ 113.16743469, -7.76341009 ], [ 113.16667938, -7.76592731 ], [ 113.16664886, -7.7660346 ], [ 113.16676331, -7.7661643 ], [ 113.16679382, -7.76633883 ], [ 113.16661835, -7.76711559 ], [ 113.1665802, -7.76729107 ], [ 113.16657257, -7.76740503 ], [ 113.16660309, -7.76749039 ], [ 113.16667175, -7.76763964 ], [ 113.16674042, -7.76778269 ], [ 113.16636658, -7.76852942 ], [ 113.16599274, -7.76926422 ], [ 113.16520691, -7.7708559 ], [ 113.16479492, -7.77077341 ], [ 113.16396332, -7.77053547 ], [ 113.16378784, -7.7704854 ], [ 113.16371918, -7.77045012 ], [ 113.16336823, -7.77034569 ], [ 113.16307831, -7.77089024 ], [ 113.16292572, -7.77151251 ], [ 113.16446686, -7.7718401 ], [ 113.16410065, -7.7732954 ], [ 113.16426086, -7.77335548 ], [ 113.16452789, -7.77345514 ], [ 113.16464996, -7.77356625 ], [ 113.16473389, -7.77362967 ], [ 113.1648407, -7.77372742 ], [ 113.16543579, -7.77393198 ], [ 113.1654129, -7.77401876 ], [ 113.16499329, -7.77545834 ], [ 113.16471863, -7.77641582 ], [ 113.16448975, -7.77721357 ], [ 113.16439056, -7.7775383 ], [ 113.16430664, -7.77786636 ], [ 113.16409302, -7.7785778 ], [ 113.1640625, -7.77870131 ], [ 113.16394043, -7.77913809 ], [ 113.16391754, -7.77922964 ], [ 113.16407776, -7.77927446 ], [ 113.16423035, -7.77931499 ], [ 113.16505432, -7.77955818 ], [ 113.16544342, -7.77965546 ], [ 113.16680908, -7.78000116 ], [ 113.16712952, -7.78008747 ], [ 113.1680603, -7.78033876 ], [ 113.16849518, -7.78045797 ], [ 113.16876221, -7.78053713 ], [ 113.16931152, -7.78070498 ], [ 113.16980743, -7.78085613 ], [ 113.17021942, -7.78095531 ], [ 113.17063141, -7.7810626 ], [ 113.1709671, -7.78113604 ], [ 113.17108917, -7.7811718 ], [ 113.17277527, -7.78167582 ], [ 113.17318726, -7.78179884 ], [ 113.17326355, -7.7818203 ], [ 113.17357635, -7.78190947 ], [ 113.17399597, -7.7820282 ], [ 113.17433167, -7.7821207 ], [ 113.1747818, -7.78225565 ], [ 113.17514801, -7.78234148 ], [ 113.17557526, -7.78244305 ], [ 113.17608643, -7.78257275 ], [ 113.17656708, -7.78271294 ], [ 113.17697144, -7.78283262 ], [ 113.17776489, -7.78305054 ], [ 113.17835999, -7.78321314 ], [ 113.17853546, -7.78325653 ], [ 113.17893982, -7.78337193 ], [ 113.17777252, -7.78645754 ], [ 113.17768097, -7.7866931 ], [ 113.17760468, -7.78688622 ], [ 113.17703247, -7.78841114 ], [ 113.17700195, -7.78848267 ], [ 113.17718506, -7.78850555 ], [ 113.17733765, -7.78859329 ], [ 113.17756653, -7.78883696 ], [ 113.17800903, -7.78911018 ], [ 113.17829132, -7.78924751 ], [ 113.17851257, -7.78935385 ], [ 113.17906189, -7.78948069 ], [ 113.18030548, -7.78991461 ], [ 113.18096924, -7.79014397 ], [ 113.18115997, -7.78943205 ], [ 113.18173218, -7.789536 ], [ 113.18217468, -7.78961706 ], [ 113.18202972, -7.7903657 ], [ 113.18250275, -7.79046392 ], [ 113.18235016, -7.79097986 ], [ 113.18225861, -7.79125261 ], [ 113.18238068, -7.79128456 ], [ 113.18275452, -7.79137421 ], [ 113.18270874, -7.79166603 ], [ 113.18235779, -7.79255676 ], [ 113.18221283, -7.79312563 ], [ 113.18208313, -7.79365635 ], [ 113.18186188, -7.79460955 ], [ 113.18121338, -7.79726696 ], [ 113.18113708, -7.79754925 ], [ 113.18091583, -7.79838657 ], [ 113.1806488, -7.79938602 ], [ 113.18042755, -7.80016756 ], [ 113.18034363, -7.8012743 ], [ 113.18032837, -7.80178642 ], [ 113.18029022, -7.80315304 ], [ 113.17999268, -7.80413103 ], [ 113.17967224, -7.80503416 ], [ 113.17944336, -7.80543232 ], [ 113.17915344, -7.80594683 ], [ 113.17896271, -7.80630684 ], [ 113.17881775, -7.80653286 ], [ 113.17868042, -7.80675936 ], [ 113.17848969, -7.80724859 ], [ 113.17842102, -7.80744505 ], [ 113.17826843, -7.80744171 ], [ 113.17818451, -7.80768824 ], [ 113.17806244, -7.80808115 ], [ 113.17802429, -7.80819893 ], [ 113.17803955, -7.80851126 ], [ 113.177948, -7.80895424 ], [ 113.17797852, -7.80908346 ], [ 113.17832947, -7.80913162 ], [ 113.17827606, -7.80970383 ], [ 113.17829132, -7.80998373 ], [ 113.17900085, -7.81007099 ], [ 113.17977142, -7.81017113 ], [ 113.18167877, -7.81038427 ], [ 113.18151855, -7.81123161 ], [ 113.18247986, -7.81132936 ], [ 113.18247223, -7.81149101 ], [ 113.18241882, -7.81158924 ], [ 113.18226624, -7.81162024 ], [ 113.18221283, -7.81170702 ], [ 113.18218994, -7.81228447 ], [ 113.18215942, -7.81236362 ], [ 113.18188477, -7.81235409 ], [ 113.18151855, -7.81232548 ], [ 113.18112183, -7.81225967 ], [ 113.18095398, -7.81215286 ], [ 113.17957306, -7.81196642 ], [ 113.17949677, -7.81191778 ], [ 113.17917633, -7.81189585 ], [ 113.17893982, -7.8118453 ], [ 113.17862701, -7.81181765 ], [ 113.17854309, -7.81178951 ], [ 113.17838287, -7.81178284 ], [ 113.17808533, -7.81173563 ], [ 113.17800903, -7.81223249 ], [ 113.17790985, -7.81233215 ], [ 113.17655945, -7.81216669 ], [ 113.17644501, -7.81214142 ], [ 113.17555237, -7.81201458 ], [ 113.17484283, -7.81197786 ], [ 113.17444611, -7.81191874 ], [ 113.17401886, -7.81183004 ], [ 113.17352295, -7.81176186 ], [ 113.17324066, -7.81183386 ], [ 113.17284393, -7.81192732 ], [ 113.17276001, -7.81191444 ], [ 113.17247009, -7.81186819 ], [ 113.17208862, -7.81188059 ], [ 113.17167664, -7.81191301 ], [ 113.17118835, -7.81194401 ], [ 113.17076874, -7.81195831 ], [ 113.17037201, -7.81182861 ], [ 113.16976166, -7.81170988 ], [ 113.16916656, -7.81151342 ], [ 113.1692276, -7.81129694 ], [ 113.16933441, -7.81098652 ], [ 113.16938782, -7.81072092 ], [ 113.16954803, -7.81001186 ], [ 113.16955566, -7.8099041 ], [ 113.16958618, -7.80983305 ], [ 113.16936493, -7.80978489 ], [ 113.16924286, -7.80973577 ], [ 113.16873169, -7.80962467 ], [ 113.16820526, -7.80947828 ], [ 113.16772461, -7.80936718 ], [ 113.16744232, -7.80931187 ], [ 113.16692352, -7.80920839 ], [ 113.16674042, -7.80916739 ], [ 113.1665802, -7.8091321 ], [ 113.16612244, -7.80904913 ], [ 113.16571808, -7.8089447 ], [ 113.16548157, -7.80885363 ], [ 113.16490173, -7.80864859 ], [ 113.16468811, -7.80857372 ], [ 113.16403198, -7.80835009 ], [ 113.16333008, -7.80814791 ], [ 113.16267395, -7.80792427 ], [ 113.16213226, -7.80771399 ], [ 113.16145325, -7.80748987 ], [ 113.16088867, -7.80729151 ], [ 113.15996552, -7.80700159 ], [ 113.15975189, -7.80692625 ], [ 113.15852356, -7.80647707 ] ] ] ] } },
{ "type": "Feature", "properties": { "GID_0": "IDN", "NAME_0": "Indonesia", "GID_1": "IDN.11_1", "NAME_1": "Jawa Timur", "NL_NAME_1": null, "GID_2": "IDN.11.30_1", "NAME_2": "Probolinggo", "NL_NAME_2": null, "GID_3": "IDN.11.30.21_1", "NAME_3": "Tegalsiwalan", "VARNAME_3": null, "NL_NAME_3": null, "TYPE_3": "Kecamatan", "ENGTYPE_3": "Sub-district", "CC_3": "3513060", "HASC_3": null }, "geometry": { "type": "MultiPolygon", "coordinates": [ [ [ [ 113.27120209, -7.92133665 ], [ 113.27111053, -7.92118454 ], [ 113.27082825, -7.92070866 ], [ 113.27073669, -7.92042828 ], [ 113.27064514, -7.9202528 ], [ 113.27059174, -7.92014456 ], [ 113.27049255, -7.92007446 ], [ 113.27022552, -7.91998243 ], [ 113.27014923, -7.91993952 ], [ 113.26972198, -7.91970444 ], [ 113.26955414, -7.91961241 ], [ 113.26946259, -7.91951704 ], [ 113.26928711, -7.91935825 ], [ 113.26920319, -7.91928625 ], [ 113.26876831, -7.91881275 ], [ 113.2687149, -7.91875839 ], [ 113.26833344, -7.91818953 ], [ 113.26810455, -7.91780043 ], [ 113.26805115, -7.9175539 ], [ 113.26805115, -7.9172616 ], [ 113.26808929, -7.91685486 ], [ 113.26808929, -7.91596746 ], [ 113.26804352, -7.91581964 ], [ 113.26797485, -7.91553831 ], [ 113.26795197, -7.91539192 ], [ 113.26786041, -7.91487265 ], [ 113.26781464, -7.91424227 ], [ 113.26777649, -7.91371346 ], [ 113.26778412, -7.91363478 ], [ 113.26776886, -7.91327906 ], [ 113.26768494, -7.91300774 ], [ 113.26756287, -7.91263437 ], [ 113.26753235, -7.91247559 ], [ 113.26747131, -7.91176414 ], [ 113.26750946, -7.91138268 ], [ 113.26747131, -7.91078377 ], [ 113.26750183, -7.9105258 ], [ 113.26751709, -7.91037035 ], [ 113.26773071, -7.90948582 ], [ 113.26773834, -7.90935183 ], [ 113.26776886, -7.90842199 ], [ 113.26785278, -7.90762281 ], [ 113.2678299, -7.90730762 ], [ 113.26786804, -7.9071064 ], [ 113.268013, -7.90652943 ], [ 113.26798248, -7.90594339 ], [ 113.26789093, -7.90554094 ], [ 113.2678833, -7.90530396 ], [ 113.26791382, -7.90522528 ], [ 113.26799011, -7.90512609 ], [ 113.26804352, -7.90504313 ], [ 113.26805115, -7.90489912 ], [ 113.26799011, -7.90472126 ], [ 113.26776123, -7.90415287 ], [ 113.2677536, -7.90400457 ], [ 113.26782227, -7.90390348 ], [ 113.26802826, -7.90356016 ], [ 113.26802826, -7.90317535 ], [ 113.26795959, -7.90304041 ], [ 113.26779938, -7.90293074 ], [ 113.2676239, -7.90274715 ], [ 113.26753235, -7.90259457 ], [ 113.26750183, -7.90241146 ], [ 113.26753235, -7.90214634 ], [ 113.26754761, -7.90158033 ], [ 113.26744843, -7.90125895 ], [ 113.26725006, -7.90091658 ], [ 113.26701355, -7.90053558 ], [ 113.266716, -7.90009546 ], [ 113.26655579, -7.89995718 ], [ 113.26615143, -7.89960718 ], [ 113.26578522, -7.89938593 ], [ 113.26529694, -7.89922237 ], [ 113.26496124, -7.89921999 ], [ 113.26482391, -7.89909887 ], [ 113.26474762, -7.89893675 ], [ 113.26467133, -7.89876175 ], [ 113.26448822, -7.89862823 ], [ 113.26416779, -7.89838076 ], [ 113.26393127, -7.89809847 ], [ 113.26321411, -7.89710426 ], [ 113.26267242, -7.89616346 ], [ 113.26254272, -7.89604282 ], [ 113.2624588, -7.89664507 ], [ 113.2624054, -7.89692926 ], [ 113.2623291, -7.89729643 ], [ 113.26228333, -7.89747429 ], [ 113.26224518, -7.89763975 ], [ 113.26219177, -7.8978591 ], [ 113.262146, -7.8980546 ], [ 113.26210785, -7.89830875 ], [ 113.26206207, -7.89850426 ], [ 113.26200867, -7.89868784 ], [ 113.26191711, -7.89885378 ], [ 113.26180267, -7.89900827 ], [ 113.2616806, -7.89913321 ], [ 113.26147461, -7.89925861 ], [ 113.26122284, -7.89936638 ], [ 113.260849, -7.8994813 ], [ 113.26058197, -7.89957094 ], [ 113.2599411, -7.89981127 ], [ 113.25943756, -7.89998007 ], [ 113.25887299, -7.90010881 ], [ 113.25835419, -7.90014887 ], [ 113.25822449, -7.90014648 ], [ 113.25812531, -7.90014982 ], [ 113.25801086, -7.90019369 ], [ 113.25789642, -7.90036011 ], [ 113.25756073, -7.90036583 ], [ 113.25733948, -7.90037012 ], [ 113.25708008, -7.90026999 ], [ 113.25688934, -7.90013981 ], [ 113.25670624, -7.89960003 ], [ 113.25666046, -7.89915991 ], [ 113.25657654, -7.89869022 ], [ 113.25644684, -7.89811993 ], [ 113.25640106, -7.8979578 ], [ 113.25631714, -7.89768982 ], [ 113.25611877, -7.89713001 ], [ 113.2558136, -7.89639997 ], [ 113.25562286, -7.8957901 ], [ 113.25550842, -7.8947401 ], [ 113.25556946, -7.89458847 ], [ 113.25566864, -7.89434004 ], [ 113.25623322, -7.8926301 ], [ 113.25624847, -7.89232016 ], [ 113.25627899, -7.89180994 ], [ 113.25627136, -7.89153337 ], [ 113.25624847, -7.890975 ], [ 113.25623322, -7.89068556 ], [ 113.256073, -7.89008951 ], [ 113.25603485, -7.88968849 ], [ 113.25609589, -7.8883729 ], [ 113.25611877, -7.88817692 ], [ 113.25584412, -7.88810396 ], [ 113.25563812, -7.88785315 ], [ 113.25556946, -7.88726997 ], [ 113.25524902, -7.88665199 ], [ 113.25521088, -7.88640928 ], [ 113.2551651, -7.88611126 ], [ 113.25514221, -7.88581276 ], [ 113.25521851, -7.88557911 ], [ 113.25518799, -7.88517809 ], [ 113.25514221, -7.88499212 ], [ 113.25517273, -7.88477993 ], [ 113.25527954, -7.88455009 ], [ 113.25537109, -7.88429022 ], [ 113.25538635, -7.88396502 ], [ 113.25537872, -7.88365984 ], [ 113.25528717, -7.88342381 ], [ 113.25535583, -7.88321829 ], [ 113.25548553, -7.88290071 ], [ 113.25550079, -7.8828001 ], [ 113.25551605, -7.88272285 ], [ 113.25553894, -7.88256454 ], [ 113.25550842, -7.88247108 ], [ 113.25537872, -7.88235998 ], [ 113.25524902, -7.88227654 ], [ 113.25513458, -7.88195086 ], [ 113.25509644, -7.88171768 ], [ 113.25508881, -7.88154078 ], [ 113.25473022, -7.88084316 ], [ 113.2546463, -7.88065672 ], [ 113.25461578, -7.88047028 ], [ 113.25476837, -7.88036013 ], [ 113.25486755, -7.88021708 ], [ 113.25475311, -7.8799901 ], [ 113.25469208, -7.87987995 ], [ 113.25444031, -7.87987423 ], [ 113.2542572, -7.8797636 ], [ 113.25408936, -7.87944984 ], [ 113.25396729, -7.8791399 ], [ 113.2539978, -7.87878513 ], [ 113.253685, -7.8784976 ], [ 113.25341797, -7.87802362 ], [ 113.25338745, -7.87775993 ], [ 113.25331116, -7.87734318 ], [ 113.25319672, -7.8771944 ], [ 113.25295258, -7.87690639 ], [ 113.25261688, -7.87659979 ], [ 113.25246429, -7.87642431 ], [ 113.25233459, -7.87625694 ], [ 113.2520752, -7.87616491 ], [ 113.25199127, -7.87593222 ], [ 113.25228882, -7.87582016 ], [ 113.25235748, -7.8757 ], [ 113.25235748, -7.87551975 ], [ 113.25225067, -7.87541771 ], [ 113.25196838, -7.87511015 ], [ 113.25193787, -7.87502003 ], [ 113.2519989, -7.87487984 ], [ 113.25205994, -7.87476587 ], [ 113.25208282, -7.87463522 ], [ 113.25202942, -7.87450457 ], [ 113.25190735, -7.87437487 ], [ 113.25171661, -7.87431002 ], [ 113.25157928, -7.87428999 ], [ 113.2513504, -7.87421942 ], [ 113.25128937, -7.87403297 ], [ 113.25125885, -7.87372541 ], [ 113.2512207, -7.87357616 ], [ 113.25109863, -7.87350225 ], [ 113.25085449, -7.87346649 ], [ 113.25075531, -7.87326145 ], [ 113.25059509, -7.8730011 ], [ 113.25068665, -7.87292004 ], [ 113.25002289, -7.87278032 ], [ 113.24936676, -7.87256956 ], [ 113.24865723, -7.87218142 ], [ 113.24824524, -7.87197828 ], [ 113.2477417, -7.87161732 ], [ 113.24750519, -7.87118959 ], [ 113.24713898, -7.87065029 ], [ 113.24677277, -7.8700738 ], [ 113.24660492, -7.86981344 ], [ 113.24617004, -7.86944294 ], [ 113.24557495, -7.86895847 ], [ 113.24517059, -7.86862707 ], [ 113.24511719, -7.86857414 ], [ 113.24456787, -7.86814547 ], [ 113.24391174, -7.8676548 ], [ 113.24346161, -7.86730242 ], [ 113.24274445, -7.86673737 ], [ 113.24211884, -7.86624622 ], [ 113.24163818, -7.86580086 ], [ 113.24130249, -7.8655324 ], [ 113.24108124, -7.86536551 ], [ 113.2408371, -7.86529207 ], [ 113.24065399, -7.86532593 ], [ 113.24020386, -7.86546373 ], [ 113.23937988, -7.86575699 ], [ 113.23887634, -7.86591816 ], [ 113.23873901, -7.86595821 ], [ 113.23854828, -7.86608744 ], [ 113.2381897, -7.86623812 ], [ 113.23796082, -7.86629486 ], [ 113.23757935, -7.86640882 ], [ 113.23726654, -7.86648464 ], [ 113.23722839, -7.86641073 ], [ 113.23720551, -7.86629915 ], [ 113.23709869, -7.86607647 ], [ 113.23696136, -7.86585426 ], [ 113.23692322, -7.86579084 ], [ 113.23690796, -7.8656683 ], [ 113.23677826, -7.86548328 ], [ 113.23666382, -7.86523247 ], [ 113.23634338, -7.86449051 ], [ 113.23603058, -7.86388779 ], [ 113.23564911, -7.86309958 ], [ 113.23531342, -7.86239195 ], [ 113.23506165, -7.86188221 ], [ 113.23477173, -7.86129999 ], [ 113.23416138, -7.86003876 ], [ 113.23400879, -7.85972738 ], [ 113.2335434, -7.85875893 ], [ 113.23342896, -7.85857296 ], [ 113.2339325, -7.85830879 ], [ 113.23358917, -7.85748482 ], [ 113.23342133, -7.85707998 ], [ 113.23392487, -7.85687399 ], [ 113.23370361, -7.85643244 ], [ 113.23366547, -7.85630322 ], [ 113.23338318, -7.85569286 ], [ 113.23553467, -7.8563447 ], [ 113.23558807, -7.85648108 ], [ 113.23561096, -7.85660028 ], [ 113.23566437, -7.8568511 ], [ 113.23564148, -7.85699511 ], [ 113.23570251, -7.85715008 ], [ 113.23591614, -7.85734034 ], [ 113.23590851, -7.85765123 ], [ 113.23604584, -7.8577075 ], [ 113.23603058, -7.85781002 ], [ 113.23928833, -7.8585 ], [ 113.23934174, -7.85840988 ], [ 113.24028778, -7.85854006 ], [ 113.24059296, -7.85859489 ], [ 113.24056244, -7.858356 ], [ 113.2405777, -7.85816431 ], [ 113.24065399, -7.85779333 ], [ 113.24047852, -7.85756683 ], [ 113.24027252, -7.85743666 ], [ 113.24023438, -7.85706615 ], [ 113.240242, -7.85681486 ], [ 113.24026489, -7.85649204 ], [ 113.24032593, -7.85619259 ], [ 113.2401886, -7.85579872 ], [ 113.24006653, -7.85521364 ], [ 113.23984528, -7.85443735 ], [ 113.23974609, -7.85406733 ], [ 113.23976135, -7.85370827 ], [ 113.23976898, -7.85336161 ], [ 113.23983765, -7.85297871 ], [ 113.23981476, -7.85272789 ], [ 113.23975372, -7.85235739 ], [ 113.23995209, -7.85236979 ], [ 113.2414093, -7.85234022 ], [ 113.24286652, -7.85244989 ], [ 113.24301147, -7.85193014 ], [ 113.24306488, -7.85177231 ], [ 113.24311066, -7.85163307 ], [ 113.24317932, -7.85143995 ], [ 113.24324036, -7.8512702 ], [ 113.24318695, -7.85103989 ], [ 113.24308014, -7.85082006 ], [ 113.24308014, -7.85070992 ], [ 113.24330902, -7.85047007 ], [ 113.24352264, -7.85028982 ], [ 113.24362946, -7.84970999 ], [ 113.24365234, -7.84961224 ], [ 113.24138641, -7.84866858 ], [ 113.24123383, -7.8486805 ], [ 113.23986053, -7.84786797 ], [ 113.23728943, -7.84621096 ], [ 113.23740387, -7.84609222 ], [ 113.23753357, -7.84603882 ], [ 113.23777008, -7.84589958 ], [ 113.23788452, -7.84580088 ], [ 113.23800659, -7.84575415 ], [ 113.23812103, -7.84568119 ], [ 113.23825073, -7.84558201 ], [ 113.23834229, -7.84545708 ], [ 113.23852539, -7.84531164 ], [ 113.23869324, -7.84512711 ], [ 113.23879242, -7.84505987 ], [ 113.23947906, -7.84461021 ], [ 113.23985291, -7.8441 ], [ 113.24005127, -7.84385014 ], [ 113.240242, -7.84369993 ], [ 113.24047852, -7.84362984 ], [ 113.24069977, -7.84357977 ], [ 113.24085236, -7.84348631 ], [ 113.24089813, -7.84343004 ], [ 113.24089813, -7.84322023 ], [ 113.24085999, -7.84291983 ], [ 113.24086761, -7.84273005 ], [ 113.24092102, -7.8426199 ], [ 113.24128723, -7.84246016 ], [ 113.24143982, -7.84239006 ], [ 113.24156952, -7.84225988 ], [ 113.24162292, -7.84210014 ], [ 113.24137878, -7.84164 ], [ 113.24131012, -7.84150982 ], [ 113.24134064, -7.84132004 ], [ 113.24146271, -7.84104013 ], [ 113.24154663, -7.84076977 ], [ 113.24157715, -7.84062004 ], [ 113.24149323, -7.84029007 ], [ 113.2414093, -7.84004021 ], [ 113.24141693, -7.83979988 ], [ 113.24147797, -7.83951998 ], [ 113.24153137, -7.83929014 ], [ 113.24147797, -7.83921003 ], [ 113.2414093, -7.83910036 ], [ 113.24143219, -7.83867979 ], [ 113.2414093, -7.83825016 ], [ 113.24150085, -7.83759022 ], [ 113.24159241, -7.83722019 ], [ 113.24169159, -7.83704996 ], [ 113.24180603, -7.83694458 ], [ 113.24172974, -7.83673143 ], [ 113.24198914, -7.83679008 ], [ 113.24223328, -7.83669281 ], [ 113.24243164, -7.83633327 ], [ 113.24249268, -7.83600998 ], [ 113.24260712, -7.8352499 ], [ 113.24311066, -7.83539391 ], [ 113.24320221, -7.83544207 ], [ 113.2432785, -7.83547926 ], [ 113.24333191, -7.8353467 ], [ 113.24353027, -7.83489847 ], [ 113.24354553, -7.83445358 ], [ 113.24341583, -7.83411598 ], [ 113.24337769, -7.83374262 ], [ 113.2434845, -7.83329725 ], [ 113.24356842, -7.83267403 ], [ 113.24372864, -7.83185244 ], [ 113.24375916, -7.83140945 ], [ 113.24382782, -7.83082199 ], [ 113.24381256, -7.83069134 ], [ 113.24375153, -7.8301816 ], [ 113.24373627, -7.83005857 ], [ 113.2436142, -7.82987785 ], [ 113.24370575, -7.82981873 ], [ 113.2435379, -7.82979107 ], [ 113.24294281, -7.82940674 ], [ 113.24250793, -7.82903576 ], [ 113.24217224, -7.82850647 ], [ 113.24209595, -7.82834101 ], [ 113.24198914, -7.82812023 ], [ 113.24183655, -7.82783413 ], [ 113.24157715, -7.8274765 ], [ 113.24157715, -7.82713223 ], [ 113.24172211, -7.82678699 ], [ 113.24187469, -7.8265996 ], [ 113.24201965, -7.82644129 ], [ 113.24195862, -7.82624054 ], [ 113.2417984, -7.82600307 ], [ 113.24163055, -7.82569265 ], [ 113.24140167, -7.82545996 ], [ 113.24124908, -7.82542992 ], [ 113.24115753, -7.82547998 ], [ 113.24099731, -7.82557011 ], [ 113.24080658, -7.82556009 ], [ 113.24063873, -7.82551003 ], [ 113.24057007, -7.82540989 ], [ 113.24056244, -7.8252902 ], [ 113.24040222, -7.82519007 ], [ 113.24011993, -7.82500982 ], [ 113.23970032, -7.8249402 ], [ 113.23931122, -7.82492018 ], [ 113.23851013, -7.82479 ], [ 113.2376709, -7.82465982 ], [ 113.23735809, -7.82458448 ], [ 113.23703766, -7.82450008 ], [ 113.23670197, -7.82442999 ], [ 113.23651123, -7.82439995 ], [ 113.2361145, -7.82436466 ], [ 113.23594666, -7.82434988 ], [ 113.2348175, -7.82410002 ], [ 113.23409271, -7.82391977 ], [ 113.23343658, -7.82376003 ], [ 113.2328186, -7.8235898 ], [ 113.23233032, -7.82348013 ], [ 113.23181152, -7.82335997 ], [ 113.23116302, -7.82320023 ], [ 113.23062134, -7.82305002 ], [ 113.22960663, -7.82276011 ], [ 113.22904968, -7.82269001 ], [ 113.22833252, -7.82250023 ], [ 113.22825623, -7.82247877 ], [ 113.22743988, -7.82223988 ], [ 113.22689819, -7.82205009 ], [ 113.2261734, -7.82189989 ], [ 113.22610474, -7.82186937 ], [ 113.2259903, -7.82180071 ], [ 113.22596741, -7.82171297 ], [ 113.22595215, -7.82136679 ], [ 113.22593689, -7.82114553 ], [ 113.2258606, -7.82003069 ], [ 113.22579956, -7.81917238 ], [ 113.22579193, -7.81886435 ], [ 113.22580719, -7.81845474 ], [ 113.22794342, -7.81863117 ], [ 113.22794342, -7.81751299 ], [ 113.22794342, -7.81725121 ], [ 113.22796631, -7.8165803 ], [ 113.22854614, -7.81727505 ], [ 113.22946167, -7.81834745 ], [ 113.22952271, -7.81813192 ], [ 113.22957611, -7.81714058 ], [ 113.2294693, -7.81669331 ], [ 113.22948456, -7.81648684 ], [ 113.22949219, -7.8162694 ], [ 113.23114014, -7.81651449 ], [ 113.23307037, -7.81680202 ], [ 113.2337265, -7.81690025 ], [ 113.23357391, -7.8166976 ], [ 113.23317719, -7.81620836 ], [ 113.23339081, -7.81620216 ], [ 113.23531342, -7.81614542 ], [ 113.23552704, -7.81615019 ], [ 113.23577118, -7.81618929 ], [ 113.23575592, -7.81646585 ], [ 113.23603821, -7.81708002 ], [ 113.23603821, -7.81725359 ], [ 113.23695374, -7.81739378 ], [ 113.23712921, -7.81742096 ], [ 113.23709106, -7.81783962 ], [ 113.23957825, -7.81820488 ], [ 113.23946381, -7.81777954 ], [ 113.23937225, -7.81751966 ], [ 113.23921967, -7.81722021 ], [ 113.2390976, -7.81699991 ], [ 113.2389679, -7.81675625 ], [ 113.2388916, -7.81640911 ], [ 113.23898315, -7.81612492 ], [ 113.23901367, -7.81582928 ], [ 113.23910522, -7.81583261 ], [ 113.2392807, -7.81583834 ], [ 113.23952484, -7.81593323 ], [ 113.23960876, -7.81596994 ], [ 113.23972321, -7.81600285 ], [ 113.24018097, -7.81614017 ], [ 113.2405014, -7.81626987 ], [ 113.24080658, -7.81640005 ], [ 113.2412262, -7.81654978 ], [ 113.24154663, -7.81669998 ], [ 113.24185944, -7.81676006 ], [ 113.24230194, -7.81683016 ], [ 113.24255371, -7.81697989 ], [ 113.24299622, -7.81712008 ], [ 113.24337769, -7.81736994 ], [ 113.243927, -7.81751013 ], [ 113.24459839, -7.81762981 ], [ 113.24513245, -7.81780005 ], [ 113.2456665, -7.81792021 ], [ 113.24636841, -7.81822014 ], [ 113.24688721, -7.81853008 ], [ 113.24700928, -7.81869984 ], [ 113.24701691, -7.81905985 ], [ 113.24698639, -7.81941986 ], [ 113.2469635, -7.82000017 ], [ 113.24685669, -7.82059002 ], [ 113.24681854, -7.82109022 ], [ 113.24675751, -7.82165003 ], [ 113.24668121, -7.82229996 ], [ 113.24674225, -7.82277012 ], [ 113.24658966, -7.82321262 ], [ 113.24652863, -7.82339001 ], [ 113.24639893, -7.82396984 ], [ 113.24623871, -7.82452011 ], [ 113.24627686, -7.82503986 ], [ 113.246521, -7.82515001 ], [ 113.24674225, -7.82528019 ], [ 113.24726105, -7.82559013 ], [ 113.24761963, -7.82632017 ], [ 113.24784851, -7.82659006 ], [ 113.24842834, -7.82695007 ], [ 113.2485199, -7.82711983 ], [ 113.24862671, -7.82734013 ], [ 113.24874115, -7.82745981 ], [ 113.24880981, -7.82748985 ], [ 113.24893188, -7.82741022 ], [ 113.24920654, -7.82707977 ], [ 113.24939728, -7.82693005 ], [ 113.24964142, -7.82680988 ], [ 113.25, -7.82664013 ], [ 113.25007629, -7.82660007 ], [ 113.25083923, -7.82626009 ], [ 113.25093079, -7.82620001 ], [ 113.25093842, -7.82607985 ], [ 113.2508316, -7.82590008 ], [ 113.25055695, -7.82562017 ], [ 113.25028229, -7.82537985 ], [ 113.25022125, -7.82528019 ], [ 113.25051117, -7.82490015 ], [ 113.25060272, -7.82475996 ], [ 113.25064087, -7.82462978 ], [ 113.25054169, -7.82421017 ], [ 113.25048828, -7.82401991 ], [ 113.25086212, -7.82342005 ], [ 113.251091, -7.82296991 ], [ 113.25110626, -7.82287979 ], [ 113.25099182, -7.82270002 ], [ 113.25086975, -7.82256985 ], [ 113.25095367, -7.82211018 ], [ 113.25128937, -7.82139015 ], [ 113.25135803, -7.82061005 ], [ 113.251297, -7.81996012 ], [ 113.25121307, -7.81926012 ], [ 113.25121307, -7.81858015 ], [ 113.25124359, -7.81777 ], [ 113.25133514, -7.81746531 ], [ 113.25144196, -7.81713009 ], [ 113.25258636, -7.81685019 ], [ 113.25279236, -7.81690979 ], [ 113.25287628, -7.81693983 ], [ 113.25328064, -7.81677008 ], [ 113.253685, -7.81655502 ], [ 113.2538681, -7.81644011 ], [ 113.25406647, -7.81631994 ], [ 113.25434875, -7.81636 ], [ 113.25450897, -7.81637001 ], [ 113.25460815, -7.81643009 ], [ 113.2545929, -7.8166399 ], [ 113.25454712, -7.81688023 ], [ 113.25453949, -7.81712008 ], [ 113.25518799, -7.81696987 ], [ 113.25566864, -7.8168602 ], [ 113.2558136, -7.8167901 ], [ 113.25605774, -7.81649017 ], [ 113.25617218, -7.81627989 ], [ 113.25623322, -7.81614017 ], [ 113.25630951, -7.81590986 ], [ 113.25639343, -7.81582022 ], [ 113.25649261, -7.8158102 ], [ 113.2565918, -7.81592989 ], [ 113.25668335, -7.81603003 ], [ 113.25679016, -7.81639004 ], [ 113.25701141, -7.81725979 ], [ 113.25702667, -7.81780005 ], [ 113.25691986, -7.81847 ], [ 113.25669098, -7.81993008 ], [ 113.25669861, -7.82036018 ], [ 113.25675201, -7.82041979 ], [ 113.2568512, -7.82053995 ], [ 113.25733948, -7.8207202 ], [ 113.25792694, -7.82095003 ], [ 113.25861359, -7.82142019 ], [ 113.25906372, -7.82164001 ], [ 113.25959015, -7.82189989 ], [ 113.25968933, -7.82195091 ], [ 113.26046753, -7.82233 ], [ 113.26126099, -7.82282019 ], [ 113.26215363, -7.82357979 ], [ 113.26222229, -7.82363987 ], [ 113.26183319, -7.82526016 ], [ 113.26165009, -7.82660007 ], [ 113.26151276, -7.82774019 ], [ 113.26113129, -7.82988977 ], [ 113.26114655, -7.83000994 ], [ 113.26119232, -7.83033991 ], [ 113.26147461, -7.8307724 ], [ 113.26165771, -7.83078003 ], [ 113.2624588, -7.83074999 ], [ 113.26257324, -7.83074999 ], [ 113.26470947, -7.83080006 ], [ 113.26541138, -7.83081007 ], [ 113.26686859, -7.83082008 ], [ 113.26696777, -7.83082008 ], [ 113.26715088, -7.83082008 ], [ 113.26737213, -7.83081007 ], [ 113.26809692, -7.83078003 ], [ 113.26907349, -7.83072996 ], [ 113.27002716, -7.83068991 ], [ 113.27134705, -7.83061981 ], [ 113.27198029, -7.83062983 ], [ 113.27295685, -7.83058977 ], [ 113.27324677, -7.83023024 ], [ 113.27333069, -7.8295002 ], [ 113.27337646, -7.8289299 ], [ 113.27348328, -7.82799006 ], [ 113.27352142, -7.82713985 ], [ 113.2735672, -7.82624006 ], [ 113.27362061, -7.82551003 ], [ 113.27368164, -7.82456017 ], [ 113.27384186, -7.82366991 ], [ 113.27403259, -7.82259989 ], [ 113.2741394, -7.82194996 ], [ 113.27445984, -7.82143021 ], [ 113.27484131, -7.8212347 ], [ 113.27532959, -7.8210144 ], [ 113.27687836, -7.82032013 ], [ 113.27758026, -7.81992006 ], [ 113.27832031, -7.81968021 ], [ 113.27870178, -7.81960011 ], [ 113.2791214, -7.81964016 ], [ 113.27934265, -7.81965017 ], [ 113.27953339, -7.81961012 ], [ 113.280159, -7.81920004 ], [ 113.28063965, -7.81894016 ], [ 113.28101349, -7.81870985 ], [ 113.28151703, -7.81849003 ], [ 113.28147888, -7.81887007 ], [ 113.28151703, -7.81901979 ], [ 113.28160095, -7.81903982 ], [ 113.2818222, -7.81907988 ], [ 113.28193665, -7.81917 ], [ 113.28201294, -7.8193202 ], [ 113.28214264, -7.81959009 ], [ 113.28222656, -7.81980991 ], [ 113.2822113, -7.82001019 ], [ 113.28211212, -7.82019997 ], [ 113.28193665, -7.82055998 ], [ 113.2818985, -7.82085371 ], [ 113.28188324, -7.82099009 ], [ 113.28188324, -7.82125616 ], [ 113.28191376, -7.82138014 ], [ 113.2820282, -7.82155991 ], [ 113.28221893, -7.82176018 ], [ 113.28233337, -7.82195997 ], [ 113.2824707, -7.82204008 ], [ 113.28269196, -7.82209015 ], [ 113.28282166, -7.82216978 ], [ 113.2828598, -7.82228994 ], [ 113.2828598, -7.82255983 ], [ 113.28282166, -7.82277012 ], [ 113.28295135, -7.82305002 ], [ 113.28298187, -7.8233099 ], [ 113.28299713, -7.82414007 ], [ 113.28308105, -7.82456017 ], [ 113.28309631, -7.82477999 ], [ 113.28318024, -7.82484007 ], [ 113.28334808, -7.82497978 ], [ 113.28334045, -7.82510996 ], [ 113.2832489, -7.82531977 ], [ 113.28320313, -7.82549 ], [ 113.28314209, -7.82566023 ], [ 113.28291321, -7.82647991 ], [ 113.28253937, -7.82711983 ], [ 113.2824173, -7.82711983 ], [ 113.28227997, -7.82713985 ], [ 113.28222656, -7.82723999 ], [ 113.28222656, -7.82740021 ], [ 113.28237152, -7.82803011 ], [ 113.28237915, -7.82820988 ], [ 113.28231812, -7.82826996 ], [ 113.28218842, -7.82823992 ], [ 113.28209686, -7.82826996 ], [ 113.28205109, -7.82837009 ], [ 113.28199005, -7.82886982 ], [ 113.28198242, -7.82926989 ], [ 113.28205109, -7.82937002 ], [ 113.28220367, -7.82954979 ], [ 113.28222656, -7.8303299 ], [ 113.28198242, -7.83127022 ], [ 113.28191376, -7.83146 ], [ 113.28143311, -7.83289003 ], [ 113.28121948, -7.83337021 ], [ 113.28079224, -7.83420992 ], [ 113.28054047, -7.8344698 ], [ 113.28005981, -7.83452988 ], [ 113.2792511, -7.83441019 ], [ 113.27852631, -7.83427 ], [ 113.27832794, -7.83427 ], [ 113.27809906, -7.83453989 ], [ 113.27813721, -7.83481979 ], [ 113.27818298, -7.83519983 ], [ 113.27825165, -7.83561993 ], [ 113.27823639, -7.8357501 ], [ 113.27819824, -7.83590984 ], [ 113.27819061, -7.83688021 ], [ 113.27812958, -7.83748102 ], [ 113.27803802, -7.83845997 ], [ 113.27806854, -7.83866978 ], [ 113.27809143, -7.83887005 ], [ 113.27822113, -7.8393712 ], [ 113.27825165, -7.83946991 ], [ 113.27841949, -7.83992004 ], [ 113.27851868, -7.84013557 ], [ 113.27857971, -7.84027004 ], [ 113.27879333, -7.84046984 ], [ 113.27913666, -7.84071016 ], [ 113.27931976, -7.8407402 ], [ 113.28102875, -7.84092999 ], [ 113.28113556, -7.84102106 ], [ 113.28127289, -7.84113979 ], [ 113.28144073, -7.84145021 ], [ 113.28179169, -7.84231997 ], [ 113.28238678, -7.84423351 ], [ 113.28246307, -7.84446001 ], [ 113.28253937, -7.84473991 ], [ 113.2826004, -7.84497023 ], [ 113.28266144, -7.84549999 ], [ 113.28269196, -7.84572554 ], [ 113.28270721, -7.84587145 ], [ 113.2828064, -7.84599018 ], [ 113.28294373, -7.84601021 ], [ 113.28338623, -7.84606981 ], [ 113.28356934, -7.84625006 ], [ 113.28370667, -7.84649992 ], [ 113.2838974, -7.84687996 ], [ 113.28405762, -7.84708023 ], [ 113.28411865, -7.84713888 ], [ 113.28457642, -7.84763002 ], [ 113.28469086, -7.84790993 ], [ 113.28479767, -7.84829998 ], [ 113.284935, -7.84871054 ], [ 113.2849884, -7.84888983 ], [ 113.28514862, -7.84910011 ], [ 113.28530884, -7.84920979 ], [ 113.2858429, -7.84945011 ], [ 113.28649902, -7.84964991 ], [ 113.28653717, -7.84975004 ], [ 113.28649902, -7.84985018 ], [ 113.28645325, -7.84997988 ], [ 113.28649902, -7.85007 ], [ 113.28662872, -7.85016012 ], [ 113.2870636, -7.85039997 ], [ 113.28717804, -7.85055017 ], [ 113.28723907, -7.85072994 ], [ 113.28723907, -7.85091019 ], [ 113.28714752, -7.85115004 ], [ 113.28697968, -7.8513999 ], [ 113.28679657, -7.85166979 ], [ 113.28681946, -7.85176992 ], [ 113.28691864, -7.85188007 ], [ 113.28710938, -7.8520999 ], [ 113.28710938, -7.85224009 ], [ 113.28704071, -7.85239983 ], [ 113.28690338, -7.85256004 ], [ 113.28668213, -7.85271978 ], [ 113.28601837, -7.85323 ], [ 113.28594208, -7.85341978 ], [ 113.28595734, -7.85353994 ], [ 113.28608704, -7.85376978 ], [ 113.28624725, -7.8540802 ], [ 113.28645325, -7.85471439 ], [ 113.28649139, -7.85482979 ], [ 113.28672028, -7.8552599 ], [ 113.28671265, -7.85544014 ], [ 113.28661346, -7.85572004 ], [ 113.28635406, -7.85634422 ], [ 113.28629303, -7.85672998 ], [ 113.28624725, -7.85749006 ], [ 113.28633881, -7.85777998 ], [ 113.28649902, -7.85800982 ], [ 113.28663635, -7.85828018 ], [ 113.28663635, -7.85842991 ], [ 113.28656769, -7.85867023 ], [ 113.28639984, -7.85914993 ], [ 113.28637695, -7.85941982 ], [ 113.28650665, -7.8603301 ], [ 113.28662109, -7.8605299 ], [ 113.28675842, -7.86066008 ], [ 113.2869873, -7.8607502 ], [ 113.28721619, -7.86092997 ], [ 113.28739166, -7.86105013 ], [ 113.28746033, -7.86131001 ], [ 113.28749847, -7.86174011 ], [ 113.28755951, -7.86245012 ], [ 113.28778839, -7.86310005 ], [ 113.28787231, -7.86329985 ], [ 113.28791809, -7.86343002 ], [ 113.2879715, -7.86355019 ], [ 113.28798676, -7.86362171 ], [ 113.28807068, -7.86404562 ], [ 113.2881012, -7.8641901 ], [ 113.28818512, -7.86441851 ], [ 113.28846741, -7.86514997 ], [ 113.28878784, -7.86595011 ], [ 113.28901672, -7.86716986 ], [ 113.28894806, -7.86722994 ], [ 113.28883362, -7.86721992 ], [ 113.28864288, -7.86720991 ], [ 113.28858948, -7.86729002 ], [ 113.28858185, -7.86744022 ], [ 113.28865051, -7.86780977 ], [ 113.28878784, -7.86823988 ], [ 113.28904724, -7.86855984 ], [ 113.28913879, -7.86857986 ], [ 113.28923798, -7.8685298 ], [ 113.28929138, -7.86841011 ], [ 113.28939056, -7.86830997 ], [ 113.28952026, -7.86827993 ], [ 113.28964996, -7.86831999 ], [ 113.28978729, -7.86844015 ], [ 113.28987122, -7.86859989 ], [ 113.28991699, -7.86882019 ], [ 113.28994751, -7.86935997 ], [ 113.2899704, -7.87021017 ], [ 113.29003143, -7.87050009 ], [ 113.2901535, -7.87110996 ], [ 113.29019928, -7.87271976 ], [ 113.29013062, -7.87322998 ], [ 113.29012299, -7.87336493 ], [ 113.28985596, -7.87348127 ], [ 113.2895813, -7.87402964 ], [ 113.28945923, -7.87428188 ], [ 113.28945923, -7.87447405 ], [ 113.28952026, -7.87475491 ], [ 113.28961945, -7.87486315 ], [ 113.28964233, -7.8751092 ], [ 113.28933716, -7.87548065 ], [ 113.28918457, -7.87562943 ], [ 113.28910065, -7.8757925 ], [ 113.28911591, -7.87592554 ], [ 113.28913116, -7.87607336 ], [ 113.28905487, -7.87623644 ], [ 113.28898621, -7.87636995 ], [ 113.28902435, -7.87657642 ], [ 113.28907013, -7.87675381 ], [ 113.28908539, -7.87688684 ], [ 113.28901672, -7.87712383 ], [ 113.28895569, -7.87725735 ], [ 113.28874969, -7.87736177 ], [ 113.28826141, -7.87779045 ], [ 113.28826904, -7.87820768 ], [ 113.28794098, -7.87859392 ], [ 113.28778076, -7.87894964 ], [ 113.28766632, -7.87945318 ], [ 113.28741455, -7.88013506 ], [ 113.28688049, -7.88052225 ], [ 113.28673553, -7.88095188 ], [ 113.2869339, -7.88154268 ], [ 113.28692627, -7.88222265 ], [ 113.28677368, -7.88244534 ], [ 113.28696442, -7.88365746 ], [ 113.28716278, -7.88369131 ], [ 113.28720856, -7.88414001 ], [ 113.28727722, -7.88431978 ], [ 113.28733826, -7.88446999 ], [ 113.28743744, -7.88467979 ], [ 113.28762817, -7.88507986 ], [ 113.28771973, -7.88546991 ], [ 113.28775024, -7.88574982 ], [ 113.28778076, -7.8859601 ], [ 113.28755951, -7.88662004 ], [ 113.28752136, -7.88691998 ], [ 113.28752136, -7.88764 ], [ 113.28739929, -7.88853121 ], [ 113.28727722, -7.88892984 ], [ 113.28722382, -7.88901997 ], [ 113.28703308, -7.88932991 ], [ 113.28681946, -7.88955021 ], [ 113.28668213, -7.88971996 ], [ 113.28659058, -7.88993979 ], [ 113.28649902, -7.89002562 ], [ 113.28646851, -7.89045 ], [ 113.28643036, -7.89061022 ], [ 113.28600311, -7.89097977 ], [ 113.28588867, -7.89110994 ], [ 113.28585052, -7.89127016 ], [ 113.28592682, -7.89167976 ], [ 113.28618622, -7.89257002 ], [ 113.28623199, -7.89284992 ], [ 113.28620148, -7.89315987 ], [ 113.28617096, -7.89344311 ], [ 113.28611755, -7.89392996 ], [ 113.28604889, -7.89436007 ], [ 113.28598022, -7.8948698 ], [ 113.28600311, -7.89507246 ], [ 113.28601837, -7.89520979 ], [ 113.28639984, -7.89604521 ], [ 113.28646088, -7.89618015 ], [ 113.28662872, -7.89648008 ], [ 113.28672028, -7.89668989 ], [ 113.28672791, -7.89676237 ], [ 113.28677368, -7.89707994 ], [ 113.28681946, -7.8973999 ], [ 113.28710175, -7.89805984 ], [ 113.28746033, -7.89912987 ], [ 113.28751373, -7.89937258 ], [ 113.2875824, -7.89968252 ], [ 113.28762817, -7.89989996 ], [ 113.28778839, -7.90063 ], [ 113.28780365, -7.90092993 ], [ 113.28775024, -7.90115404 ], [ 113.28765106, -7.90164995 ], [ 113.28751373, -7.90199995 ], [ 113.287323, -7.90235996 ], [ 113.28717804, -7.90391016 ], [ 113.28717804, -7.90470982 ], [ 113.28700256, -7.90592003 ], [ 113.28703308, -7.90678978 ], [ 113.28704834, -7.90712023 ], [ 113.2870636, -7.90734005 ], [ 113.28723145, -7.90837002 ], [ 113.28727722, -7.9085598 ], [ 113.28736115, -7.90875006 ], [ 113.28730011, -7.90920019 ], [ 113.28726196, -7.90942001 ], [ 113.28730774, -7.90983009 ], [ 113.28726959, -7.90996742 ], [ 113.2871933, -7.91027021 ], [ 113.28717041, -7.91035748 ], [ 113.28710938, -7.91060019 ], [ 113.28707886, -7.9108901 ], [ 113.28703308, -7.91110754 ], [ 113.28701019, -7.91120005 ], [ 113.28703308, -7.91179991 ], [ 113.28684998, -7.91267014 ], [ 113.28678894, -7.91299009 ], [ 113.28675842, -7.9131999 ], [ 113.28656769, -7.91350985 ], [ 113.28652191, -7.91363001 ], [ 113.28649139, -7.91403008 ], [ 113.28650665, -7.91413021 ], [ 113.28656006, -7.91420984 ], [ 113.28676605, -7.91443777 ], [ 113.28688049, -7.91455984 ], [ 113.2869873, -7.91465998 ], [ 113.28739166, -7.91449022 ], [ 113.28752899, -7.91443014 ], [ 113.28762054, -7.91443014 ], [ 113.28768158, -7.91450977 ], [ 113.28771973, -7.91471004 ], [ 113.28775787, -7.91482019 ], [ 113.28813171, -7.91548014 ], [ 113.28823853, -7.91574097 ], [ 113.28829193, -7.91586018 ], [ 113.28839111, -7.91650009 ], [ 113.28842926, -7.91677999 ], [ 113.28849792, -7.91692019 ], [ 113.28864288, -7.91701984 ], [ 113.28887177, -7.91708994 ], [ 113.28900146, -7.91720009 ], [ 113.28908539, -7.91736364 ], [ 113.28919983, -7.9177599 ], [ 113.28923798, -7.91804981 ], [ 113.28923035, -7.91814995 ], [ 113.28919983, -7.91822004 ], [ 113.28914642, -7.91839981 ], [ 113.28914642, -7.91863012 ], [ 113.28926086, -7.91882992 ], [ 113.28952789, -7.9191699 ], [ 113.28975677, -7.91960001 ], [ 113.28984833, -7.91989899 ], [ 113.28990173, -7.9200902 ], [ 113.29016113, -7.92065001 ], [ 113.29048157, -7.92114019 ], [ 113.29075623, -7.92148018 ], [ 113.291008, -7.92172003 ], [ 113.29122162, -7.92183018 ], [ 113.29164124, -7.92202997 ], [ 113.29193115, -7.9225502 ], [ 113.29205322, -7.92275 ], [ 113.29222107, -7.92292023 ], [ 113.29245758, -7.92304993 ], [ 113.29341888, -7.92347002 ], [ 113.29370117, -7.92362022 ], [ 113.29405212, -7.92410994 ], [ 113.29438782, -7.92448997 ], [ 113.29463196, -7.9248023 ], [ 113.29495239, -7.92564011 ], [ 113.29495239, -7.92573071 ], [ 113.29496765, -7.92607021 ], [ 113.29502869, -7.92627001 ], [ 113.29516602, -7.92652893 ], [ 113.29517365, -7.92663383 ], [ 113.29521179, -7.92698145 ], [ 113.29502869, -7.92775774 ], [ 113.29441833, -7.92795944 ], [ 113.29356384, -7.92806768 ], [ 113.29281616, -7.9280839 ], [ 113.29212189, -7.92801189 ], [ 113.29149628, -7.92796707 ], [ 113.29085541, -7.92795467 ], [ 113.2900238, -7.92793941 ], [ 113.28910065, -7.9279604 ], [ 113.28842163, -7.92799616 ], [ 113.28786469, -7.92805052 ], [ 113.28655243, -7.92827797 ], [ 113.28562927, -7.92837954 ], [ 113.28451538, -7.92844868 ], [ 113.2834549, -7.92840672 ], [ 113.28286743, -7.92839384 ], [ 113.28212738, -7.92836618 ], [ 113.28138733, -7.92840195 ], [ 113.28065491, -7.92850208 ], [ 113.28020477, -7.92859268 ], [ 113.27998352, -7.92863655 ], [ 113.27945709, -7.92877102 ], [ 113.27877045, -7.92892981 ], [ 113.2780304, -7.92909479 ], [ 113.27749634, -7.92922926 ], [ 113.27702332, -7.92938185 ], [ 113.2766571, -7.92958593 ], [ 113.27629089, -7.92969179 ], [ 113.27566528, -7.92981148 ], [ 113.2752533, -7.92980146 ], [ 113.27493286, -7.92971277 ], [ 113.27457428, -7.92952871 ], [ 113.27449036, -7.92939425 ], [ 113.27428436, -7.92870092 ], [ 113.27410889, -7.92765665 ], [ 113.27394867, -7.9271574 ], [ 113.2738266, -7.92695332 ], [ 113.27328491, -7.92630863 ], [ 113.27320862, -7.92619753 ], [ 113.27328491, -7.92601299 ], [ 113.27316284, -7.92541313 ], [ 113.27305603, -7.92498493 ], [ 113.27277374, -7.92452335 ], [ 113.27256775, -7.92409563 ], [ 113.27244568, -7.92387295 ], [ 113.2722702, -7.92366791 ], [ 113.27213287, -7.9234457 ], [ 113.27214813, -7.92317104 ], [ 113.27216339, -7.92291403 ], [ 113.27206421, -7.92269135 ], [ 113.27194214, -7.9225378 ], [ 113.27185059, -7.92243528 ], [ 113.2716217, -7.9223032 ], [ 113.271492, -7.92224836 ], [ 113.27144623, -7.92212677 ], [ 113.27150726, -7.92183685 ], [ 113.27141571, -7.92152834 ], [ 113.27120209, -7.92133665 ] ] ] ] } },
{ "type": "Feature", "properties": { "GID_0": "IDN", "NAME_0": "Indonesia", "GID_1": "IDN.11_1", "NAME_1": "Jawa Timur", "NL_NAME_1": null, "GID_2": "IDN.11.30_1", "NAME_2": "Probolinggo", "NL_NAME_2": null, "GID_3": "IDN.11.30.22_1", "NAME_3": "Tiris", "VARNAME_3": null, "NL_NAME_3": null, "TYPE_3": "Kecamatan", "ENGTYPE_3": "Sub-district", "CC_3": "3513080", "HASC_3": null }, "geometry": { "type": "MultiPolygon", "coordinates": [ [ [ [ 113.47124481, -8.02232552 ], [ 113.47091675, -8.02235603 ], [ 113.47064209, -8.02241516 ], [ 113.47024536, -8.0224781 ], [ 113.47003174, -8.02248573 ], [ 113.46964264, -8.02254581 ], [ 113.46920776, -8.02254868 ], [ 113.46881866, -8.02260876 ], [ 113.46852875, -8.02266121 ], [ 113.46832275, -8.02270412 ], [ 113.46805573, -8.02279758 ], [ 113.46777344, -8.02286339 ], [ 113.46747589, -8.02289391 ], [ 113.46717072, -8.02289581 ], [ 113.46665192, -8.02290821 ], [ 113.46622467, -8.02291107 ], [ 113.46600342, -8.0228548 ], [ 113.46569061, -8.02279377 ], [ 113.46543884, -8.0227375 ], [ 113.465271, -8.02268124 ], [ 113.46498871, -8.0225811 ], [ 113.46472931, -8.02246857 ], [ 113.46437836, -8.02230453 ], [ 113.4641037, -8.02217293 ], [ 113.46383667, -8.02204418 ], [ 113.46360779, -8.02185726 ], [ 113.46339417, -8.02168941 ], [ 113.46324158, -8.02157307 ], [ 113.46298981, -8.02140236 ], [ 113.46269226, -8.02121258 ], [ 113.46244812, -8.02115726 ], [ 113.46225739, -8.02122211 ], [ 113.4620285, -8.02133179 ], [ 113.46183014, -8.02148914 ], [ 113.461586, -8.02176476 ], [ 113.46128082, -8.02213287 ], [ 113.46107483, -8.02243328 ], [ 113.46099091, -8.022686 ], [ 113.4608078, -8.0229063 ], [ 113.46054077, -8.02319813 ], [ 113.46025848, -8.02343559 ], [ 113.46002197, -8.02359295 ], [ 113.45980835, -8.02377319 ], [ 113.45946503, -8.02394104 ], [ 113.45915222, -8.02412415 ], [ 113.45892334, -8.02421856 ], [ 113.45866394, -8.02432823 ], [ 113.45849609, -8.02439308 ], [ 113.45834351, -8.02449894 ], [ 113.45825958, -8.02467155 ], [ 113.45788574, -8.02461624 ], [ 113.45728302, -8.02450848 ], [ 113.45689392, -8.0244379 ], [ 113.45645142, -8.02437019 ], [ 113.45606995, -8.0243063 ], [ 113.45587158, -8.02422142 ], [ 113.45548248, -8.02410889 ], [ 113.45497894, -8.02394009 ], [ 113.4546814, -8.02382088 ], [ 113.45431519, -8.02366352 ], [ 113.45387268, -8.02366638 ], [ 113.45329285, -8.02361298 ], [ 113.45281982, -8.02361584 ], [ 113.45243835, -8.02364635 ], [ 113.45200348, -8.02373886 ], [ 113.4515686, -8.02384663 ], [ 113.45119476, -8.02392197 ], [ 113.45088196, -8.02400398 ], [ 113.45070648, -8.02405834 ], [ 113.45040131, -8.02411842 ], [ 113.44993591, -8.02433109 ], [ 113.44952393, -8.02443886 ], [ 113.44926453, -8.02450752 ], [ 113.44903564, -8.02457237 ], [ 113.44863892, -8.02467346 ], [ 113.44819641, -8.02467632 ], [ 113.44789124, -8.02473831 ], [ 113.44763947, -8.02475929 ], [ 113.44744873, -8.02466869 ], [ 113.44726563, -8.02466965 ], [ 113.44700623, -8.0247221 ], [ 113.44647217, -8.02472496 ], [ 113.44625854, -8.02466869 ], [ 113.4460144, -8.02460384 ], [ 113.44557953, -8.02454281 ], [ 113.44529724, -8.02454472 ], [ 113.44487, -8.02441025 ], [ 113.44443512, -8.02437115 ], [ 113.4442215, -8.02426434 ], [ 113.44411469, -8.02420807 ], [ 113.44393921, -8.02406597 ], [ 113.44390869, -8.0238409 ], [ 113.44389343, -8.02371502 ], [ 113.44386292, -8.02345085 ], [ 113.4438858, -8.02314854 ], [ 113.44393921, -8.02286816 ], [ 113.44399261, -8.02260971 ], [ 113.44404602, -8.02234459 ], [ 113.44416809, -8.02207279 ], [ 113.44431305, -8.02180481 ], [ 113.44438171, -8.02156258 ], [ 113.44449615, -8.021348 ], [ 113.44454956, -8.02114391 ], [ 113.4446106, -8.02085972 ], [ 113.444664, -8.02068424 ], [ 113.44457245, -8.02038574 ], [ 113.44431305, -8.0200491 ], [ 113.44411469, -8.01981449 ], [ 113.44385529, -8.01950073 ], [ 113.44368744, -8.01931381 ], [ 113.4434433, -8.01906109 ], [ 113.44313812, -8.01873112 ], [ 113.44295502, -8.0185194 ], [ 113.44281769, -8.01834774 ], [ 113.44256592, -8.01801205 ], [ 113.44248199, -8.01778984 ], [ 113.442276, -8.01758385 ], [ 113.44205475, -8.01729965 ], [ 113.4419632, -8.01719093 ], [ 113.44176483, -8.01692772 ], [ 113.4414978, -8.01661968 ], [ 113.44129944, -8.01660824 ], [ 113.44107056, -8.01661015 ], [ 113.44071198, -8.01685143 ], [ 113.44062805, -8.01690865 ], [ 113.44034576, -8.01705551 ], [ 113.44023132, -8.01722813 ], [ 113.44018555, -8.01750088 ], [ 113.44000244, -8.01787472 ], [ 113.44001007, -8.01806259 ], [ 113.43997192, -8.01827621 ], [ 113.43985748, -8.0185957 ], [ 113.43969727, -8.01908112 ], [ 113.43963623, -8.01931381 ], [ 113.4394989, -8.01960754 ], [ 113.4394455, -8.01979256 ], [ 113.43938446, -8.02000046 ], [ 113.43937683, -8.02019501 ], [ 113.43923187, -8.02040577 ], [ 113.43906403, -8.02060413 ], [ 113.43893433, -8.02073574 ], [ 113.43876648, -8.02084541 ], [ 113.43851471, -8.02103806 ], [ 113.43825531, -8.02113438 ], [ 113.43782043, -8.02130032 ], [ 113.43740082, -8.02132511 ], [ 113.4367981, -8.02139187 ], [ 113.43624115, -8.0214529 ], [ 113.43574524, -8.02147198 ], [ 113.43482971, -8.0214777 ], [ 113.43425751, -8.02143002 ], [ 113.43391418, -8.02136898 ], [ 113.4336319, -8.02130699 ], [ 113.43333435, -8.02113724 ], [ 113.43310547, -8.02107716 ], [ 113.43297577, -8.0208807 ], [ 113.4327774, -8.02069283 ], [ 113.43241119, -8.02051735 ], [ 113.43225098, -8.02018929 ], [ 113.43213654, -8.0199461 ], [ 113.43211365, -8.01947117 ], [ 113.43211365, -8.01939011 ], [ 113.43211365, -8.01927376 ], [ 113.43215179, -8.01906967 ], [ 113.43234253, -8.01859093 ], [ 113.43243408, -8.01817894 ], [ 113.43254089, -8.01791382 ], [ 113.43264008, -8.01747704 ], [ 113.43282318, -8.01706791 ], [ 113.43287659, -8.01678085 ], [ 113.43292999, -8.01644325 ], [ 113.43292999, -8.01622963 ], [ 113.4327774, -8.01600742 ], [ 113.43239594, -8.01575184 ], [ 113.43210602, -8.01550198 ], [ 113.43170166, -8.0151825 ], [ 113.43132782, -8.01501274 ], [ 113.4309082, -8.01477718 ], [ 113.43055725, -8.01455879 ], [ 113.43022919, -8.01430321 ], [ 113.43005371, -8.01417351 ], [ 113.42965698, -8.01369858 ], [ 113.42942047, -8.01355648 ], [ 113.42889404, -8.0131197 ], [ 113.42840576, -8.0128746 ], [ 113.42816162, -8.01266575 ], [ 113.42770386, -8.01237583 ], [ 113.42739868, -8.01218319 ], [ 113.42694855, -8.01190186 ], [ 113.42661285, -8.01172256 ], [ 113.42619324, -8.01159477 ], [ 113.42578125, -8.01133251 ], [ 113.42536926, -8.01118565 ], [ 113.42505646, -8.01118088 ], [ 113.42477417, -8.01118279 ], [ 113.42449951, -8.01126766 ], [ 113.42410278, -8.01133919 ], [ 113.42382813, -8.01141071 ], [ 113.4234848, -8.0114851 ], [ 113.42279053, -8.01150036 ], [ 113.42234802, -8.01156044 ], [ 113.42211151, -8.01156235 ], [ 113.42188263, -8.01144886 ], [ 113.42166901, -8.01138687 ], [ 113.42115784, -8.0112524 ], [ 113.42058563, -8.0111227 ], [ 113.42025757, -8.01098728 ], [ 113.41988373, -8.01088142 ], [ 113.41962433, -8.01088333 ], [ 113.41928864, -8.01080894 ], [ 113.41921234, -8.01079273 ], [ 113.41880035, -8.01079559 ], [ 113.41848755, -8.01082611 ], [ 113.41829681, -8.01086903 ], [ 113.41770172, -8.01087284 ], [ 113.41733551, -8.01094151 ], [ 113.41699982, -8.01094341 ], [ 113.41660309, -8.01101017 ], [ 113.41573334, -8.01112366 ], [ 113.41550446, -8.01112461 ], [ 113.41532135, -8.01115417 ], [ 113.41519928, -8.01114464 ], [ 113.41506958, -8.01113415 ], [ 113.41496277, -8.01105785 ], [ 113.414711, -8.01092911 ], [ 113.41454315, -8.01081562 ], [ 113.41436768, -8.01063442 ], [ 113.41417694, -8.01045704 ], [ 113.41400909, -8.01029301 ], [ 113.4138031, -8.01032448 ], [ 113.41358185, -8.0103178 ], [ 113.41329193, -8.01051998 ], [ 113.41301727, -8.01076031 ], [ 113.41273499, -8.01099873 ], [ 113.41246033, -8.01128006 ], [ 113.41222382, -8.01153374 ], [ 113.41181946, -8.01167297 ], [ 113.41155243, -8.01176167 ], [ 113.41098785, -8.01196098 ], [ 113.41049194, -8.0121069 ], [ 113.41021729, -8.0122366 ], [ 113.40994263, -8.01240444 ], [ 113.40966034, -8.0126133 ], [ 113.40949249, -8.01270962 ], [ 113.40922546, -8.0129528 ], [ 113.40898895, -8.01313591 ], [ 113.40871429, -8.01323032 ], [ 113.40847778, -8.01308823 ], [ 113.4082489, -8.01267242 ], [ 113.40795898, -8.0121069 ], [ 113.40776825, -8.01176739 ], [ 113.40758514, -8.01144981 ], [ 113.4074707, -8.01115799 ], [ 113.40726471, -8.01081467 ], [ 113.40708923, -8.01038551 ], [ 113.40693665, -8.01013851 ], [ 113.40667725, -8.00977325 ], [ 113.40653992, -8.00954533 ], [ 113.40636444, -8.00923729 ], [ 113.40625763, -8.00908756 ], [ 113.40609741, -8.00896454 ], [ 113.40576935, -8.00863838 ], [ 113.40561676, -8.00854111 ], [ 113.40525818, -8.00828171 ], [ 113.40493011, -8.00804043 ], [ 113.40467834, -8.00799179 ], [ 113.40442657, -8.0079174 ], [ 113.40402222, -8.00778294 ], [ 113.40373993, -8.0076189 ], [ 113.40327454, -8.0073061 ], [ 113.40301514, -8.00720596 ], [ 113.40280151, -8.00701618 ], [ 113.40261078, -8.00682259 ], [ 113.40247345, -8.00662327 ], [ 113.40220642, -8.00628662 ], [ 113.40197754, -8.00593758 ], [ 113.40183258, -8.00578213 ], [ 113.40164948, -8.00553799 ], [ 113.40145874, -8.00530338 ], [ 113.40118408, -8.00495148 ], [ 113.40101624, -8.0048027 ], [ 113.40074921, -8.00458145 ], [ 113.40044403, -8.00435734 ], [ 113.40020752, -8.0041647 ], [ 113.39990997, -8.00395012 ], [ 113.39958191, -8.00376034 ], [ 113.399086, -8.00355339 ], [ 113.39871979, -8.00353336 ], [ 113.39834595, -8.00344276 ], [ 113.39801025, -8.00334835 ], [ 113.39767456, -8.00325298 ], [ 113.39743805, -8.00313282 ], [ 113.39716339, -8.00300121 ], [ 113.39698792, -8.00293541 ], [ 113.39672852, -8.00278091 ], [ 113.3964386, -8.00255299 ], [ 113.39627075, -8.00234413 ], [ 113.39606476, -8.00217628 ], [ 113.39591217, -8.0021286 ], [ 113.39577484, -8.00202847 ], [ 113.39565277, -8.00128937 ], [ 113.39564514, -8.00086308 ], [ 113.39566803, -8.00011349 ], [ 113.39554596, -7.9999752 ], [ 113.39540863, -7.99993706 ], [ 113.39531708, -7.9999218 ], [ 113.39524841, -7.9998827 ], [ 113.39501953, -7.9997611 ], [ 113.39461517, -7.99944305 ], [ 113.39280701, -7.99823904 ], [ 113.39233398, -7.99794197 ], [ 113.39163208, -7.99744129 ], [ 113.39128876, -7.99727488 ], [ 113.39110565, -7.99739742 ], [ 113.3910141, -7.99745035 ], [ 113.39099121, -7.99774504 ], [ 113.39080811, -7.9989872 ], [ 113.39059448, -7.99965572 ], [ 113.39050293, -7.99990988 ], [ 113.39047241, -8.00000095 ], [ 113.39038086, -8.0002594 ], [ 113.39009094, -8.00109863 ], [ 113.38980103, -8.00187778 ], [ 113.38948059, -8.00245571 ], [ 113.38924408, -8.002882 ], [ 113.38906097, -8.0032711 ], [ 113.38896179, -8.00349426 ], [ 113.38863373, -8.00409317 ], [ 113.38866425, -8.00426579 ], [ 113.38871002, -8.00457764 ], [ 113.38864899, -8.00479794 ], [ 113.38850403, -8.00515938 ], [ 113.38834381, -8.00571251 ], [ 113.38833618, -8.00582695 ], [ 113.38832855, -8.00607109 ], [ 113.38828278, -8.0063448 ], [ 113.38816071, -8.0066452 ], [ 113.38793945, -8.00717831 ], [ 113.38809967, -8.00760841 ], [ 113.38816071, -8.00783062 ], [ 113.38809967, -8.00817394 ], [ 113.38802338, -8.00844479 ], [ 113.38806915, -8.00870895 ], [ 113.38816071, -8.00909901 ], [ 113.38811493, -8.00925255 ], [ 113.38795471, -8.00981045 ], [ 113.38803864, -8.01017189 ], [ 113.38800049, -8.01066017 ], [ 113.38796997, -8.01086807 ], [ 113.38790894, -8.01114178 ], [ 113.38796234, -8.01181698 ], [ 113.38784027, -8.01200294 ], [ 113.38774872, -8.01226616 ], [ 113.38764954, -8.01255608 ], [ 113.38754272, -8.01286411 ], [ 113.38716888, -8.01365662 ], [ 113.38703918, -8.01377296 ], [ 113.38697052, -8.01383495 ], [ 113.38674927, -8.0139637 ], [ 113.3866272, -8.01399612 ], [ 113.38641357, -8.01404095 ], [ 113.38625336, -8.01403809 ], [ 113.38611603, -8.01403618 ], [ 113.38599396, -8.01395226 ], [ 113.38570404, -8.01373768 ], [ 113.38550568, -8.01377296 ], [ 113.38530731, -8.01387787 ], [ 113.38493347, -8.01403618 ], [ 113.38471985, -8.01395321 ], [ 113.38440704, -8.01379395 ], [ 113.3841095, -8.0138092 ], [ 113.38365173, -8.01384735 ], [ 113.38323975, -8.01379108 ], [ 113.38302612, -8.01387787 ], [ 113.38287354, -8.01401806 ], [ 113.38276672, -8.01425171 ], [ 113.38260651, -8.01454067 ], [ 113.38245392, -8.01474571 ], [ 113.38233948, -8.01489639 ], [ 113.38219452, -8.01497841 ], [ 113.3817749, -8.01516819 ], [ 113.38170624, -8.01521301 ], [ 113.38111115, -8.01556683 ], [ 113.38078308, -8.01587296 ], [ 113.38062286, -8.01603222 ], [ 113.38045502, -8.01619816 ], [ 113.38022614, -8.01623631 ], [ 113.37992096, -8.01631832 ], [ 113.37980652, -8.01644897 ], [ 113.37979889, -8.01663113 ], [ 113.37976074, -8.01680946 ], [ 113.3796463, -8.01699829 ], [ 113.3794632, -8.01725769 ], [ 113.3793335, -8.01737499 ], [ 113.37910461, -8.01747608 ], [ 113.37871552, -8.01761341 ], [ 113.37864685, -8.01775932 ], [ 113.37864685, -8.01789379 ], [ 113.37872314, -8.01805019 ], [ 113.37890625, -8.01817608 ], [ 113.3790741, -8.01821613 ], [ 113.37942505, -8.01830482 ], [ 113.37966919, -8.01846981 ], [ 113.37970734, -8.01853561 ], [ 113.37966156, -8.01867962 ], [ 113.3795166, -8.01877022 ], [ 113.37932587, -8.01884747 ], [ 113.37893677, -8.0189991 ], [ 113.37880707, -8.01912594 ], [ 113.37876892, -8.01927471 ], [ 113.37876129, -8.0195713 ], [ 113.37883759, -8.01984596 ], [ 113.37895966, -8.02027607 ], [ 113.37889862, -8.02044106 ], [ 113.37878418, -8.02050495 ], [ 113.37838745, -8.02058315 ], [ 113.37805939, -8.02067184 ], [ 113.37760925, -8.02086926 ], [ 113.37713623, -8.02105713 ], [ 113.37654114, -8.02131557 ], [ 113.37640381, -8.02139378 ], [ 113.37609863, -8.02157211 ], [ 113.37586212, -8.02176952 ], [ 113.37574005, -8.02195549 ], [ 113.37564087, -8.02221966 ], [ 113.37545013, -8.02272892 ], [ 113.37529755, -8.02288246 ], [ 113.37517548, -8.02287579 ], [ 113.37509918, -8.02283573 ], [ 113.37496948, -8.0226841 ], [ 113.37486267, -8.0224781 ], [ 113.37459564, -8.0218401 ], [ 113.37440491, -8.02171516 ], [ 113.37420654, -8.0216732 ], [ 113.37404633, -8.02170753 ], [ 113.37333679, -8.02192402 ], [ 113.37290955, -8.02206516 ], [ 113.37245178, -8.02221966 ], [ 113.37234497, -8.0221529 ], [ 113.37224579, -8.02200508 ], [ 113.37197113, -8.02154255 ], [ 113.37184906, -8.02147865 ], [ 113.3717041, -8.02161503 ], [ 113.37168884, -8.02175903 ], [ 113.3717041, -8.02222252 ], [ 113.37171173, -8.02232265 ], [ 113.37174225, -8.02311802 ], [ 113.37160492, -8.02332878 ], [ 113.37153625, -8.02338791 ], [ 113.37136841, -8.02344799 ], [ 113.37124634, -8.02342796 ], [ 113.37104034, -8.02323914 ], [ 113.37078857, -8.02296352 ], [ 113.37058258, -8.02283001 ], [ 113.37029266, -8.02274323 ], [ 113.37004089, -8.02272701 ], [ 113.36980438, -8.02277088 ], [ 113.36966705, -8.02284622 ], [ 113.36962128, -8.02294827 ], [ 113.36961365, -8.02314663 ], [ 113.36921692, -8.02355194 ], [ 113.36907959, -8.02370548 ], [ 113.36901093, -8.02390194 ], [ 113.3690033, -8.02470398 ], [ 113.36898804, -8.02488422 ], [ 113.36888885, -8.02495289 ], [ 113.36843872, -8.02488232 ], [ 113.36817932, -8.02484608 ], [ 113.36802673, -8.02486038 ], [ 113.36769867, -8.02520657 ], [ 113.36750031, -8.02541828 ], [ 113.36726379, -8.02556896 ], [ 113.36698151, -8.02564907 ], [ 113.36677551, -8.02569103 ], [ 113.36666107, -8.02575397 ], [ 113.36658478, -8.02589512 ], [ 113.36677551, -8.02703285 ], [ 113.36681366, -8.02733898 ], [ 113.3667984, -8.02748013 ], [ 113.36672211, -8.0276022 ], [ 113.36653137, -8.02772903 ], [ 113.3664093, -8.02777004 ], [ 113.36624908, -8.02782345 ], [ 113.36593628, -8.02783108 ], [ 113.36526489, -8.02784729 ], [ 113.3633728, -8.02771282 ], [ 113.36304474, -8.02768135 ], [ 113.36290741, -8.02751446 ], [ 113.36277771, -8.02726078 ], [ 113.36273193, -8.02703094 ], [ 113.36279297, -8.02684498 ], [ 113.36309814, -8.02628899 ], [ 113.3632431, -8.02600861 ], [ 113.3635025, -8.02572632 ], [ 113.36421967, -8.02539921 ], [ 113.36448669, -8.02526665 ], [ 113.36477661, -8.02504635 ], [ 113.36496735, -8.02483463 ], [ 113.36509705, -8.02458096 ], [ 113.36545563, -8.02366924 ], [ 113.36562347, -8.0232687 ], [ 113.36588287, -8.02290154 ], [ 113.36628723, -8.02245235 ], [ 113.36634827, -8.02238655 ], [ 113.36663818, -8.02207088 ], [ 113.36681366, -8.02181721 ], [ 113.36685181, -8.02173805 ], [ 113.36709595, -8.02145386 ], [ 113.36710358, -8.02125454 ], [ 113.3670578, -8.02095318 ], [ 113.36693573, -8.02037144 ], [ 113.36688995, -8.02015114 ], [ 113.3669281, -8.01992416 ], [ 113.36689758, -8.01953506 ], [ 113.36679077, -8.0191021 ], [ 113.36654663, -8.01848698 ], [ 113.36638641, -8.01810932 ], [ 113.36603546, -8.01759434 ], [ 113.36592865, -8.01741409 ], [ 113.36579895, -8.01720142 ], [ 113.365448, -8.01645184 ], [ 113.3653183, -8.01629543 ], [ 113.36520386, -8.01607704 ], [ 113.36507416, -8.01555347 ], [ 113.36497498, -8.01528835 ], [ 113.36474609, -8.01497459 ], [ 113.36452484, -8.01480484 ], [ 113.36394501, -8.01436615 ], [ 113.3638916, -8.01419353 ], [ 113.36393738, -8.01402569 ], [ 113.36412811, -8.01339054 ], [ 113.36414337, -8.0129118 ], [ 113.36416626, -8.01225281 ], [ 113.36425781, -8.01201153 ], [ 113.36446381, -8.01171494 ], [ 113.36457825, -8.01145172 ], [ 113.36454773, -8.01128292 ], [ 113.36438751, -8.0109911 ], [ 113.36428833, -8.0107708 ], [ 113.36422729, -8.01064587 ], [ 113.36418152, -8.01056671 ], [ 113.36392975, -8.01032734 ], [ 113.36346436, -8.00992107 ], [ 113.36341858, -8.00984859 ], [ 113.36339569, -8.0096941 ], [ 113.36338806, -8.00943661 ], [ 113.36335754, -8.00927258 ], [ 113.36326599, -8.00899696 ], [ 113.36322021, -8.00890446 ], [ 113.36305237, -8.00866604 ], [ 113.36277771, -8.00829983 ], [ 113.3625946, -8.00795269 ], [ 113.36251068, -8.00763702 ], [ 113.36244965, -8.00726223 ], [ 113.36239624, -8.0067234 ], [ 113.36239624, -8.00630283 ], [ 113.36238861, -8.00575829 ], [ 113.36231232, -8.00523186 ], [ 113.36226654, -8.00489521 ], [ 113.36223602, -8.00467682 ], [ 113.36214447, -8.00414753 ], [ 113.36206055, -8.00363636 ], [ 113.36203766, -8.00323009 ], [ 113.36190033, -8.00272369 ], [ 113.36162567, -8.00201607 ], [ 113.3615799, -8.00165749 ], [ 113.36154175, -8.00139999 ], [ 113.36154938, -8.00128651 ], [ 113.36161804, -8.00091171 ], [ 113.36167145, -8.00054741 ], [ 113.36165619, -7.99999952 ], [ 113.36164856, -7.99984407 ], [ 113.3616333, -7.99956751 ], [ 113.36154175, -7.99880552 ], [ 113.36154175, -7.99858236 ], [ 113.36154175, -7.99830723 ], [ 113.3615799, -7.99757338 ], [ 113.36155701, -7.99709558 ], [ 113.36155701, -7.99681711 ], [ 113.36151123, -7.99615145 ], [ 113.36130524, -7.99582195 ], [ 113.36123657, -7.99577427 ], [ 113.36109161, -7.99537468 ], [ 113.36103058, -7.99518633 ], [ 113.36101532, -7.99502182 ], [ 113.3609848, -7.99476719 ], [ 113.36091614, -7.99440575 ], [ 113.36089325, -7.99426889 ], [ 113.36089325, -7.99408245 ], [ 113.36083221, -7.99375677 ], [ 113.36079407, -7.99337959 ], [ 113.36074829, -7.99310875 ], [ 113.36065674, -7.9927845 ], [ 113.3605957, -7.9926796 ], [ 113.36029053, -7.99226093 ], [ 113.36009979, -7.99196386 ], [ 113.3599472, -7.99169779 ], [ 113.35986328, -7.99149466 ], [ 113.35974121, -7.99118471 ], [ 113.3596344, -7.99100542 ], [ 113.35951996, -7.9908514 ], [ 113.359375, -7.99062443 ], [ 113.35928345, -7.99046659 ], [ 113.35921478, -7.99025154 ], [ 113.35919189, -7.99012804 ], [ 113.35917664, -7.99001646 ], [ 113.35910034, -7.9897871 ], [ 113.35908508, -7.98965311 ], [ 113.35905457, -7.98958015 ], [ 113.35892487, -7.98935509 ], [ 113.35868835, -7.98906326 ], [ 113.35847473, -7.98863888 ], [ 113.35831451, -7.98804569 ], [ 113.35824585, -7.98714733 ], [ 113.3582077, -7.98657799 ], [ 113.3582077, -7.98641062 ], [ 113.35817719, -7.98623085 ], [ 113.35811615, -7.98604298 ], [ 113.35808563, -7.98594999 ], [ 113.35801697, -7.98579884 ], [ 113.35781097, -7.98556185 ], [ 113.3576355, -7.98531103 ], [ 113.35753632, -7.98511314 ], [ 113.35743713, -7.98490143 ], [ 113.35734558, -7.98464918 ], [ 113.35723114, -7.98445559 ], [ 113.35709381, -7.9842453 ], [ 113.35700226, -7.98416805 ], [ 113.35694122, -7.98411274 ], [ 113.35680389, -7.98401022 ], [ 113.3567276, -7.98393488 ], [ 113.35658264, -7.9838295 ], [ 113.35647583, -7.98373461 ], [ 113.35638428, -7.98369217 ], [ 113.35613251, -7.98355055 ], [ 113.35597229, -7.98344755 ], [ 113.35587311, -7.98339272 ], [ 113.35569, -7.98326111 ], [ 113.35542297, -7.98312187 ], [ 113.35530853, -7.98305225 ], [ 113.35507965, -7.98298454 ], [ 113.35493469, -7.98288536 ], [ 113.35485077, -7.9828229 ], [ 113.35457611, -7.98262835 ], [ 113.35440063, -7.98252535 ], [ 113.35300446, -7.98173857 ], [ 113.35240936, -7.98151827 ], [ 113.35176849, -7.98109055 ], [ 113.3509903, -7.98050499 ], [ 113.35031891, -7.979918 ], [ 113.34967041, -7.97925091 ], [ 113.34868622, -7.97818708 ], [ 113.34799194, -7.97742462 ], [ 113.34741211, -7.97674179 ], [ 113.34690094, -7.97615385 ], [ 113.34668732, -7.97580385 ], [ 113.3465271, -7.97550011 ], [ 113.34650421, -7.97518206 ], [ 113.34654999, -7.97422409 ], [ 113.34661102, -7.97320223 ], [ 113.34664917, -7.97230768 ], [ 113.34669495, -7.9716692 ], [ 113.34673309, -7.9711113 ], [ 113.3467865, -7.97035933 ], [ 113.34679413, -7.969769 ], [ 113.34682465, -7.96929932 ], [ 113.3468399, -7.96853924 ], [ 113.34684753, -7.96789026 ], [ 113.34686279, -7.96705437 ], [ 113.34675598, -7.96601725 ], [ 113.34667969, -7.96513891 ], [ 113.34657288, -7.96443796 ], [ 113.34650421, -7.96354675 ], [ 113.34646606, -7.9629221 ], [ 113.34642792, -7.96191645 ], [ 113.34635925, -7.96065569 ], [ 113.34619141, -7.95966673 ], [ 113.34604645, -7.95891762 ], [ 113.34587097, -7.95833731 ], [ 113.34558868, -7.95769072 ], [ 113.34528351, -7.95686245 ], [ 113.34495544, -7.95606613 ], [ 113.34459686, -7.95538139 ], [ 113.34420013, -7.95472622 ], [ 113.34365845, -7.95393419 ], [ 113.34351349, -7.95374346 ], [ 113.34333801, -7.95350504 ], [ 113.34281921, -7.95299864 ], [ 113.34191132, -7.95216608 ], [ 113.34077454, -7.95129108 ], [ 113.34003448, -7.95049047 ], [ 113.33942413, -7.94967985 ], [ 113.33864594, -7.9484868 ], [ 113.33805084, -7.94762802 ], [ 113.33735657, -7.94675398 ], [ 113.33673859, -7.94608688 ], [ 113.33625793, -7.94561052 ], [ 113.33572388, -7.94500685 ], [ 113.33551788, -7.94472361 ], [ 113.33534241, -7.94414616 ], [ 113.33526611, -7.94390821 ], [ 113.3349762, -7.94338274 ], [ 113.3346405, -7.9429698 ], [ 113.33415222, -7.94247723 ], [ 113.33365631, -7.94198561 ], [ 113.33323669, -7.9415884 ], [ 113.33237457, -7.94102526 ], [ 113.33197784, -7.94052601 ], [ 113.33165741, -7.94003296 ], [ 113.33115387, -7.93931723 ], [ 113.33071899, -7.93863344 ], [ 113.33052826, -7.93831587 ], [ 113.33039856, -7.93809223 ], [ 113.33005524, -7.93745565 ], [ 113.32891846, -7.93600988 ], [ 113.32875061, -7.93579721 ], [ 113.32861328, -7.93559694 ], [ 113.32855988, -7.93538046 ], [ 113.32855225, -7.93517113 ], [ 113.32852936, -7.9346118 ], [ 113.32853699, -7.9343071 ], [ 113.3285141, -7.93406439 ], [ 113.3285141, -7.9338212 ], [ 113.32849884, -7.93351364 ], [ 113.32843018, -7.93314886 ], [ 113.32839966, -7.9330821 ], [ 113.3282547, -7.93274736 ], [ 113.32826996, -7.93258333 ], [ 113.32827759, -7.93223953 ], [ 113.32818604, -7.93196297 ], [ 113.32805634, -7.93185902 ], [ 113.32794952, -7.93185806 ], [ 113.32783508, -7.93181229 ], [ 113.3277359, -7.93169451 ], [ 113.32738495, -7.93116951 ], [ 113.32727051, -7.93099308 ], [ 113.32698059, -7.93075323 ], [ 113.32666779, -7.93052959 ], [ 113.32647705, -7.93042326 ], [ 113.3263855, -7.93030214 ], [ 113.32637787, -7.93019772 ], [ 113.32637024, -7.93002748 ], [ 113.32627869, -7.92985535 ], [ 113.32614136, -7.92976093 ], [ 113.32595062, -7.92969704 ], [ 113.32568359, -7.92957687 ], [ 113.32550049, -7.92941284 ], [ 113.32545471, -7.92927265 ], [ 113.32535553, -7.92897606 ], [ 113.32518005, -7.92874908 ], [ 113.32501984, -7.92872238 ], [ 113.32433319, -7.92865467 ], [ 113.32424164, -7.92864561 ], [ 113.32415009, -7.92869139 ], [ 113.32392883, -7.92871618 ], [ 113.32374573, -7.9286375 ], [ 113.3234024, -7.92840528 ], [ 113.32273865, -7.92806149 ], [ 113.32215118, -7.9278574 ], [ 113.32157135, -7.92768526 ], [ 113.32146454, -7.92765808 ], [ 113.32062531, -7.92745066 ], [ 113.3196106, -7.9272809 ], [ 113.31874847, -7.92715788 ], [ 113.3179245, -7.92709875 ], [ 113.31694794, -7.92716646 ], [ 113.31590271, -7.92730618 ], [ 113.31529999, -7.92738485 ], [ 113.3147049, -7.92740393 ], [ 113.3143692, -7.92736816 ], [ 113.31381226, -7.92731333 ], [ 113.3132019, -7.92720461 ], [ 113.31233215, -7.92705011 ], [ 113.31159973, -7.92695808 ], [ 113.31069946, -7.92680359 ], [ 113.3105545, -7.92678165 ], [ 113.31005096, -7.9267025 ], [ 113.30930328, -7.92658806 ], [ 113.30828857, -7.92649746 ], [ 113.30742645, -7.92651844 ], [ 113.30645752, -7.92657995 ], [ 113.3066864, -7.92580986 ], [ 113.30683136, -7.92511988 ], [ 113.30684662, -7.92463017 ], [ 113.30680084, -7.92412996 ], [ 113.30658722, -7.92359018 ], [ 113.30635834, -7.92325926 ], [ 113.30612183, -7.92291021 ], [ 113.30596161, -7.9227581 ], [ 113.30549622, -7.92231989 ], [ 113.30465698, -7.92174006 ], [ 113.30400848, -7.92141008 ], [ 113.30364227, -7.92134142 ], [ 113.30354309, -7.92130995 ], [ 113.30342102, -7.92122555 ], [ 113.30332184, -7.92113018 ], [ 113.30303955, -7.92078018 ], [ 113.30290222, -7.92045021 ], [ 113.30293274, -7.92020988 ], [ 113.30267334, -7.91989994 ], [ 113.30220032, -7.91929007 ], [ 113.30207825, -7.91907978 ], [ 113.30197144, -7.9186902 ], [ 113.30191803, -7.91843557 ], [ 113.30182648, -7.91804981 ], [ 113.30178833, -7.91770983 ], [ 113.30174255, -7.91735983 ], [ 113.30171204, -7.91729021 ], [ 113.30162048, -7.91711998 ], [ 113.30107117, -7.91662979 ], [ 113.30075073, -7.91651011 ], [ 113.30042267, -7.91646004 ], [ 113.30019379, -7.91634989 ], [ 113.30001831, -7.91615009 ], [ 113.29994965, -7.91599989 ], [ 113.29994202, -7.91575003 ], [ 113.29994965, -7.91507006 ], [ 113.29997253, -7.91492987 ], [ 113.3000412, -7.91466999 ], [ 113.30030823, -7.91357994 ], [ 113.30042267, -7.91312981 ], [ 113.30043793, -7.91298008 ], [ 113.30045319, -7.91289997 ], [ 113.30049896, -7.91266012 ], [ 113.30062866, -7.9114399 ], [ 113.30059052, -7.91079998 ], [ 113.30057526, -7.91072273 ], [ 113.30049896, -7.91026211 ], [ 113.30065155, -7.90957403 ], [ 113.30072784, -7.9088645 ], [ 113.3006897, -7.90832472 ], [ 113.30062103, -7.9078021 ], [ 113.30062866, -7.90762663 ], [ 113.30063629, -7.9073801 ], [ 113.30063629, -7.90690756 ], [ 113.30068207, -7.90650225 ], [ 113.30064392, -7.90592909 ], [ 113.30064392, -7.90565872 ], [ 113.30064392, -7.90527105 ], [ 113.30063629, -7.9048152 ], [ 113.30060577, -7.90435982 ], [ 113.30059814, -7.90388727 ], [ 113.30064392, -7.90327978 ], [ 113.30066681, -7.90311241 ], [ 113.30069733, -7.90287447 ], [ 113.30072784, -7.90246916 ], [ 113.30092621, -7.9019618 ], [ 113.30097961, -7.90172529 ], [ 113.30104065, -7.90133667 ], [ 113.30105591, -7.90094852 ], [ 113.30104828, -7.90069199 ], [ 113.30106354, -7.90057993 ], [ 113.30101776, -7.90036011 ], [ 113.30101013, -7.90010977 ], [ 113.30095673, -7.89968014 ], [ 113.30065918, -7.89854002 ], [ 113.30063629, -7.89820004 ], [ 113.3006897, -7.89748001 ], [ 113.30075836, -7.89728022 ], [ 113.30092621, -7.89699984 ], [ 113.3010788, -7.89673996 ], [ 113.30113983, -7.89659977 ], [ 113.30106354, -7.89625978 ], [ 113.30106354, -7.8961401 ], [ 113.3010025, -7.89574003 ], [ 113.30091858, -7.89529991 ], [ 113.30098724, -7.89505005 ], [ 113.30103302, -7.89471006 ], [ 113.30098724, -7.89414978 ], [ 113.30092621, -7.89400005 ], [ 113.3008194, -7.89386988 ], [ 113.30053711, -7.89362001 ], [ 113.30049133, -7.89346981 ], [ 113.30049133, -7.89331007 ], [ 113.30052948, -7.89307022 ], [ 113.30065155, -7.89262009 ], [ 113.3009491, -7.89229012 ], [ 113.30117798, -7.89211988 ], [ 113.30152893, -7.89189005 ], [ 113.30196381, -7.89164019 ], [ 113.30252075, -7.89132023 ], [ 113.30304718, -7.89105988 ], [ 113.30343628, -7.89089012 ], [ 113.30393982, -7.89070988 ], [ 113.30448914, -7.89054012 ], [ 113.30496216, -7.89039993 ], [ 113.30519867, -7.89034081 ], [ 113.30548859, -7.89027023 ], [ 113.30583191, -7.89019012 ], [ 113.30634308, -7.89006996 ], [ 113.30683899, -7.88998985 ], [ 113.30732727, -7.88993979 ], [ 113.30818176, -7.88986015 ], [ 113.30937195, -7.88985014 ], [ 113.31021881, -7.88986015 ], [ 113.3110733, -7.89006996 ], [ 113.31128693, -7.89023018 ], [ 113.31160736, -7.89048004 ], [ 113.31240845, -7.89073992 ], [ 113.31345367, -7.89068985 ], [ 113.31401825, -7.8905201 ], [ 113.31417084, -7.89041948 ], [ 113.31450653, -7.89020014 ], [ 113.31497955, -7.88993979 ], [ 113.31533051, -7.88973999 ], [ 113.31565094, -7.88944006 ], [ 113.31562805, -7.88913012 ], [ 113.3155899, -7.88855982 ], [ 113.31559753, -7.88829994 ], [ 113.31561279, -7.88816977 ], [ 113.31552887, -7.88804007 ], [ 113.31546783, -7.88799 ], [ 113.31539154, -7.88795996 ], [ 113.31510162, -7.88785982 ], [ 113.31459045, -7.88767004 ], [ 113.31450653, -7.88764 ], [ 113.31400299, -7.88739014 ], [ 113.31388855, -7.88741016 ], [ 113.31356812, -7.8874898 ], [ 113.3134079, -7.8874402 ], [ 113.3132782, -7.88734007 ], [ 113.31324005, -7.88721991 ], [ 113.31311035, -7.88686991 ], [ 113.31286621, -7.88657999 ], [ 113.31272125, -7.88646984 ], [ 113.31242371, -7.88641024 ], [ 113.31208801, -7.8863802 ], [ 113.31201935, -7.88633013 ], [ 113.31186676, -7.88618994 ], [ 113.31156158, -7.88585997 ], [ 113.31118774, -7.88567019 ], [ 113.31082916, -7.88547277 ], [ 113.31157684, -7.88406038 ], [ 113.31373596, -7.88171482 ], [ 113.31380463, -7.88166428 ], [ 113.31541443, -7.88045788 ], [ 113.31590271, -7.87984085 ], [ 113.31628418, -7.87936783 ], [ 113.31638336, -7.87913609 ], [ 113.31648254, -7.87892103 ], [ 113.31697845, -7.87778997 ], [ 113.31716156, -7.87708235 ], [ 113.31729889, -7.87654018 ], [ 113.3174057, -7.87545443 ], [ 113.31750488, -7.87409735 ], [ 113.31749725, -7.87344599 ], [ 113.31747437, -7.87257624 ], [ 113.31743622, -7.87149334 ], [ 113.3170929, -7.86921597 ], [ 113.31642914, -7.86683226 ], [ 113.31532288, -7.86417913 ], [ 113.31336975, -7.86213875 ], [ 113.31378937, -7.86201 ], [ 113.31443787, -7.86184978 ], [ 113.31519318, -7.8617301 ], [ 113.31555176, -7.86175013 ], [ 113.31627655, -7.8618598 ], [ 113.31652832, -7.86203003 ], [ 113.31690216, -7.86214018 ], [ 113.31706238, -7.86223984 ], [ 113.31726074, -7.86234999 ], [ 113.31728363, -7.86245012 ], [ 113.31797028, -7.86280012 ], [ 113.31846619, -7.86310005 ], [ 113.31873322, -7.86317015 ], [ 113.31964111, -7.86327982 ], [ 113.32010651, -7.86331987 ], [ 113.32084656, -7.86337996 ], [ 113.3212738, -7.86337996 ], [ 113.32123566, -7.86391401 ], [ 113.32121277, -7.86424017 ], [ 113.32141876, -7.8645401 ], [ 113.3214035, -7.86477995 ], [ 113.32138824, -7.86517 ], [ 113.32135773, -7.86555004 ], [ 113.32128906, -7.86579227 ], [ 113.32124329, -7.86595011 ], [ 113.32122803, -7.86616898 ], [ 113.32111359, -7.86605406 ], [ 113.32103729, -7.86601305 ], [ 113.32093048, -7.86597252 ], [ 113.32079315, -7.86594009 ], [ 113.32062531, -7.86592436 ], [ 113.3203125, -7.86592627 ], [ 113.32006836, -7.8659277 ], [ 113.3199234, -7.86598635 ], [ 113.31987, -7.86606932 ], [ 113.31983185, -7.86619377 ], [ 113.31981659, -7.86630964 ], [ 113.31981659, -7.86639214 ], [ 113.31980896, -7.86658287 ], [ 113.31990051, -7.86672735 ], [ 113.31990051, -7.86680412 ], [ 113.31997681, -7.86701441 ], [ 113.32000732, -7.86717939 ], [ 113.32008362, -7.86758566 ], [ 113.32012177, -7.86800671 ], [ 113.32009125, -7.86836815 ], [ 113.32009125, -7.86874437 ], [ 113.32009125, -7.86900043 ], [ 113.31997681, -7.86951256 ], [ 113.31991577, -7.8697238 ], [ 113.31988525, -7.86982918 ], [ 113.31978607, -7.87056732 ], [ 113.31996918, -7.87074661 ], [ 113.32015228, -7.870821 ], [ 113.32026672, -7.87094069 ], [ 113.32048035, -7.87111998 ], [ 113.32080078, -7.87123871 ], [ 113.32128143, -7.87132645 ], [ 113.32141876, -7.87132549 ], [ 113.32161713, -7.87149 ], [ 113.32162476, -7.87156439 ], [ 113.32163239, -7.87172365 ], [ 113.3216629, -7.87203169 ], [ 113.32167053, -7.87230253 ], [ 113.32165527, -7.87249851 ], [ 113.32165527, -7.87291956 ], [ 113.32159424, -7.87315273 ], [ 113.32159424, -7.87347698 ], [ 113.32185364, -7.87376165 ], [ 113.32211304, -7.87393427 ], [ 113.32232666, -7.87402964 ], [ 113.32306671, -7.87425137 ], [ 113.32315063, -7.87431622 ], [ 113.3234024, -7.87450552 ], [ 113.32377625, -7.87490988 ], [ 113.32392883, -7.87516356 ], [ 113.3241272, -7.87550116 ], [ 113.3243103, -7.87582159 ], [ 113.32437897, -7.87589073 ], [ 113.32429504, -7.87645721 ], [ 113.32416534, -7.87680674 ], [ 113.32398224, -7.87771082 ], [ 113.32308197, -7.87899208 ], [ 113.32280731, -7.87948132 ], [ 113.32280731, -7.8797698 ], [ 113.32279205, -7.87991953 ], [ 113.32276154, -7.88022995 ], [ 113.32283783, -7.88036013 ], [ 113.32302094, -7.88044977 ], [ 113.3230896, -7.88053989 ], [ 113.32334137, -7.88060999 ], [ 113.32366943, -7.88056469 ], [ 113.32466125, -7.88073444 ], [ 113.32587433, -7.88082838 ], [ 113.32596588, -7.88083553 ], [ 113.32720947, -7.88082838 ], [ 113.32748413, -7.88082695 ], [ 113.32810211, -7.88082361 ], [ 113.32930756, -7.88074446 ], [ 113.33009338, -7.88071632 ], [ 113.33172607, -7.88059902 ], [ 113.33224487, -7.88036728 ], [ 113.33291626, -7.87995386 ], [ 113.33358002, -7.87949276 ], [ 113.3338089, -7.87920237 ], [ 113.333992, -7.87876987 ], [ 113.33426666, -7.8787899 ], [ 113.3345108, -7.87889004 ], [ 113.33470154, -7.87905979 ], [ 113.33498383, -7.87938833 ], [ 113.33503723, -7.87944984 ], [ 113.33531952, -7.87977982 ], [ 113.33551788, -7.87989998 ], [ 113.33579254, -7.87997007 ], [ 113.33609009, -7.8800602 ], [ 113.33624268, -7.88017988 ], [ 113.3363266, -7.88035011 ], [ 113.33638763, -7.88059998 ], [ 113.33651733, -7.8812499 ], [ 113.33659363, -7.88150978 ], [ 113.33654785, -7.88167 ], [ 113.33637238, -7.88225985 ], [ 113.33637238, -7.88255978 ], [ 113.33643341, -7.88298988 ], [ 113.3365097, -7.88314247 ], [ 113.33670807, -7.88332987 ], [ 113.33679962, -7.88345003 ], [ 113.33680725, -7.88359022 ], [ 113.33676147, -7.88373995 ], [ 113.33661652, -7.88404989 ], [ 113.33660889, -7.88446999 ], [ 113.33690643, -7.88476992 ], [ 113.3370285, -7.88491011 ], [ 113.33706665, -7.8849802 ], [ 113.33714294, -7.88500977 ], [ 113.33722687, -7.88513994 ], [ 113.33734894, -7.88534021 ], [ 113.33738708, -7.88557005 ], [ 113.33746338, -7.88600016 ], [ 113.33750916, -7.88626003 ], [ 113.33747864, -7.88654995 ], [ 113.33746338, -7.88667011 ], [ 113.33750153, -7.88683987 ], [ 113.33765411, -7.88703632 ], [ 113.33770752, -7.88711023 ], [ 113.33786011, -7.88727999 ], [ 113.33798981, -7.88753986 ], [ 113.33818054, -7.88794994 ], [ 113.33821106, -7.88808012 ], [ 113.33823395, -7.88841009 ], [ 113.33824921, -7.88873005 ], [ 113.33824921, -7.8888998 ], [ 113.33824921, -7.88897467 ], [ 113.33827209, -7.88915825 ], [ 113.33834076, -7.88928986 ], [ 113.33853149, -7.88951015 ], [ 113.33872223, -7.88963985 ], [ 113.33892059, -7.88972998 ], [ 113.33899689, -7.88976002 ], [ 113.33927155, -7.88998985 ], [ 113.3395462, -7.89042997 ], [ 113.33966827, -7.89073992 ], [ 113.33969116, -7.89092016 ], [ 113.33968353, -7.89127016 ], [ 113.33972168, -7.89134979 ], [ 113.33998108, -7.89145994 ], [ 113.34059906, -7.89141989 ], [ 113.34126282, -7.89133978 ], [ 113.34205627, -7.89120007 ], [ 113.34238434, -7.89113522 ], [ 113.34280396, -7.89105606 ], [ 113.34346771, -7.89098978 ], [ 113.3443985, -7.89099979 ], [ 113.34528351, -7.89108992 ], [ 113.34584045, -7.89108992 ], [ 113.34632111, -7.89104986 ], [ 113.34658051, -7.8910203 ], [ 113.34684753, -7.89098978 ], [ 113.34705353, -7.8908 ], [ 113.34738922, -7.89063978 ], [ 113.34783173, -7.89042997 ], [ 113.34854126, -7.88972998 ], [ 113.34963226, -7.88948011 ], [ 113.35060883, -7.88922977 ], [ 113.35086823, -7.88918352 ], [ 113.35150909, -7.88906765 ], [ 113.35166168, -7.88903999 ], [ 113.35218811, -7.88898754 ], [ 113.35221863, -7.88849735 ], [ 113.3518219, -7.88838816 ], [ 113.3518219, -7.88772154 ], [ 113.35232544, -7.88766336 ], [ 113.35237122, -7.88699627 ], [ 113.35192871, -7.88677692 ], [ 113.35186768, -7.88622189 ], [ 113.35158539, -7.88589001 ], [ 113.35177612, -7.88540649 ], [ 113.35191345, -7.88505507 ], [ 113.3536911, -7.88609076 ], [ 113.35695648, -7.88799953 ], [ 113.35693359, -7.88829994 ], [ 113.35681915, -7.8888402 ], [ 113.35665131, -7.88957024 ], [ 113.35749817, -7.8898201 ], [ 113.35793304, -7.88995981 ], [ 113.35827637, -7.89006996 ], [ 113.35932922, -7.89039993 ], [ 113.36047363, -7.89070988 ], [ 113.36128235, -7.89086676 ], [ 113.36155701, -7.89092016 ], [ 113.36269379, -7.89112997 ], [ 113.36367798, -7.89127016 ], [ 113.36386871, -7.89129019 ], [ 113.36470795, -7.89139986 ], [ 113.36540985, -7.89144993 ], [ 113.3658905, -7.89145994 ], [ 113.36595154, -7.89131021 ], [ 113.36624146, -7.89087009 ], [ 113.36641693, -7.8906827 ], [ 113.366539, -7.89055014 ], [ 113.36720276, -7.89015007 ], [ 113.36768341, -7.8899498 ], [ 113.36785126, -7.88995981 ], [ 113.36815643, -7.88995981 ], [ 113.36878967, -7.8898201 ], [ 113.36895752, -7.8896699 ], [ 113.369133, -7.88945007 ], [ 113.36933899, -7.88906002 ], [ 113.36943054, -7.8888998 ], [ 113.36958313, -7.88882017 ], [ 113.36969757, -7.88885021 ], [ 113.37030792, -7.88895988 ], [ 113.37056732, -7.88883018 ], [ 113.37064362, -7.88870001 ], [ 113.37062836, -7.8884902 ], [ 113.37065887, -7.88837004 ], [ 113.37075806, -7.88805389 ], [ 113.37091064, -7.88758993 ], [ 113.37114716, -7.88711977 ], [ 113.37140656, -7.88676023 ], [ 113.37162018, -7.88639021 ], [ 113.37195587, -7.88553858 ], [ 113.37202454, -7.88526773 ], [ 113.37223053, -7.88448 ], [ 113.37256622, -7.88401985 ], [ 113.37299347, -7.88351011 ], [ 113.37320709, -7.88337994 ], [ 113.37339783, -7.88336992 ], [ 113.37364197, -7.88341999 ], [ 113.37419128, -7.88359022 ], [ 113.37447357, -7.88352013 ], [ 113.3745575, -7.88346004 ], [ 113.37480164, -7.88360977 ], [ 113.375, -7.88373995 ], [ 113.37512207, -7.88382006 ], [ 113.37528992, -7.88403988 ], [ 113.37612915, -7.88507986 ], [ 113.37628174, -7.88525009 ], [ 113.37654114, -7.88539982 ], [ 113.37683105, -7.88552999 ], [ 113.37699127, -7.8856802 ], [ 113.37709045, -7.88600016 ], [ 113.37705994, -7.88649988 ], [ 113.37686157, -7.88698006 ], [ 113.37671661, -7.88730001 ], [ 113.37667084, -7.88746977 ], [ 113.37669373, -7.88762999 ], [ 113.37676239, -7.88769007 ], [ 113.37702179, -7.88770008 ], [ 113.37753296, -7.88764 ], [ 113.3784256, -7.88748503 ], [ 113.37850952, -7.88746977 ], [ 113.37917328, -7.88743019 ], [ 113.37937164, -7.88743019 ], [ 113.37982178, -7.88749981 ], [ 113.38040161, -7.88769007 ], [ 113.3806076, -7.88777018 ], [ 113.38072968, -7.88784981 ], [ 113.38079071, -7.88807011 ], [ 113.38078308, -7.88827991 ], [ 113.38076019, -7.88851023 ], [ 113.38076019, -7.88878012 ], [ 113.38070679, -7.88909006 ], [ 113.3807373, -7.88918018 ], [ 113.38089752, -7.88923979 ], [ 113.38128662, -7.88921022 ], [ 113.38146973, -7.88921022 ], [ 113.38191986, -7.88951015 ], [ 113.38210297, -7.88957977 ], [ 113.38227844, -7.8895402 ], [ 113.38252258, -7.88944006 ], [ 113.38259888, -7.88938999 ], [ 113.38285065, -7.8888402 ], [ 113.38339996, -7.88809013 ], [ 113.38378906, -7.88769007 ], [ 113.38394928, -7.8874898 ], [ 113.38391876, -7.88655996 ], [ 113.38398743, -7.88645983 ], [ 113.38419342, -7.88635015 ], [ 113.38477325, -7.88604021 ], [ 113.38500977, -7.88606024 ], [ 113.38510132, -7.8860898 ], [ 113.38527679, -7.88625002 ], [ 113.38551331, -7.88712978 ], [ 113.38572693, -7.88765001 ], [ 113.38578033, -7.88781977 ], [ 113.38580322, -7.88801003 ], [ 113.38585663, -7.88817978 ], [ 113.38614655, -7.88850021 ], [ 113.38635254, -7.8886199 ], [ 113.38658905, -7.8885498 ], [ 113.38687897, -7.88838005 ], [ 113.38703918, -7.88827991 ], [ 113.38748932, -7.88822985 ], [ 113.38768005, -7.88809633 ], [ 113.38789368, -7.88794994 ], [ 113.38803864, -7.88783979 ], [ 113.38822937, -7.88784981 ], [ 113.38864899, -7.8882699 ], [ 113.38886261, -7.88843012 ], [ 113.3889389, -7.88845015 ], [ 113.38912964, -7.88839006 ], [ 113.38954163, -7.88805008 ], [ 113.38970184, -7.88792992 ], [ 113.38987732, -7.88782978 ], [ 113.39016724, -7.88751984 ], [ 113.39031219, -7.88729 ], [ 113.39038849, -7.88711023 ], [ 113.39050293, -7.88700008 ], [ 113.39069366, -7.88689995 ], [ 113.39102173, -7.88687992 ], [ 113.3915329, -7.88705015 ], [ 113.39176941, -7.8871398 ], [ 113.39196014, -7.8871398 ], [ 113.39211273, -7.88707018 ], [ 113.39221191, -7.88697004 ], [ 113.39230347, -7.88662004 ], [ 113.39231873, -7.88636017 ], [ 113.39231873, -7.88618994 ], [ 113.39240265, -7.88609982 ], [ 113.39253998, -7.8860302 ], [ 113.39282227, -7.88602018 ], [ 113.39306641, -7.88610983 ], [ 113.39335632, -7.88654995 ], [ 113.39344025, -7.88665009 ], [ 113.39360809, -7.88672018 ], [ 113.39418793, -7.88669014 ], [ 113.3944397, -7.88670015 ], [ 113.3945694, -7.88673019 ], [ 113.39463806, -7.88676977 ], [ 113.39463806, -7.88704014 ], [ 113.39517212, -7.88780022 ], [ 113.3953476, -7.88797998 ], [ 113.39562225, -7.88816977 ], [ 113.39585876, -7.8882699 ], [ 113.39608002, -7.88828993 ], [ 113.39626312, -7.88822985 ], [ 113.39642334, -7.88867998 ], [ 113.39653778, -7.88902998 ], [ 113.39674377, -7.88957024 ], [ 113.39703369, -7.89037991 ], [ 113.39733124, -7.89118004 ], [ 113.39772034, -7.89214993 ], [ 113.39821625, -7.89319992 ], [ 113.39840698, -7.89394999 ], [ 113.39852142, -7.89409351 ], [ 113.39880371, -7.89446306 ], [ 113.39881134, -7.89503002 ], [ 113.39884186, -7.8951602 ], [ 113.39891052, -7.89529991 ], [ 113.39916992, -7.89552021 ], [ 113.3995285, -7.89581013 ], [ 113.39994049, -7.89634991 ], [ 113.40065765, -7.89830017 ], [ 113.40077972, -7.89870024 ], [ 113.40093994, -7.89926004 ], [ 113.40100098, -7.89945984 ], [ 113.40107727, -7.89985991 ], [ 113.40110016, -7.90002012 ], [ 113.40117645, -7.90016985 ], [ 113.40146637, -7.90038013 ], [ 113.40180969, -7.9014802 ], [ 113.40215302, -7.90229988 ], [ 113.40274811, -7.90318012 ], [ 113.40313721, -7.90477991 ], [ 113.40319824, -7.90491009 ], [ 113.40326691, -7.90497017 ], [ 113.40348816, -7.90498018 ], [ 113.40379333, -7.90492153 ], [ 113.40400696, -7.90488005 ], [ 113.40431213, -7.90478992 ], [ 113.40476227, -7.90472984 ], [ 113.404953, -7.90471983 ], [ 113.4052887, -7.90473986 ], [ 113.40582275, -7.90471983 ], [ 113.40608215, -7.90474987 ], [ 113.40641785, -7.90487003 ], [ 113.40656281, -7.90495014 ], [ 113.40661621, -7.90514994 ], [ 113.40655518, -7.90542984 ], [ 113.40646362, -7.90585995 ], [ 113.40615845, -7.90656996 ], [ 113.40608978, -7.90676022 ], [ 113.40609741, -7.90686989 ], [ 113.40628052, -7.90706015 ], [ 113.40643311, -7.9073 ], [ 113.40660095, -7.90754986 ], [ 113.40711212, -7.90788984 ], [ 113.40724182, -7.90826988 ], [ 113.40734863, -7.90860987 ], [ 113.4074173, -7.90883017 ], [ 113.40753937, -7.90909004 ], [ 113.40775299, -7.90930986 ], [ 113.40805817, -7.90952015 ], [ 113.40892029, -7.90983009 ], [ 113.40930176, -7.90997982 ], [ 113.40947723, -7.91009998 ], [ 113.40956116, -7.91020012 ], [ 113.40959167, -7.91035986 ], [ 113.40955353, -7.91055012 ], [ 113.40943146, -7.91092014 ], [ 113.4094162, -7.91110992 ], [ 113.40946198, -7.91125011 ], [ 113.41002655, -7.91189003 ], [ 113.41020203, -7.91204023 ], [ 113.4105072, -7.9122901 ], [ 113.41065216, -7.91243982 ], [ 113.41072083, -7.91290998 ], [ 113.41053009, -7.91305017 ], [ 113.41042328, -7.91313982 ], [ 113.41023254, -7.91332006 ], [ 113.41014099, -7.91341019 ], [ 113.41004181, -7.91352987 ], [ 113.4098587, -7.91378021 ], [ 113.40978241, -7.9138999 ], [ 113.40969849, -7.91403008 ], [ 113.40892792, -7.91442013 ], [ 113.40923309, -7.91492987 ], [ 113.40950775, -7.91531992 ], [ 113.41001129, -7.91597509 ], [ 113.41021729, -7.91625023 ], [ 113.41055298, -7.9169898 ], [ 113.41066742, -7.91726017 ], [ 113.41091919, -7.91772985 ], [ 113.41117096, -7.91823006 ], [ 113.41163635, -7.91901016 ], [ 113.41259766, -7.9200902 ], [ 113.4131012, -7.92090988 ], [ 113.41332245, -7.92128992 ], [ 113.4134903, -7.92154741 ], [ 113.41387177, -7.92212009 ], [ 113.41436005, -7.92287016 ], [ 113.41452026, -7.9236002 ], [ 113.41468811, -7.92424011 ], [ 113.41474915, -7.92461872 ], [ 113.41484833, -7.92521 ], [ 113.41509247, -7.92620993 ], [ 113.41560364, -7.92705107 ], [ 113.41589355, -7.9275198 ], [ 113.41651917, -7.92858982 ], [ 113.41710663, -7.92958021 ], [ 113.41748047, -7.93056011 ], [ 113.41770935, -7.93141985 ], [ 113.41786194, -7.93201017 ], [ 113.41790771, -7.93265009 ], [ 113.41819, -7.93324995 ], [ 113.41876984, -7.93420982 ], [ 113.41928864, -7.93486977 ], [ 113.41969299, -7.93577003 ], [ 113.41983032, -7.93627977 ], [ 113.41993713, -7.93665981 ], [ 113.42002869, -7.93741608 ], [ 113.42003632, -7.93748999 ], [ 113.4201889, -7.93832016 ], [ 113.42034149, -7.93899012 ], [ 113.42050171, -7.93943977 ], [ 113.42092896, -7.94034004 ], [ 113.42118073, -7.94051981 ], [ 113.4213562, -7.9409399 ], [ 113.42140198, -7.94114017 ], [ 113.4214325, -7.9412899 ], [ 113.42159271, -7.94156981 ], [ 113.42179871, -7.94178009 ], [ 113.42199707, -7.94215012 ], [ 113.42289734, -7.94351006 ], [ 113.42371368, -7.94497013 ], [ 113.42388153, -7.94567013 ], [ 113.42417908, -7.94639015 ], [ 113.42415619, -7.94663811 ], [ 113.42411804, -7.94692326 ], [ 113.42411041, -7.94702005 ], [ 113.42398071, -7.94766998 ], [ 113.42395782, -7.94822979 ], [ 113.42420959, -7.94862986 ], [ 113.42440033, -7.94936991 ], [ 113.42456818, -7.94995022 ], [ 113.42456055, -7.95059013 ], [ 113.42459106, -7.9513998 ], [ 113.42459106, -7.95163012 ], [ 113.42481995, -7.9520998 ], [ 113.42534637, -7.95263004 ], [ 113.42569733, -7.95318985 ], [ 113.4258194, -7.95338011 ], [ 113.42614746, -7.95382977 ], [ 113.42648315, -7.95430994 ], [ 113.42671967, -7.95493984 ], [ 113.42716217, -7.95577002 ], [ 113.42756653, -7.95672989 ], [ 113.427742, -7.9573102 ], [ 113.42788696, -7.95780993 ], [ 113.42814636, -7.95913982 ], [ 113.4282608, -7.95986986 ], [ 113.42829895, -7.96046019 ], [ 113.42832947, -7.96136999 ], [ 113.42838287, -7.96170998 ], [ 113.42839813, -7.96183014 ], [ 113.4285202, -7.96202993 ], [ 113.4287262, -7.96240997 ], [ 113.42902374, -7.96271992 ], [ 113.42904663, -7.96285009 ], [ 113.42906189, -7.96296978 ], [ 113.42935944, -7.96351337 ], [ 113.42978668, -7.96429014 ], [ 113.42993164, -7.96448994 ], [ 113.43013, -7.96491003 ], [ 113.43066406, -7.96594858 ], [ 113.43096161, -7.966362 ], [ 113.43148041, -7.96706009 ], [ 113.43222809, -7.96822023 ], [ 113.43273163, -7.96899986 ], [ 113.43286133, -7.96921015 ], [ 113.43315125, -7.96962976 ], [ 113.4332428, -7.96981001 ], [ 113.43334961, -7.9700799 ], [ 113.4336319, -7.97080231 ], [ 113.43383789, -7.97135019 ], [ 113.43398285, -7.97187996 ], [ 113.43409729, -7.97217989 ], [ 113.43419647, -7.9724102 ], [ 113.43473816, -7.9730401 ], [ 113.43489075, -7.9731102 ], [ 113.43489838, -7.9732399 ], [ 113.43489075, -7.97337008 ], [ 113.43496704, -7.97342014 ], [ 113.43543243, -7.97349977 ], [ 113.43590546, -7.97342634 ], [ 113.43601227, -7.97341013 ], [ 113.43618774, -7.97340012 ], [ 113.4363327, -7.9735198 ], [ 113.4365387, -7.97379017 ], [ 113.4365387, -7.97405005 ], [ 113.43654633, -7.97422981 ], [ 113.43663025, -7.97435999 ], [ 113.43681335, -7.97445011 ], [ 113.43733978, -7.97426987 ], [ 113.43753052, -7.97420979 ], [ 113.43771362, -7.97427988 ], [ 113.4377594, -7.97446012 ], [ 113.43778992, -7.97455978 ], [ 113.43797302, -7.97468996 ], [ 113.43830872, -7.97464991 ], [ 113.4386673, -7.97478008 ], [ 113.43936157, -7.9753232 ], [ 113.43942261, -7.97536993 ], [ 113.43994141, -7.97596979 ], [ 113.44059753, -7.97684669 ], [ 113.4408493, -7.97719002 ], [ 113.44158936, -7.97836018 ], [ 113.44207764, -7.97932005 ], [ 113.44210052, -7.97941017 ], [ 113.44225311, -7.9799304 ], [ 113.44241333, -7.98049021 ], [ 113.44255066, -7.98091412 ], [ 113.44296265, -7.98213005 ], [ 113.44425201, -7.98378992 ], [ 113.44445801, -7.98421001 ], [ 113.44470978, -7.98553991 ], [ 113.44477081, -7.98601007 ], [ 113.44484711, -7.98669004 ], [ 113.4447937, -7.98731995 ], [ 113.44477081, -7.98774004 ], [ 113.44480896, -7.98791981 ], [ 113.44486237, -7.98818016 ], [ 113.44496918, -7.98873997 ], [ 113.44570923, -7.9889698 ], [ 113.44589996, -7.98901987 ], [ 113.44628143, -7.98894978 ], [ 113.44693756, -7.98898983 ], [ 113.44728088, -7.98906994 ], [ 113.44753265, -7.98912001 ], [ 113.44772339, -7.98918009 ], [ 113.44814301, -7.98944998 ], [ 113.44834137, -7.98960018 ], [ 113.44904327, -7.98967981 ], [ 113.44924927, -7.98971987 ], [ 113.44944, -7.98979998 ], [ 113.44965363, -7.98998022 ], [ 113.4496994, -7.99003983 ], [ 113.44976044, -7.99012995 ], [ 113.45002747, -7.99046993 ], [ 113.45050812, -7.99085999 ], [ 113.45079041, -7.9910202 ], [ 113.45121765, -7.99110985 ], [ 113.45139313, -7.99109983 ], [ 113.45191956, -7.99064016 ], [ 113.45204163, -7.99054003 ], [ 113.45230103, -7.99033022 ], [ 113.4524231, -7.9902401 ], [ 113.45297241, -7.99014997 ], [ 113.45319366, -7.99018002 ], [ 113.45340729, -7.99027014 ], [ 113.45362091, -7.99038982 ], [ 113.45401001, -7.99053001 ], [ 113.45417786, -7.99054003 ], [ 113.45465088, -7.9902091 ], [ 113.45487976, -7.99004984 ], [ 113.45496368, -7.99000978 ], [ 113.45513153, -7.98994017 ], [ 113.45523071, -7.98993015 ], [ 113.45546722, -7.98999977 ], [ 113.45552826, -7.99003983 ], [ 113.45632935, -7.99039984 ], [ 113.45664215, -7.99049997 ], [ 113.45690918, -7.9905901 ], [ 113.45722961, -7.99060011 ], [ 113.45757294, -7.99056005 ], [ 113.45773315, -7.99061012 ], [ 113.45787811, -7.99076986 ], [ 113.45793152, -7.99097013 ], [ 113.45799255, -7.99120998 ], [ 113.45802307, -7.99129009 ], [ 113.45807648, -7.99139023 ], [ 113.4581604, -7.9914999 ], [ 113.45835876, -7.99171019 ], [ 113.45858002, -7.99179983 ], [ 113.4588089, -7.99187994 ], [ 113.45886993, -7.99196005 ], [ 113.45932007, -7.99301004 ], [ 113.45950317, -7.99339008 ], [ 113.45957184, -7.99350977 ], [ 113.45983124, -7.99358988 ], [ 113.4599762, -7.99369001 ], [ 113.46002197, -7.99416018 ], [ 113.46013641, -7.99444008 ], [ 113.46022034, -7.99461985 ], [ 113.46034241, -7.99490023 ], [ 113.46080017, -7.99525023 ], [ 113.46099091, -7.99533987 ], [ 113.46130371, -7.99530983 ], [ 113.46141815, -7.99529982 ], [ 113.46172333, -7.9952302 ], [ 113.46189117, -7.99525023 ], [ 113.46231842, -7.9953599 ], [ 113.46251678, -7.99538994 ], [ 113.46279907, -7.99544001 ], [ 113.46295929, -7.9955101 ], [ 113.46302795, -7.99554014 ], [ 113.46315765, -7.9956398 ], [ 113.46330261, -7.99590015 ], [ 113.46337891, -7.99611998 ], [ 113.46350098, -7.99626017 ], [ 113.46357727, -7.99630022 ], [ 113.46392822, -7.99623013 ], [ 113.4641037, -7.99620008 ], [ 113.46443176, -7.99646997 ], [ 113.4646225, -7.99665022 ], [ 113.4647522, -7.99670982 ], [ 113.46494293, -7.9966898 ], [ 113.46530914, -7.99631023 ], [ 113.46573639, -7.99592018 ], [ 113.4659729, -7.99576998 ], [ 113.46630096, -7.99566984 ], [ 113.46640778, -7.99567986 ], [ 113.46672058, -7.99579 ], [ 113.46710968, -7.99592018 ], [ 113.4673996, -7.99596024 ], [ 113.46755219, -7.99594021 ], [ 113.467659, -7.9958601 ], [ 113.46777344, -7.99566984 ], [ 113.46782684, -7.99553013 ], [ 113.46804047, -7.99531984 ], [ 113.46820831, -7.99519539 ], [ 113.46826935, -7.99515009 ], [ 113.46888733, -7.9949398 ], [ 113.46906281, -7.99487019 ], [ 113.46946716, -7.99435997 ], [ 113.46963501, -7.99412441 ], [ 113.4699173, -7.99388981 ], [ 113.4701767, -7.99381018 ], [ 113.47058868, -7.9938798 ], [ 113.47097778, -7.99407005 ], [ 113.47162628, -7.99445009 ], [ 113.47184753, -7.99456978 ], [ 113.47212982, -7.99460983 ], [ 113.47238159, -7.99459982 ], [ 113.47257996, -7.9945302 ], [ 113.47270203, -7.99439001 ], [ 113.47280121, -7.99396992 ], [ 113.47289276, -7.99350023 ], [ 113.47273254, -7.99311829 ], [ 113.47267914, -7.99300003 ], [ 113.47255707, -7.99256992 ], [ 113.47254181, -7.99234009 ], [ 113.47260284, -7.99216986 ], [ 113.47277069, -7.99191999 ], [ 113.47297668, -7.99171019 ], [ 113.47316742, -7.99152994 ], [ 113.47354126, -7.99129009 ], [ 113.47367859, -7.99122 ], [ 113.47389984, -7.99113989 ], [ 113.47406006, -7.99107981 ], [ 113.47420502, -7.9910326 ], [ 113.47427368, -7.99101019 ], [ 113.47440338, -7.99081993 ], [ 113.47444916, -7.9907198 ], [ 113.47479248, -7.99054003 ], [ 113.47509003, -7.99048996 ], [ 113.47583008, -7.99033022 ], [ 113.47627258, -7.99033022 ], [ 113.47660065, -7.99035978 ], [ 113.47686768, -7.99037981 ], [ 113.47731781, -7.99040985 ], [ 113.47779846, -7.99073982 ], [ 113.47821808, -7.99097013 ], [ 113.47870636, -7.99144983 ], [ 113.47894287, -7.99168015 ], [ 113.4793396, -7.99191999 ], [ 113.4797821, -7.99205017 ], [ 113.48001862, -7.99211979 ], [ 113.48042297, -7.99240303 ], [ 113.47989655, -7.99278975 ], [ 113.47920227, -7.9938364 ], [ 113.47865295, -7.99457073 ], [ 113.47795105, -7.99522114 ], [ 113.47732544, -7.9957509 ], [ 113.47666931, -7.99618149 ], [ 113.47636414, -7.99654007 ], [ 113.47627258, -7.99693012 ], [ 113.47634888, -7.99744081 ], [ 113.47660065, -7.99786568 ], [ 113.47719574, -7.99856234 ], [ 113.47802734, -7.9994278 ], [ 113.47826385, -7.99972677 ], [ 113.47848511, -8.00000095 ], [ 113.47919464, -8.00089645 ], [ 113.47968292, -8.00206661 ], [ 113.48014069, -8.00326633 ], [ 113.48066711, -8.00485706 ], [ 113.48079681, -8.00517082 ], [ 113.48121643, -8.00617695 ], [ 113.48146057, -8.00680637 ], [ 113.48167419, -8.00725651 ], [ 113.4818573, -8.00776196 ], [ 113.48192596, -8.00795269 ], [ 113.48200989, -8.00824833 ], [ 113.48205566, -8.00855446 ], [ 113.48205566, -8.00869942 ], [ 113.48205566, -8.00877666 ], [ 113.48207092, -8.00899982 ], [ 113.48209381, -8.00942993 ], [ 113.48204803, -8.0096817 ], [ 113.48195648, -8.00995922 ], [ 113.48178864, -8.01022148 ], [ 113.48150635, -8.01043034 ], [ 113.48117828, -8.01050282 ], [ 113.4809494, -8.01060009 ], [ 113.48066711, -8.01067829 ], [ 113.48030853, -8.01080132 ], [ 113.47999573, -8.01096249 ], [ 113.4799118, -8.0111227 ], [ 113.47984314, -8.01137161 ], [ 113.4797821, -8.01166821 ], [ 113.4797287, -8.01198387 ], [ 113.47970581, -8.01231766 ], [ 113.47971344, -8.01272869 ], [ 113.47970581, -8.01329899 ], [ 113.47976685, -8.01368713 ], [ 113.47979736, -8.01404381 ], [ 113.47975159, -8.01436901 ], [ 113.4797287, -8.01466274 ], [ 113.4797287, -8.01490784 ], [ 113.47975922, -8.01509857 ], [ 113.47982788, -8.01545143 ], [ 113.47989655, -8.01589394 ], [ 113.47989655, -8.01619339 ], [ 113.47988129, -8.01646805 ], [ 113.47979736, -8.01683426 ], [ 113.47964478, -8.01720142 ], [ 113.47956848, -8.01738071 ], [ 113.47939301, -8.01764011 ], [ 113.47924805, -8.01779652 ], [ 113.47901154, -8.01810741 ], [ 113.47887421, -8.01829338 ], [ 113.47872162, -8.01845932 ], [ 113.47858429, -8.01860332 ], [ 113.47843933, -8.01874161 ], [ 113.47815704, -8.01893806 ], [ 113.47794342, -8.01905727 ], [ 113.47774506, -8.01922035 ], [ 113.4774704, -8.01937199 ], [ 113.47714996, -8.0195303 ], [ 113.47679901, -8.01969814 ], [ 113.47650909, -8.01987839 ], [ 113.47625732, -8.02000999 ], [ 113.47595215, -8.02016163 ], [ 113.4756012, -8.02033615 ], [ 113.47529602, -8.02043056 ], [ 113.47505188, -8.02057552 ], [ 113.47484589, -8.02069092 ], [ 113.47454834, -8.0208807 ], [ 113.47423553, -8.0210619 ], [ 113.47402191, -8.02116489 ], [ 113.47371674, -8.02130699 ], [ 113.47345734, -8.02144527 ], [ 113.4731369, -8.02164173 ], [ 113.47283173, -8.02177429 ], [ 113.47239685, -8.02199078 ], [ 113.47208405, -8.02209091 ], [ 113.4717865, -8.02221107 ], [ 113.47124481, -8.02232552 ] ] ] ] } },
{ "type": "Feature", "properties": { "GID_0": "IDN", "NAME_0": "Indonesia", "GID_1": "IDN.11_1", "NAME_1": "Jawa Timur", "NL_NAME_1": null, "GID_2": "IDN.11.30_1", "NAME_2": "Probolinggo", "NL_NAME_2": null, "GID_3": "IDN.11.30.23_1", "NAME_3": "Tongas", "VARNAME_3": null, "NL_NAME_3": null, "TYPE_3": "Kecamatan", "ENGTYPE_3": "Sub-district", "CC_3": "3513230", "HASC_3": null }, "geometry": { "type": "MultiPolygon", "coordinates": [ [ [ [ 113.04942322, -7.81003904 ], [ 113.04943085, -7.80956745 ], [ 113.04941559, -7.80894184 ], [ 113.04944611, -7.80835104 ], [ 113.04959106, -7.80806923 ], [ 113.04971313, -7.80789852 ], [ 113.04975891, -7.80783081 ], [ 113.05000305, -7.80745554 ], [ 113.05017853, -7.80718708 ], [ 113.05027771, -7.80697393 ], [ 113.05049133, -7.80661631 ], [ 113.0508194, -7.80622864 ], [ 113.05103302, -7.80617523 ], [ 113.05123901, -7.80606556 ], [ 113.05123901, -7.80591917 ], [ 113.05115509, -7.80583286 ], [ 113.05110168, -7.80578089 ], [ 113.05104828, -7.80566883 ], [ 113.05103302, -7.80547905 ], [ 113.05098724, -7.8047781 ], [ 113.05081177, -7.80453491 ], [ 113.0506897, -7.8044858 ], [ 113.0504837, -7.80453157 ], [ 113.05039978, -7.80457211 ], [ 113.05025482, -7.80463839 ], [ 113.04995728, -7.80475903 ], [ 113.04962158, -7.80478811 ], [ 113.04943085, -7.80471611 ], [ 113.04915619, -7.80447292 ], [ 113.04901886, -7.80427456 ], [ 113.0489502, -7.8040781 ], [ 113.0490036, -7.80400324 ], [ 113.04927826, -7.80370188 ], [ 113.04954529, -7.80341434 ], [ 113.04986572, -7.80292749 ], [ 113.05004883, -7.80266857 ], [ 113.05078125, -7.80182791 ], [ 113.05119324, -7.80100918 ], [ 113.05142975, -7.80052662 ], [ 113.0515213, -7.80045462 ], [ 113.05162811, -7.800354 ], [ 113.05175018, -7.80024242 ], [ 113.05173492, -7.80002117 ], [ 113.05167389, -7.79990196 ], [ 113.05149078, -7.79958248 ], [ 113.05147552, -7.79931784 ], [ 113.05155182, -7.79864168 ], [ 113.0515213, -7.79822636 ], [ 113.05156708, -7.79798222 ], [ 113.051651, -7.79791069 ], [ 113.05187988, -7.79769802 ], [ 113.05202484, -7.79755735 ], [ 113.05211639, -7.7974124 ], [ 113.05223846, -7.79708767 ], [ 113.0524292, -7.79670048 ], [ 113.05283356, -7.79607391 ], [ 113.05278015, -7.79598665 ], [ 113.05260468, -7.79586411 ], [ 113.05255127, -7.79578209 ], [ 113.05259705, -7.7955842 ], [ 113.05265045, -7.79523468 ], [ 113.05262756, -7.79509449 ], [ 113.0526886, -7.79491138 ], [ 113.05271149, -7.79474354 ], [ 113.05264282, -7.79462147 ], [ 113.05252838, -7.7945652 ], [ 113.05235291, -7.79445505 ], [ 113.05223846, -7.79427719 ], [ 113.05220795, -7.79413891 ], [ 113.05223083, -7.79388905 ], [ 113.05226898, -7.7936635 ], [ 113.05236816, -7.79344416 ], [ 113.05255127, -7.79327393 ], [ 113.05265808, -7.79305744 ], [ 113.0526886, -7.79275608 ], [ 113.05262756, -7.79248905 ], [ 113.0524826, -7.79195356 ], [ 113.05244446, -7.79163122 ], [ 113.05236053, -7.79145193 ], [ 113.05217743, -7.79126787 ], [ 113.05190277, -7.79104185 ], [ 113.05180359, -7.79085732 ], [ 113.05176544, -7.79062891 ], [ 113.05183411, -7.79040909 ], [ 113.05226135, -7.78927326 ], [ 113.05236053, -7.78905725 ], [ 113.05254364, -7.78867579 ], [ 113.05288696, -7.7879591 ], [ 113.05301666, -7.78738356 ], [ 113.0530777, -7.78690147 ], [ 113.05316162, -7.78660965 ], [ 113.05334473, -7.78636789 ], [ 113.05348969, -7.78621387 ], [ 113.05354309, -7.78602171 ], [ 113.05370331, -7.7852807 ], [ 113.05367279, -7.78509617 ], [ 113.05361938, -7.7848897 ], [ 113.05347443, -7.78436613 ], [ 113.0533905, -7.78334093 ], [ 113.05338287, -7.78319693 ], [ 113.05327606, -7.78301334 ], [ 113.05298615, -7.78252888 ], [ 113.05292511, -7.7823081 ], [ 113.05265808, -7.78067541 ], [ 113.05275726, -7.7802434 ], [ 113.05286407, -7.77967405 ], [ 113.05279541, -7.77945566 ], [ 113.05265808, -7.77924061 ], [ 113.05249023, -7.77911711 ], [ 113.05210114, -7.77891016 ], [ 113.05201721, -7.77874804 ], [ 113.051651, -7.77810669 ], [ 113.05146027, -7.77791929 ], [ 113.05130768, -7.77782154 ], [ 113.05101776, -7.7775712 ], [ 113.0508194, -7.77729034 ], [ 113.05016327, -7.77605057 ], [ 113.0501709, -7.77597904 ], [ 113.0502243, -7.77587318 ], [ 113.05060577, -7.77574158 ], [ 113.05066681, -7.77567673 ], [ 113.05065155, -7.77548981 ], [ 113.05058289, -7.77524281 ], [ 113.05049133, -7.77499056 ], [ 113.05050659, -7.77483749 ], [ 113.0506134, -7.77463722 ], [ 113.05066681, -7.77454424 ], [ 113.05083466, -7.77410841 ], [ 113.05104065, -7.77402544 ], [ 113.05125427, -7.77388573 ], [ 113.05130005, -7.77377367 ], [ 113.05130005, -7.77354479 ], [ 113.05130768, -7.7733674 ], [ 113.0513382, -7.77322006 ], [ 113.05139923, -7.7726202 ], [ 113.0513916, -7.77241373 ], [ 113.05140686, -7.7722168 ], [ 113.05158234, -7.77172613 ], [ 113.05171967, -7.77060318 ], [ 113.05182648, -7.77043819 ], [ 113.05194855, -7.77027988 ], [ 113.05222321, -7.7699585 ], [ 113.05240631, -7.76972914 ], [ 113.05260468, -7.76939249 ], [ 113.05258179, -7.76926136 ], [ 113.05250549, -7.76911974 ], [ 113.05245209, -7.76894569 ], [ 113.0524826, -7.76882553 ], [ 113.05260468, -7.76864004 ], [ 113.05274963, -7.76842022 ], [ 113.05313873, -7.76774168 ], [ 113.05308533, -7.76741457 ], [ 113.05316925, -7.76704741 ], [ 113.0532608, -7.76695681 ], [ 113.05342865, -7.76689959 ], [ 113.05366516, -7.76689243 ], [ 113.05395508, -7.76688623 ], [ 113.0541153, -7.76681519 ], [ 113.05421448, -7.76667881 ], [ 113.05427551, -7.76646757 ], [ 113.05434418, -7.76619864 ], [ 113.05439758, -7.76599169 ], [ 113.05453491, -7.76581907 ], [ 113.05545807, -7.76523256 ], [ 113.0559082, -7.76507139 ], [ 113.05623627, -7.7649579 ], [ 113.05634308, -7.76488018 ], [ 113.05643463, -7.76430702 ], [ 113.05667114, -7.76347208 ], [ 113.0567627, -7.76313877 ], [ 113.0567627, -7.76277494 ], [ 113.05682373, -7.76260805 ], [ 113.05691528, -7.76227999 ], [ 113.0569458, -7.7620616 ], [ 113.05693054, -7.76151133 ], [ 113.05693817, -7.76095438 ], [ 113.05696869, -7.76044464 ], [ 113.05702972, -7.75985861 ], [ 113.0570755, -7.75961447 ], [ 113.05708313, -7.75943279 ], [ 113.05701447, -7.75920677 ], [ 113.05691528, -7.75908232 ], [ 113.05661011, -7.75878525 ], [ 113.05654907, -7.75873613 ], [ 113.05625153, -7.75844145 ], [ 113.05603027, -7.75804138 ], [ 113.05587769, -7.75768852 ], [ 113.05583191, -7.75761652 ], [ 113.05557251, -7.75706339 ], [ 113.05541992, -7.75676775 ], [ 113.05537415, -7.7565856 ], [ 113.05536652, -7.75629282 ], [ 113.05542755, -7.75590658 ], [ 113.05552673, -7.7555728 ], [ 113.05595398, -7.75414419 ], [ 113.05595398, -7.75397921 ], [ 113.05596161, -7.75371075 ], [ 113.05595398, -7.75356054 ], [ 113.05594635, -7.75331402 ], [ 113.05595398, -7.75291777 ], [ 113.05588531, -7.75267506 ], [ 113.0557251, -7.75248194 ], [ 113.05536652, -7.75209999 ], [ 113.05518341, -7.75187874 ], [ 113.05511475, -7.7517004 ], [ 113.05512238, -7.75152826 ], [ 113.05525208, -7.75075054 ], [ 113.05532074, -7.75032043 ], [ 113.05528259, -7.75 ], [ 113.05526733, -7.74983931 ], [ 113.05524445, -7.74976206 ], [ 113.05517578, -7.74936056 ], [ 113.05510712, -7.74921703 ], [ 113.05490112, -7.74896812 ], [ 113.05482483, -7.74882746 ], [ 113.05467987, -7.74826813 ], [ 113.05471039, -7.74815178 ], [ 113.05483246, -7.74807024 ], [ 113.05498505, -7.74805403 ], [ 113.05522156, -7.74799681 ], [ 113.0552597, -7.74791241 ], [ 113.05534363, -7.74763155 ], [ 113.05536652, -7.74755526 ], [ 113.05558777, -7.747087 ], [ 113.05577087, -7.74686527 ], [ 113.05608368, -7.74664402 ], [ 113.05634308, -7.74646425 ], [ 113.05645752, -7.74628639 ], [ 113.0565033, -7.74592495 ], [ 113.05659485, -7.74542093 ], [ 113.05671692, -7.74529171 ], [ 113.05725861, -7.74504089 ], [ 113.05754852, -7.74499702 ], [ 113.05797577, -7.74492168 ], [ 113.05839539, -7.74467945 ], [ 113.05846405, -7.74455357 ], [ 113.05871582, -7.74395084 ], [ 113.0592041, -7.74299669 ], [ 113.05944824, -7.7426796 ], [ 113.05978394, -7.74231339 ], [ 113.05991364, -7.7420826 ], [ 113.06011963, -7.7418108 ], [ 113.06019592, -7.74178028 ], [ 113.06035614, -7.74181843 ], [ 113.06039429, -7.74189329 ], [ 113.06051636, -7.7420702 ], [ 113.06066895, -7.74217606 ], [ 113.06080627, -7.74219036 ], [ 113.06104279, -7.74215746 ], [ 113.06124878, -7.7420702 ], [ 113.06148529, -7.74183035 ], [ 113.06174469, -7.74148369 ], [ 113.06198883, -7.74142218 ], [ 113.06217957, -7.74132872 ], [ 113.06245422, -7.74108362 ], [ 113.06246948, -7.7409749 ], [ 113.06253052, -7.74086428 ], [ 113.06263733, -7.74079657 ], [ 113.06273651, -7.74080753 ], [ 113.06291962, -7.74084902 ], [ 113.06312561, -7.74082088 ], [ 113.0632019, -7.74076509 ], [ 113.06326294, -7.74072266 ], [ 113.06341553, -7.74044514 ], [ 113.06345367, -7.73995972 ], [ 113.06347656, -7.73969936 ], [ 113.06356049, -7.73954964 ], [ 113.06368256, -7.73948765 ], [ 113.063797, -7.73949766 ], [ 113.06417084, -7.73966694 ], [ 113.06429291, -7.73967791 ], [ 113.0644989, -7.73958206 ], [ 113.06448364, -7.73946381 ], [ 113.06440735, -7.73919249 ], [ 113.06437683, -7.73898363 ], [ 113.06438446, -7.73858309 ], [ 113.06445313, -7.73845291 ], [ 113.06462097, -7.73831558 ], [ 113.06480408, -7.73814726 ], [ 113.06475067, -7.73773861 ], [ 113.06473541, -7.73758125 ], [ 113.06483459, -7.73747444 ], [ 113.06503296, -7.73739672 ], [ 113.06523895, -7.73736668 ], [ 113.06536102, -7.7374177 ], [ 113.06555939, -7.73758841 ], [ 113.06597137, -7.7379775 ], [ 113.06616974, -7.7379756 ], [ 113.06628418, -7.73791027 ], [ 113.06651306, -7.73755264 ], [ 113.06655121, -7.73734713 ], [ 113.06658173, -7.73684311 ], [ 113.06663513, -7.7366457 ], [ 113.06674957, -7.73653698 ], [ 113.06697845, -7.7363863 ], [ 113.06726074, -7.73620605 ], [ 113.06749725, -7.73605633 ], [ 113.06761169, -7.73603487 ], [ 113.06771851, -7.73599625 ], [ 113.06832123, -7.73578882 ], [ 113.06884003, -7.7356987 ], [ 113.06898499, -7.73560381 ], [ 113.06921387, -7.73541069 ], [ 113.06939697, -7.73518133 ], [ 113.06973267, -7.73464489 ], [ 113.06998444, -7.73425579 ], [ 113.0701828, -7.73365355 ], [ 113.06998444, -7.73288679 ], [ 113.07012939, -7.7327528 ], [ 113.07022095, -7.73270369 ], [ 113.07035065, -7.73273277 ], [ 113.07045746, -7.73282909 ], [ 113.070755, -7.73312521 ], [ 113.0708847, -7.73319435 ], [ 113.07102966, -7.73318434 ], [ 113.07108307, -7.73301554 ], [ 113.07104492, -7.73288441 ], [ 113.07084656, -7.73230505 ], [ 113.070755, -7.73200893 ], [ 113.07063293, -7.73175478 ], [ 113.07066345, -7.73163939 ], [ 113.07074738, -7.7314539 ], [ 113.07086945, -7.73117781 ], [ 113.07098389, -7.73090744 ], [ 113.0710907, -7.73058891 ], [ 113.07113647, -7.73025656 ], [ 113.0711441, -7.72995758 ], [ 113.07119751, -7.72974062 ], [ 113.07122803, -7.72964668 ], [ 113.07134247, -7.72929049 ], [ 113.07149506, -7.72912312 ], [ 113.07170868, -7.72899485 ], [ 113.07176971, -7.72903728 ], [ 113.0717926, -7.72914457 ], [ 113.07181549, -7.72951603 ], [ 113.07189941, -7.72958851 ], [ 113.07209015, -7.72958803 ], [ 113.07216644, -7.7295084 ], [ 113.07234955, -7.72927475 ], [ 113.07239532, -7.72921658 ], [ 113.07244873, -7.72902918 ], [ 113.07254791, -7.7287035 ], [ 113.07260132, -7.72852278 ], [ 113.07270813, -7.72822618 ], [ 113.07292175, -7.72774315 ], [ 113.07298279, -7.72746325 ], [ 113.07300568, -7.7273469 ], [ 113.07299042, -7.72706985 ], [ 113.07292938, -7.7270155 ], [ 113.07281494, -7.72689056 ], [ 113.07276917, -7.72676182 ], [ 113.07275391, -7.72627831 ], [ 113.07273865, -7.72604465 ], [ 113.07275391, -7.72581291 ], [ 113.07285309, -7.7253418 ], [ 113.07306671, -7.72495985 ], [ 113.07323456, -7.72478914 ], [ 113.07332611, -7.72469902 ], [ 113.07345581, -7.724545 ], [ 113.07353973, -7.72449064 ], [ 113.07363129, -7.72437239 ], [ 113.07381439, -7.72413397 ], [ 113.0740509, -7.72379494 ], [ 113.07422638, -7.72364426 ], [ 113.07444763, -7.72357559 ], [ 113.07540131, -7.72336912 ], [ 113.07614136, -7.72334242 ], [ 113.07621765, -7.72325897 ], [ 113.07630157, -7.72309113 ], [ 113.07627869, -7.72295189 ], [ 113.07619476, -7.72259617 ], [ 113.0761795, -7.72251081 ], [ 113.07621002, -7.72239876 ], [ 113.07627106, -7.72215414 ], [ 113.07647705, -7.72174501 ], [ 113.07678223, -7.7213459 ], [ 113.07691193, -7.72131491 ], [ 113.07706451, -7.72135448 ], [ 113.0777359, -7.72160244 ], [ 113.07798004, -7.72159529 ], [ 113.07830048, -7.72149706 ], [ 113.07841492, -7.7213974 ], [ 113.07848358, -7.72122478 ], [ 113.07852936, -7.72082329 ], [ 113.07858276, -7.7206645 ], [ 113.07875824, -7.72035837 ], [ 113.07891846, -7.72020483 ], [ 113.07936859, -7.71989393 ], [ 113.07958221, -7.71970463 ], [ 113.07964325, -7.71965456 ], [ 113.07969666, -7.71951771 ], [ 113.07976532, -7.7191186 ], [ 113.07978058, -7.71901369 ], [ 113.07980347, -7.71885586 ], [ 113.07983398, -7.71864986 ], [ 113.07984161, -7.7185564 ], [ 113.07990265, -7.7179451 ], [ 113.07991028, -7.71783352 ], [ 113.07992554, -7.71770811 ], [ 113.07997894, -7.71736002 ], [ 113.08011627, -7.71703911 ], [ 113.08026123, -7.71682215 ], [ 113.08035278, -7.71675682 ], [ 113.08044434, -7.71669388 ], [ 113.08065796, -7.71660709 ], [ 113.08085632, -7.71656132 ], [ 113.08127594, -7.71646214 ], [ 113.08126068, -7.71634388 ], [ 113.08118439, -7.71620178 ], [ 113.08100128, -7.71583366 ], [ 113.08097076, -7.71556759 ], [ 113.0809021, -7.71512985 ], [ 113.08089447, -7.71477127 ], [ 113.08094025, -7.71465683 ], [ 113.0810318, -7.71460962 ], [ 113.08110809, -7.71463156 ], [ 113.08139801, -7.71469784 ], [ 113.08184814, -7.71464729 ], [ 113.08258057, -7.71452713 ], [ 113.08265686, -7.71439886 ], [ 113.08265686, -7.71426105 ], [ 113.0823288, -7.71397686 ], [ 113.08222961, -7.71383476 ], [ 113.08213806, -7.71360111 ], [ 113.08216858, -7.71348524 ], [ 113.08226776, -7.71328497 ], [ 113.0823288, -7.71316767 ], [ 113.08248901, -7.71303034 ], [ 113.0826416, -7.71295214 ], [ 113.08281708, -7.71286297 ], [ 113.08312988, -7.71267462 ], [ 113.08342743, -7.71244764 ], [ 113.0838623, -7.71194267 ], [ 113.08400726, -7.7117672 ], [ 113.08419037, -7.71153593 ], [ 113.08441162, -7.71129227 ], [ 113.0845871, -7.71101284 ], [ 113.08466339, -7.71085453 ], [ 113.08476257, -7.7106657 ], [ 113.0847702, -7.71053457 ], [ 113.08482361, -7.71030664 ], [ 113.0848999, -7.71011019 ], [ 113.08502197, -7.70976162 ], [ 113.08514404, -7.70966148 ], [ 113.085289, -7.70967007 ], [ 113.08579254, -7.70973969 ], [ 113.08588409, -7.70981598 ], [ 113.08609772, -7.71000242 ], [ 113.08621979, -7.71002769 ], [ 113.08641815, -7.70998478 ], [ 113.08647919, -7.70988131 ], [ 113.08649445, -7.70971441 ], [ 113.08653259, -7.70952177 ], [ 113.08659363, -7.70940924 ], [ 113.08663177, -7.70933008 ], [ 113.08679962, -7.70919323 ], [ 113.08734131, -7.70881605 ], [ 113.08752441, -7.70867395 ], [ 113.08764648, -7.70851326 ], [ 113.08774567, -7.70825768 ], [ 113.08789063, -7.70774937 ], [ 113.0880127, -7.7075243 ], [ 113.08811951, -7.70742083 ], [ 113.08833313, -7.70744658 ], [ 113.08849335, -7.70753288 ], [ 113.08930206, -7.70800543 ], [ 113.08947754, -7.70800877 ], [ 113.0904541, -7.70779562 ], [ 113.09128571, -7.70789099 ], [ 113.09151459, -7.70791721 ], [ 113.09203339, -7.7079072 ], [ 113.09235382, -7.7077961 ], [ 113.09238434, -7.70771694 ], [ 113.09240723, -7.70730495 ], [ 113.09244537, -7.70660734 ], [ 113.09253693, -7.70642757 ], [ 113.09266663, -7.70638418 ], [ 113.09276581, -7.70638037 ], [ 113.09294128, -7.70646477 ], [ 113.09308624, -7.70659542 ], [ 113.09329987, -7.70676708 ], [ 113.09341431, -7.70679474 ], [ 113.09358978, -7.7067709 ], [ 113.09392548, -7.70668793 ], [ 113.09407806, -7.70659113 ], [ 113.09461212, -7.70625687 ], [ 113.09483337, -7.70623016 ], [ 113.0955658, -7.70620584 ], [ 113.09568787, -7.70617199 ], [ 113.09587097, -7.7060976 ], [ 113.09602356, -7.70615005 ], [ 113.09636688, -7.70631981 ], [ 113.09690857, -7.70703983 ], [ 113.09702301, -7.70719004 ], [ 113.09713745, -7.70739985 ], [ 113.09718323, -7.70747995 ], [ 113.09723663, -7.7077899 ], [ 113.09735107, -7.70799017 ], [ 113.09757996, -7.7084198 ], [ 113.09770966, -7.70874023 ], [ 113.09799194, -7.70922995 ], [ 113.09824371, -7.70947981 ], [ 113.09850311, -7.70979977 ], [ 113.09874725, -7.71010017 ], [ 113.09908295, -7.7105298 ], [ 113.10014343, -7.71202993 ], [ 113.10035706, -7.71234989 ], [ 113.10069275, -7.71308994 ], [ 113.10088348, -7.71342993 ], [ 113.10135651, -7.71382999 ], [ 113.10155487, -7.71395826 ], [ 113.10178375, -7.71412992 ], [ 113.1027832, -7.71537018 ], [ 113.10310364, -7.71576977 ], [ 113.10357666, -7.71639013 ], [ 113.10417938, -7.71687984 ], [ 113.10533142, -7.71775007 ], [ 113.10542297, -7.71783018 ], [ 113.10668182, -7.71892023 ], [ 113.10701752, -7.71920013 ], [ 113.10729218, -7.71939993 ], [ 113.10756683, -7.71978998 ], [ 113.10761261, -7.71990013 ], [ 113.10755157, -7.72008991 ], [ 113.10746765, -7.72020006 ], [ 113.10682678, -7.72027016 ], [ 113.10675812, -7.72032022 ], [ 113.10682678, -7.72056007 ], [ 113.10694122, -7.72067022 ], [ 113.10703278, -7.72071981 ], [ 113.10739899, -7.7207799 ], [ 113.10765839, -7.72079992 ], [ 113.10777283, -7.72079992 ], [ 113.108078, -7.72072983 ], [ 113.10856628, -7.72039986 ], [ 113.10923004, -7.71997976 ], [ 113.10959625, -7.71976995 ], [ 113.10975647, -7.71955013 ], [ 113.1098938, -7.71921921 ], [ 113.10991669, -7.71951008 ], [ 113.10977936, -7.71997023 ], [ 113.10973358, -7.7207799 ], [ 113.10983276, -7.72084999 ], [ 113.11006165, -7.72088003 ], [ 113.11038208, -7.72088003 ], [ 113.11047363, -7.7209301 ], [ 113.11035919, -7.72099018 ], [ 113.11022949, -7.72098017 ], [ 113.1101532, -7.72104979 ], [ 113.1100235, -7.72166014 ], [ 113.10999298, -7.72184992 ], [ 113.1099472, -7.7221899 ], [ 113.11044312, -7.72256994 ], [ 113.11092377, -7.72281981 ], [ 113.11131287, -7.72297001 ], [ 113.11148834, -7.72290993 ], [ 113.11165619, -7.72285986 ], [ 113.11195374, -7.72303009 ], [ 113.1129303, -7.72361374 ], [ 113.11335754, -7.7238698 ], [ 113.11403656, -7.72433996 ], [ 113.11435699, -7.72452021 ], [ 113.1145401, -7.72458982 ], [ 113.11421967, -7.72524023 ], [ 113.11411285, -7.72556019 ], [ 113.11425018, -7.7256999 ], [ 113.11434937, -7.72581005 ], [ 113.11435699, -7.7259202 ], [ 113.1142807, -7.72603989 ], [ 113.11406708, -7.72619009 ], [ 113.11392212, -7.72630978 ], [ 113.11411285, -7.72633982 ], [ 113.11428833, -7.72628021 ], [ 113.11447144, -7.72613001 ], [ 113.11456299, -7.72596979 ], [ 113.11457062, -7.72579002 ], [ 113.11443329, -7.72540998 ], [ 113.11437225, -7.72524023 ], [ 113.11448669, -7.72516012 ], [ 113.11541748, -7.72546005 ], [ 113.11624146, -7.7256999 ], [ 113.11672211, -7.72579002 ], [ 113.11723328, -7.72585011 ], [ 113.11763763, -7.72589016 ], [ 113.1182785, -7.72588015 ], [ 113.11859131, -7.72583008 ], [ 113.1190033, -7.72578001 ], [ 113.11923981, -7.7258234 ], [ 113.11943817, -7.72586012 ], [ 113.11975098, -7.72589016 ], [ 113.11982727, -7.72590017 ], [ 113.12030029, -7.72583008 ], [ 113.12078857, -7.72562981 ], [ 113.12175751, -7.72528982 ], [ 113.12281036, -7.72492981 ], [ 113.12332916, -7.72474003 ], [ 113.12362671, -7.7245698 ], [ 113.12403107, -7.72422981 ], [ 113.12465668, -7.72325993 ], [ 113.12476349, -7.72302008 ], [ 113.12480164, -7.72255993 ], [ 113.12487793, -7.72222996 ], [ 113.12499237, -7.72229004 ], [ 113.12509155, -7.72242022 ], [ 113.12535095, -7.72267008 ], [ 113.1257019, -7.72285986 ], [ 113.12574005, -7.72278976 ], [ 113.12580872, -7.7225399 ], [ 113.1259079, -7.72249985 ], [ 113.12608337, -7.72246981 ], [ 113.12619019, -7.72239017 ], [ 113.12638092, -7.72234011 ], [ 113.12651825, -7.72237015 ], [ 113.12671661, -7.72255993 ], [ 113.12693787, -7.7227602 ], [ 113.12745667, -7.72315979 ], [ 113.12792969, -7.72353983 ], [ 113.12825012, -7.72378016 ], [ 113.12830353, -7.72383022 ], [ 113.1287384, -7.72415018 ], [ 113.12893677, -7.72424984 ], [ 113.12921906, -7.72424984 ], [ 113.12993622, -7.72461987 ], [ 113.13123322, -7.72513008 ], [ 113.13253784, -7.72545004 ], [ 113.13318634, -7.72556019 ], [ 113.1340332, -7.72565985 ], [ 113.13468933, -7.7256999 ], [ 113.13600922, -7.72559977 ], [ 113.138237, -7.72542 ], [ 113.13854218, -7.72543001 ], [ 113.13896942, -7.72554016 ], [ 113.13968658, -7.72578001 ], [ 113.14008331, -7.72596979 ], [ 113.14092255, -7.72660017 ], [ 113.1411438, -7.72687006 ], [ 113.14154053, -7.72726011 ], [ 113.14201355, -7.72753 ], [ 113.14209747, -7.72759008 ], [ 113.14182281, -7.72766018 ], [ 113.14173126, -7.72767019 ], [ 113.14163208, -7.7277298 ], [ 113.14151001, -7.72774982 ], [ 113.14143372, -7.72793007 ], [ 113.14150238, -7.72812986 ], [ 113.14157104, -7.72861004 ], [ 113.14154816, -7.7287302 ], [ 113.14144135, -7.72887993 ], [ 113.14131165, -7.72896004 ], [ 113.14110565, -7.72901678 ], [ 113.14090729, -7.72883987 ], [ 113.14074707, -7.72875023 ], [ 113.14054871, -7.7287302 ], [ 113.14041901, -7.72876978 ], [ 113.14035797, -7.72864008 ], [ 113.1402359, -7.72840166 ], [ 113.14037323, -7.72813988 ], [ 113.14055634, -7.72778654 ], [ 113.14039612, -7.72771072 ], [ 113.14020538, -7.72762394 ], [ 113.13987732, -7.72751045 ], [ 113.13946533, -7.72736454 ], [ 113.13941193, -7.72751808 ], [ 113.13928986, -7.72749996 ], [ 113.13912964, -7.72747993 ], [ 113.1384964, -7.72731972 ], [ 113.13793182, -7.72705984 ], [ 113.13756561, -7.72691917 ], [ 113.13719177, -7.727036 ], [ 113.13652039, -7.72725868 ], [ 113.13620758, -7.72736979 ], [ 113.13610077, -7.72741413 ], [ 113.13596344, -7.72745323 ], [ 113.13584137, -7.72749233 ], [ 113.13571167, -7.72753668 ], [ 113.13562012, -7.72758007 ], [ 113.13539886, -7.72764015 ], [ 113.13531494, -7.72769737 ], [ 113.13485718, -7.72785997 ], [ 113.13386536, -7.7280283 ], [ 113.13391876, -7.72820997 ], [ 113.13391876, -7.72843981 ], [ 113.13388062, -7.72862005 ], [ 113.13387299, -7.72905016 ], [ 113.13382721, -7.72923994 ], [ 113.13384247, -7.72945976 ], [ 113.13379669, -7.72965002 ], [ 113.13375092, -7.72981977 ], [ 113.13375092, -7.73012018 ], [ 113.13369751, -7.73042011 ], [ 113.13358307, -7.73077011 ], [ 113.13358307, -7.73098993 ], [ 113.13346863, -7.73125982 ], [ 113.13340759, -7.73148012 ], [ 113.13334656, -7.73167992 ], [ 113.13330078, -7.73199987 ], [ 113.13323975, -7.73225021 ], [ 113.1332016, -7.73269987 ], [ 113.1332016, -7.73335981 ], [ 113.13316345, -7.73375988 ], [ 113.13311005, -7.73408985 ], [ 113.13311005, -7.73441982 ], [ 113.13305664, -7.73472977 ], [ 113.13300323, -7.73496008 ], [ 113.13294983, -7.7351799 ], [ 113.13295746, -7.73555994 ], [ 113.13291931, -7.73579979 ], [ 113.13291931, -7.73605013 ], [ 113.13287354, -7.73635197 ], [ 113.13285065, -7.73664999 ], [ 113.13282013, -7.73691988 ], [ 113.13282776, -7.73719978 ], [ 113.13278198, -7.73759985 ], [ 113.13272095, -7.73792982 ], [ 113.13266754, -7.73827982 ], [ 113.13262177, -7.73865986 ], [ 113.13249207, -7.73889017 ], [ 113.13227081, -7.73953009 ], [ 113.13217926, -7.73963404 ], [ 113.13214874, -7.73976564 ], [ 113.13210297, -7.73989201 ], [ 113.13201904, -7.74019957 ], [ 113.13188934, -7.74072075 ], [ 113.13181305, -7.74105549 ], [ 113.13156128, -7.74190092 ], [ 113.13142395, -7.74235106 ], [ 113.13128662, -7.74292135 ], [ 113.1309967, -7.74392605 ], [ 113.1311264, -7.74400759 ], [ 113.13119507, -7.7440896 ], [ 113.13128662, -7.74419022 ], [ 113.13137054, -7.74435997 ], [ 113.13147736, -7.7445302 ], [ 113.13175201, -7.74482012 ], [ 113.13191223, -7.74495983 ], [ 113.13198853, -7.74509001 ], [ 113.13208771, -7.74514008 ], [ 113.13224792, -7.74525023 ], [ 113.13218689, -7.74542713 ], [ 113.132164, -7.74550676 ], [ 113.13209534, -7.74566889 ], [ 113.1322403, -7.74596405 ], [ 113.13212585, -7.74610186 ], [ 113.1321106, -7.74637032 ], [ 113.13217926, -7.7465601 ], [ 113.13205719, -7.74691868 ], [ 113.13198853, -7.74702883 ], [ 113.13208771, -7.74717045 ], [ 113.13197327, -7.7474947 ], [ 113.13201904, -7.74774075 ], [ 113.13193512, -7.74795008 ], [ 113.13196564, -7.74812889 ], [ 113.1319046, -7.74846077 ], [ 113.13192749, -7.74867439 ], [ 113.13181305, -7.7490344 ], [ 113.13182831, -7.7492671 ], [ 113.13191986, -7.74958038 ], [ 113.13183594, -7.74984932 ], [ 113.13173676, -7.75019026 ], [ 113.1318512, -7.75067329 ], [ 113.13179016, -7.75098753 ], [ 113.13183594, -7.75132751 ], [ 113.1317749, -7.75162315 ], [ 113.1317749, -7.75201321 ], [ 113.13201904, -7.75214005 ], [ 113.13202667, -7.75222015 ], [ 113.13195038, -7.75239992 ], [ 113.13205719, -7.75233889 ], [ 113.13230133, -7.75237989 ], [ 113.13265228, -7.75245905 ], [ 113.13291168, -7.75250006 ], [ 113.13303375, -7.75247669 ], [ 113.13314819, -7.75249529 ], [ 113.13328552, -7.75255251 ], [ 113.13352203, -7.75262451 ], [ 113.13366699, -7.75272703 ], [ 113.1353302, -7.752882 ], [ 113.13597107, -7.75294065 ], [ 113.13621521, -7.75322914 ], [ 113.1365509, -7.75355625 ], [ 113.13686371, -7.75371218 ], [ 113.13709259, -7.75369644 ], [ 113.13735199, -7.75346661 ], [ 113.13746643, -7.75320864 ], [ 113.13764954, -7.75320768 ], [ 113.13779449, -7.75320721 ], [ 113.13793945, -7.75326347 ], [ 113.13802338, -7.75332022 ], [ 113.13806152, -7.75348139 ], [ 113.13800049, -7.75362587 ], [ 113.13786316, -7.75399733 ], [ 113.13774872, -7.75422096 ], [ 113.13766479, -7.75458765 ], [ 113.13761139, -7.75485373 ], [ 113.13759613, -7.7549777 ], [ 113.13758087, -7.75515032 ], [ 113.13759613, -7.75530815 ], [ 113.13771057, -7.75554657 ], [ 113.13780975, -7.7557025 ], [ 113.13793945, -7.75592279 ], [ 113.13813019, -7.7561841 ], [ 113.138237, -7.75632715 ], [ 113.138237, -7.75649929 ], [ 113.13819885, -7.75663996 ], [ 113.13817596, -7.75671387 ], [ 113.13806915, -7.75710011 ], [ 113.13806915, -7.75723982 ], [ 113.13812256, -7.757339 ], [ 113.13819885, -7.75747204 ], [ 113.13825226, -7.75769901 ], [ 113.13835144, -7.75798941 ], [ 113.13844299, -7.75831461 ], [ 113.1385498, -7.7586112 ], [ 113.13861847, -7.75880861 ], [ 113.13861847, -7.75904131 ], [ 113.13856506, -7.75937891 ], [ 113.13850403, -7.759552 ], [ 113.13831329, -7.75978994 ], [ 113.13812256, -7.75986004 ], [ 113.13762665, -7.75995874 ], [ 113.13744354, -7.76015091 ], [ 113.13736725, -7.76032066 ], [ 113.13720703, -7.76086998 ], [ 113.1371994, -7.76106977 ], [ 113.13704681, -7.76110983 ], [ 113.1364212, -7.76122999 ], [ 113.1360321, -7.7613101 ], [ 113.13600922, -7.76155901 ], [ 113.13588715, -7.76187992 ], [ 113.13581085, -7.76204014 ], [ 113.13580322, -7.76232004 ], [ 113.13600159, -7.76272011 ], [ 113.13600159, -7.76316023 ], [ 113.1360321, -7.76339006 ], [ 113.1361084, -7.76348972 ], [ 113.13616943, -7.76374006 ], [ 113.13619995, -7.76391983 ], [ 113.13630676, -7.76408005 ], [ 113.13670349, -7.76426983 ], [ 113.13683319, -7.76433992 ], [ 113.13690186, -7.76445007 ], [ 113.13690186, -7.76460981 ], [ 113.13684845, -7.76470995 ], [ 113.13677216, -7.7647295 ], [ 113.13655853, -7.76478004 ], [ 113.13646698, -7.76480007 ], [ 113.13642883, -7.76487017 ], [ 113.13658905, -7.76504993 ], [ 113.13665009, -7.76512003 ], [ 113.13659668, -7.7652998 ], [ 113.13650513, -7.76542807 ], [ 113.13616943, -7.76562023 ], [ 113.13585663, -7.7657299 ], [ 113.13572693, -7.76577997 ], [ 113.13567352, -7.76586008 ], [ 113.13570404, -7.76603985 ], [ 113.13572693, -7.76621008 ], [ 113.13577271, -7.76648998 ], [ 113.13568878, -7.76676607 ], [ 113.13565826, -7.76686001 ], [ 113.13565826, -7.76698017 ], [ 113.13568878, -7.76710701 ], [ 113.13560486, -7.76735687 ], [ 113.13547516, -7.76768494 ], [ 113.13534546, -7.7680006 ], [ 113.13515472, -7.76835585 ], [ 113.13516998, -7.76864433 ], [ 113.13489532, -7.76907825 ], [ 113.13471222, -7.76926279 ], [ 113.134552, -7.76960468 ], [ 113.13440704, -7.76968384 ], [ 113.13412476, -7.7699213 ], [ 113.13383484, -7.77029037 ], [ 113.13367462, -7.77057934 ], [ 113.13346863, -7.77090836 ], [ 113.13314056, -7.77096272 ], [ 113.13298035, -7.7712388 ], [ 113.13262177, -7.77172565 ], [ 113.13233948, -7.77170086 ], [ 113.13161469, -7.77159977 ], [ 113.1306839, -7.77144718 ], [ 113.13009644, -7.77159405 ], [ 113.12962341, -7.77188492 ], [ 113.1294632, -7.77205753 ], [ 113.12926483, -7.77232599 ], [ 113.12924194, -7.7726202 ], [ 113.12911987, -7.77298212 ], [ 113.12897491, -7.77331734 ], [ 113.12869263, -7.77357292 ], [ 113.12852478, -7.77384138 ], [ 113.12837982, -7.77418995 ], [ 113.12817383, -7.77417755 ], [ 113.1276474, -7.77379227 ], [ 113.1271286, -7.77352715 ], [ 113.12657928, -7.77345943 ], [ 113.12651825, -7.77380991 ], [ 113.12654877, -7.77416992 ], [ 113.12667847, -7.77456999 ], [ 113.12680054, -7.77483988 ], [ 113.12716675, -7.77518988 ], [ 113.12766266, -7.77549982 ], [ 113.12828064, -7.77594995 ], [ 113.12837219, -7.77602005 ], [ 113.12872314, -7.7762599 ], [ 113.12902069, -7.77645016 ], [ 113.1291275, -7.77654982 ], [ 113.12954712, -7.77678013 ], [ 113.12999725, -7.77698994 ], [ 113.13043213, -7.77733994 ], [ 113.13066864, -7.77757978 ], [ 113.13121033, -7.77803993 ], [ 113.13147736, -7.77825022 ], [ 113.13233948, -7.77883005 ], [ 113.13279724, -7.77919769 ], [ 113.13300323, -7.77936459 ], [ 113.13343048, -7.77973986 ], [ 113.13375854, -7.78002024 ], [ 113.1340332, -7.78026009 ], [ 113.13430023, -7.78046989 ], [ 113.1346817, -7.7807498 ], [ 113.13481903, -7.78092003 ], [ 113.13456726, -7.78194523 ], [ 113.13448334, -7.7823 ], [ 113.13410187, -7.78259993 ], [ 113.13375092, -7.78286982 ], [ 113.13343048, -7.78313017 ], [ 113.13353729, -7.78347015 ], [ 113.13361359, -7.78366995 ], [ 113.13366699, -7.7837801 ], [ 113.13369751, -7.78385019 ], [ 113.1337738, -7.78399992 ], [ 113.1338501, -7.78416014 ], [ 113.1341095, -7.78458977 ], [ 113.13423157, -7.78483009 ], [ 113.1342926, -7.78498983 ], [ 113.13434601, -7.78507662 ], [ 113.13439178, -7.78515005 ], [ 113.13420105, -7.78528023 ], [ 113.13413239, -7.78532982 ], [ 113.13404083, -7.78550005 ], [ 113.13404083, -7.7855835 ], [ 113.13421631, -7.78668022 ], [ 113.13404846, -7.78849983 ], [ 113.13395691, -7.78867006 ], [ 113.13349915, -7.78933001 ], [ 113.13336182, -7.78969049 ], [ 113.13327789, -7.78989983 ], [ 113.13307953, -7.79011011 ], [ 113.13282776, -7.79025984 ], [ 113.13233185, -7.79048014 ], [ 113.13208008, -7.79056978 ], [ 113.13175964, -7.79099989 ], [ 113.1317215, -7.79108572 ], [ 113.13166809, -7.79121017 ], [ 113.1315918, -7.79141998 ], [ 113.13140869, -7.79157019 ], [ 113.13127899, -7.79166985 ], [ 113.13101196, -7.79199982 ], [ 113.13095856, -7.79208994 ], [ 113.13077545, -7.79247093 ], [ 113.13069153, -7.79264021 ], [ 113.13056183, -7.7929101 ], [ 113.13031769, -7.79316998 ], [ 113.13009644, -7.79345989 ], [ 113.12995148, -7.79364014 ], [ 113.12966919, -7.79374981 ], [ 113.12953949, -7.79380703 ], [ 113.1294632, -7.79383993 ], [ 113.1291275, -7.79401016 ], [ 113.12888336, -7.79409981 ], [ 113.12831879, -7.7940402 ], [ 113.12749481, -7.79425859 ], [ 113.12728119, -7.7943902 ], [ 113.1271286, -7.79454994 ], [ 113.12705994, -7.7947731 ], [ 113.12696838, -7.79507017 ], [ 113.1268692, -7.7953701 ], [ 113.12666321, -7.79608011 ], [ 113.12657928, -7.79628992 ], [ 113.12644196, -7.79662228 ], [ 113.12641144, -7.79668999 ], [ 113.12597656, -7.79694986 ], [ 113.12580109, -7.79709005 ], [ 113.12571716, -7.79721117 ], [ 113.12547302, -7.79752016 ], [ 113.12522125, -7.79769993 ], [ 113.12509918, -7.79779005 ], [ 113.125, -7.79794979 ], [ 113.12486267, -7.7981801 ], [ 113.12476349, -7.79842997 ], [ 113.12461853, -7.79859018 ], [ 113.12426758, -7.79886007 ], [ 113.1241684, -7.7989502 ], [ 113.12393188, -7.79901981 ], [ 113.12361908, -7.7990799 ], [ 113.1235199, -7.79913998 ], [ 113.12365723, -7.79935789 ], [ 113.12384796, -7.79954004 ], [ 113.12402344, -7.79973984 ], [ 113.12413025, -7.80008984 ], [ 113.12422943, -7.80038023 ], [ 113.12433624, -7.80052996 ], [ 113.12454224, -7.80067015 ], [ 113.12464142, -7.80082989 ], [ 113.12465668, -7.80096006 ], [ 113.12460327, -7.80107021 ], [ 113.12451172, -7.80111122 ], [ 113.12439728, -7.80115986 ], [ 113.12426758, -7.80120993 ], [ 113.12419128, -7.80130005 ], [ 113.12415314, -7.80152893 ], [ 113.12412262, -7.80175018 ], [ 113.12410736, -7.80189991 ], [ 113.1239624, -7.80198193 ], [ 113.12362671, -7.80193996 ], [ 113.12307739, -7.80224991 ], [ 113.12275696, -7.80232 ], [ 113.12242889, -7.80237007 ], [ 113.12232971, -7.80247021 ], [ 113.12226868, -7.80262041 ], [ 113.12232208, -7.80296993 ], [ 113.12236023, -7.80327225 ], [ 113.1223526, -7.80342007 ], [ 113.12226105, -7.80360985 ], [ 113.12203217, -7.80385017 ], [ 113.12159729, -7.8039999 ], [ 113.12091064, -7.80408001 ], [ 113.12059784, -7.80426979 ], [ 113.1204071, -7.8045001 ], [ 113.12029266, -7.80464983 ], [ 113.11997986, -7.80502987 ], [ 113.11985016, -7.80522013 ], [ 113.11956787, -7.80553007 ], [ 113.11943054, -7.80572987 ], [ 113.11934662, -7.80599022 ], [ 113.11932373, -7.80611992 ], [ 113.11908722, -7.80618715 ], [ 113.11889648, -7.80624008 ], [ 113.11871338, -7.80629253 ], [ 113.11833954, -7.80639982 ], [ 113.11791229, -7.80656004 ], [ 113.11772919, -7.80669022 ], [ 113.11752319, -7.80690002 ], [ 113.11734772, -7.80723 ], [ 113.11727142, -7.80776978 ], [ 113.11721802, -7.80815983 ], [ 113.11715698, -7.80843019 ], [ 113.11714172, -7.80854988 ], [ 113.11708832, -7.80861998 ], [ 113.1162796, -7.80899 ], [ 113.11607361, -7.80909014 ], [ 113.11562347, -7.80905008 ], [ 113.11558533, -7.8093071 ], [ 113.115242, -7.80893993 ], [ 113.11508942, -7.80880022 ], [ 113.11488342, -7.80857897 ], [ 113.11460876, -7.80842495 ], [ 113.11380768, -7.80795813 ], [ 113.11341095, -7.80773401 ], [ 113.11312866, -7.80724621 ], [ 113.11254883, -7.80697584 ], [ 113.11196899, -7.80646133 ], [ 113.11152649, -7.80619049 ], [ 113.11116791, -7.80577803 ], [ 113.11087799, -7.80542612 ], [ 113.1107254, -7.80524635 ], [ 113.11058044, -7.80515003 ], [ 113.11042023, -7.80495977 ], [ 113.11022186, -7.80466986 ], [ 113.11003113, -7.80435991 ], [ 113.10980225, -7.80394983 ], [ 113.10949707, -7.80344009 ], [ 113.1092453, -7.80326462 ], [ 113.10889435, -7.80300283 ], [ 113.1085434, -7.80278826 ], [ 113.10819244, -7.8025732 ], [ 113.10775757, -7.80233097 ], [ 113.10758972, -7.80219984 ], [ 113.1071167, -7.80192947 ], [ 113.10662842, -7.80167007 ], [ 113.10645294, -7.80154991 ], [ 113.10639191, -7.80147457 ], [ 113.10638428, -7.80116796 ], [ 113.10609436, -7.80099392 ], [ 113.1059494, -7.80089426 ], [ 113.10545349, -7.80055141 ], [ 113.10519409, -7.80025768 ], [ 113.10490417, -7.80001211 ], [ 113.10389709, -7.79943848 ], [ 113.10392761, -7.79933023 ], [ 113.10387421, -7.79916143 ], [ 113.10382843, -7.79909658 ], [ 113.10378265, -7.79901123 ], [ 113.10366058, -7.79887342 ], [ 113.10363007, -7.79877138 ], [ 113.10354614, -7.79862118 ], [ 113.10359955, -7.79848242 ], [ 113.10365295, -7.7982831 ], [ 113.10356903, -7.79798222 ], [ 113.10355377, -7.79780769 ], [ 113.10375214, -7.79779482 ], [ 113.10389709, -7.79775763 ], [ 113.10410309, -7.79768467 ], [ 113.10441589, -7.7975502 ], [ 113.10452271, -7.797369 ], [ 113.10456848, -7.79709291 ], [ 113.10460663, -7.79702997 ], [ 113.10466003, -7.79676008 ], [ 113.10463715, -7.7961216 ], [ 113.10466766, -7.79572964 ], [ 113.10475159, -7.79511976 ], [ 113.10484314, -7.79485989 ], [ 113.10501099, -7.79459 ], [ 113.10533142, -7.79420996 ], [ 113.1057663, -7.79376984 ], [ 113.10585022, -7.79372454 ], [ 113.10650635, -7.79333496 ], [ 113.10666656, -7.79338217 ], [ 113.10707855, -7.79383802 ], [ 113.10740662, -7.79392052 ], [ 113.10758972, -7.79375696 ], [ 113.10765839, -7.79360628 ], [ 113.10762787, -7.79306412 ], [ 113.10782623, -7.79287004 ], [ 113.10823059, -7.79268742 ], [ 113.10832977, -7.79231977 ], [ 113.10832214, -7.79201984 ], [ 113.1083374, -7.79183006 ], [ 113.10845184, -7.79137993 ], [ 113.1086731, -7.7908802 ], [ 113.10884857, -7.79046011 ], [ 113.10888672, -7.79036999 ], [ 113.10903931, -7.79002094 ], [ 113.10913086, -7.78982019 ], [ 113.10908508, -7.78946638 ], [ 113.10900116, -7.78922558 ], [ 113.10894012, -7.78894281 ], [ 113.10891724, -7.78857517 ], [ 113.10900879, -7.78837013 ], [ 113.10915375, -7.78804016 ], [ 113.10932159, -7.78773022 ], [ 113.10939789, -7.78758764 ], [ 113.10955048, -7.78732014 ], [ 113.10974121, -7.78699017 ], [ 113.10983276, -7.78676987 ], [ 113.10990143, -7.78628016 ], [ 113.10992432, -7.78490162 ], [ 113.10990143, -7.78446198 ], [ 113.10990906, -7.78394365 ], [ 113.10997009, -7.78375053 ], [ 113.11010742, -7.78344011 ], [ 113.11024475, -7.78327322 ], [ 113.110466, -7.78309727 ], [ 113.11070251, -7.78295755 ], [ 113.11205292, -7.78249884 ], [ 113.11230469, -7.782341 ], [ 113.11238861, -7.78215408 ], [ 113.11254883, -7.78197241 ], [ 113.11227417, -7.78176308 ], [ 113.11196136, -7.78149319 ], [ 113.11171722, -7.7813201 ], [ 113.11135101, -7.781147 ], [ 113.11115265, -7.7810154 ], [ 113.11091614, -7.78084183 ], [ 113.11066437, -7.7806325 ], [ 113.1105957, -7.78056049 ], [ 113.1105423, -7.78042459 ], [ 113.11064148, -7.78023481 ], [ 113.11040497, -7.78005505 ], [ 113.11026001, -7.77994347 ], [ 113.11019135, -7.7799201 ], [ 113.10955811, -7.77970982 ], [ 113.10913849, -7.77956009 ], [ 113.10848236, -7.7793498 ], [ 113.10786438, -7.77904415 ], [ 113.10765839, -7.77899122 ], [ 113.10753632, -7.77888632 ], [ 113.10739899, -7.77869892 ], [ 113.10736084, -7.77855587 ], [ 113.10727692, -7.77843571 ], [ 113.10721588, -7.77824783 ], [ 113.10715485, -7.77805233 ], [ 113.10708618, -7.77791739 ], [ 113.10696411, -7.77782726 ], [ 113.10678864, -7.77779055 ], [ 113.10661316, -7.77768612 ], [ 113.10652161, -7.77764893 ], [ 113.10636902, -7.77758932 ], [ 113.10623932, -7.77751493 ], [ 113.10609436, -7.77737236 ], [ 113.10595703, -7.77729797 ], [ 113.10585785, -7.77720785 ], [ 113.10580444, -7.77710295 ], [ 113.10572815, -7.77696753 ], [ 113.1056366, -7.77687025 ], [ 113.10546112, -7.77667522 ], [ 113.10529327, -7.77654028 ], [ 113.10514832, -7.77660131 ], [ 113.10507202, -7.77677011 ], [ 113.1050415, -7.77711391 ], [ 113.1049118, -7.77722311 ], [ 113.10479736, -7.77731848 ], [ 113.10451508, -7.7775383 ], [ 113.10414124, -7.77764559 ], [ 113.10395813, -7.77773428 ], [ 113.10370636, -7.77797747 ], [ 113.10327148, -7.77850962 ], [ 113.10336304, -7.77868986 ], [ 113.10334015, -7.77878046 ], [ 113.10339355, -7.77894831 ], [ 113.10355377, -7.77915001 ], [ 113.10354614, -7.77951622 ], [ 113.10331726, -7.77969837 ], [ 113.10295105, -7.77975178 ], [ 113.10270691, -7.77966261 ], [ 113.10250092, -7.77968931 ], [ 113.10240936, -7.77996111 ], [ 113.10246277, -7.78019381 ], [ 113.10251617, -7.780478 ], [ 113.10229492, -7.7805047 ], [ 113.10215759, -7.78057003 ], [ 113.10197449, -7.78067446 ], [ 113.10180664, -7.78086901 ], [ 113.1014328, -7.78110361 ], [ 113.10093689, -7.78113174 ], [ 113.10048676, -7.78135395 ], [ 113.10016632, -7.78154945 ], [ 113.10004425, -7.78165722 ], [ 113.09990692, -7.7817831 ], [ 113.09932709, -7.78204441 ], [ 113.09924316, -7.7820344 ], [ 113.09892273, -7.78199482 ], [ 113.09851837, -7.78221655 ], [ 113.09856415, -7.78266859 ], [ 113.09870148, -7.78287983 ], [ 113.09871674, -7.78295231 ], [ 113.09868622, -7.78305626 ], [ 113.09819031, -7.78343296 ], [ 113.09781647, -7.78369331 ], [ 113.09757233, -7.78391457 ], [ 113.09752655, -7.78397894 ], [ 113.09731293, -7.78431654 ], [ 113.09697723, -7.78457642 ], [ 113.09658051, -7.78469467 ], [ 113.09634399, -7.78468895 ], [ 113.09618378, -7.78496981 ], [ 113.09606934, -7.78520012 ], [ 113.09571838, -7.78551006 ], [ 113.09561157, -7.78560019 ], [ 113.09561157, -7.78573179 ], [ 113.09550476, -7.7857213 ], [ 113.09535217, -7.78582525 ], [ 113.09542084, -7.7860837 ], [ 113.09551239, -7.78625488 ], [ 113.09564209, -7.78649616 ], [ 113.09548187, -7.78662634 ], [ 113.09510803, -7.78679609 ], [ 113.0949173, -7.78670645 ], [ 113.09473419, -7.78669691 ], [ 113.09459686, -7.78689528 ], [ 113.09456635, -7.78709269 ], [ 113.09456635, -7.78720331 ], [ 113.09442139, -7.78730345 ], [ 113.09408569, -7.78742647 ], [ 113.09381104, -7.78756571 ], [ 113.0938797, -7.78778601 ], [ 113.09377289, -7.78788567 ], [ 113.09352875, -7.78782082 ], [ 113.0933609, -7.78774452 ], [ 113.0931015, -7.78780651 ], [ 113.0928421, -7.78786278 ], [ 113.09265137, -7.78788853 ], [ 113.09223938, -7.78806448 ], [ 113.0922699, -7.78857183 ], [ 113.09229279, -7.78901291 ], [ 113.09197235, -7.789114 ], [ 113.09166718, -7.78927565 ], [ 113.09170532, -7.7895236 ], [ 113.09169006, -7.78961134 ], [ 113.09162903, -7.78998995 ], [ 113.09146118, -7.7902298 ], [ 113.09129333, -7.79036999 ], [ 113.09107971, -7.7904501 ], [ 113.0909729, -7.7904501 ], [ 113.09085083, -7.79034996 ], [ 113.09062958, -7.79020166 ], [ 113.09048462, -7.79007578 ], [ 113.09033966, -7.79007101 ], [ 113.09022522, -7.79013777 ], [ 113.09004211, -7.79025459 ], [ 113.0898056, -7.79022789 ], [ 113.08968353, -7.79040527 ], [ 113.08948517, -7.79049969 ], [ 113.08930206, -7.79080963 ], [ 113.08908844, -7.79104805 ], [ 113.08885193, -7.79114866 ], [ 113.08855438, -7.79123831 ], [ 113.08847046, -7.7913146 ], [ 113.08830261, -7.79146576 ], [ 113.08816528, -7.7918911 ], [ 113.08821106, -7.7923398 ], [ 113.08797455, -7.79275846 ], [ 113.08772278, -7.79303503 ], [ 113.08757019, -7.79320192 ], [ 113.0876236, -7.793571 ], [ 113.08781433, -7.79392862 ], [ 113.08756256, -7.79391003 ], [ 113.08743286, -7.79401016 ], [ 113.08737183, -7.79410982 ], [ 113.08728027, -7.7942071 ], [ 113.08734131, -7.7943778 ], [ 113.08738708, -7.79451036 ], [ 113.08734131, -7.79489994 ], [ 113.08718872, -7.79499102 ], [ 113.08707428, -7.79513502 ], [ 113.0871048, -7.79522848 ], [ 113.08724213, -7.79566383 ], [ 113.08705139, -7.79568148 ], [ 113.08686829, -7.79568005 ], [ 113.08666229, -7.79576063 ], [ 113.08662415, -7.79597044 ], [ 113.08663177, -7.79631233 ], [ 113.08666992, -7.79691362 ], [ 113.08590698, -7.79759598 ], [ 113.08589935, -7.79787731 ], [ 113.08568573, -7.79836941 ], [ 113.08543396, -7.79838181 ], [ 113.085289, -7.79817009 ], [ 113.08507538, -7.79829502 ], [ 113.08504486, -7.79873037 ], [ 113.08501434, -7.79904032 ], [ 113.08457184, -7.79937363 ], [ 113.08449554, -7.79975605 ], [ 113.08444214, -7.80000877 ], [ 113.08428955, -7.80024099 ], [ 113.08422089, -7.80077124 ], [ 113.08418274, -7.80094004 ], [ 113.08401489, -7.8011694 ], [ 113.08389282, -7.80139065 ], [ 113.08396912, -7.8015666 ], [ 113.08411407, -7.8016324 ], [ 113.08428955, -7.80162573 ], [ 113.08439636, -7.80164194 ], [ 113.08442688, -7.80173016 ], [ 113.08436584, -7.80189562 ], [ 113.084198, -7.80194998 ], [ 113.0840683, -7.80207014 ], [ 113.08397675, -7.80220127 ], [ 113.08400726, -7.80238295 ], [ 113.08396912, -7.80250978 ], [ 113.0838089, -7.8026433 ], [ 113.08362579, -7.80252266 ], [ 113.0834198, -7.80244684 ], [ 113.08322144, -7.80243683 ], [ 113.08303833, -7.80243015 ], [ 113.08276367, -7.80258226 ], [ 113.08253479, -7.80280972 ], [ 113.08245087, -7.80316877 ], [ 113.0825119, -7.80356026 ], [ 113.08261871, -7.80375814 ], [ 113.08267975, -7.80395651 ], [ 113.08252716, -7.80400705 ], [ 113.08240509, -7.80404043 ], [ 113.08205414, -7.80405903 ], [ 113.08157349, -7.80391216 ], [ 113.08137512, -7.80402899 ], [ 113.08111572, -7.80421257 ], [ 113.08097839, -7.80433989 ], [ 113.08078003, -7.80441809 ], [ 113.0806427, -7.80452299 ], [ 113.08054352, -7.80473948 ], [ 113.08052826, -7.80494928 ], [ 113.08052826, -7.80510378 ], [ 113.08046722, -7.80529165 ], [ 113.08029938, -7.80542469 ], [ 113.08009338, -7.80551386 ], [ 113.07981873, -7.80561447 ], [ 113.07964325, -7.80584717 ], [ 113.0796051, -7.80607891 ], [ 113.07958984, -7.80631113 ], [ 113.07940674, -7.80651045 ], [ 113.07907104, -7.80664444 ], [ 113.07866669, -7.8066411 ], [ 113.07833099, -7.80666447 ], [ 113.07797241, -7.80668163 ], [ 113.07785797, -7.80658007 ], [ 113.07762909, -7.80635023 ], [ 113.07740021, -7.80607986 ], [ 113.07720947, -7.80587006 ], [ 113.07692719, -7.80568981 ], [ 113.07682037, -7.80552006 ], [ 113.07649994, -7.80523348 ], [ 113.07608032, -7.80516005 ], [ 113.07565308, -7.80514002 ], [ 113.07530975, -7.80507994 ], [ 113.07491302, -7.80501986 ], [ 113.07443237, -7.80495977 ], [ 113.07407379, -7.80493021 ], [ 113.07362366, -7.8049202 ], [ 113.07350159, -7.80491018 ], [ 113.07342529, -7.80490494 ], [ 113.07321167, -7.80489016 ], [ 113.07280731, -7.80483007 ], [ 113.07241821, -7.80474997 ], [ 113.07196808, -7.8046298 ], [ 113.07167053, -7.8045001 ], [ 113.07137299, -7.80432987 ], [ 113.07106018, -7.80412006 ], [ 113.07071686, -7.80383015 ], [ 113.07044983, -7.80354023 ], [ 113.07032013, -7.8032999 ], [ 113.07016754, -7.80292988 ], [ 113.07009125, -7.80254984 ], [ 113.07008362, -7.80229998 ], [ 113.07010651, -7.80195999 ], [ 113.06997681, -7.80163002 ], [ 113.06983185, -7.80114985 ], [ 113.06967926, -7.80075979 ], [ 113.06958771, -7.80058002 ], [ 113.06938934, -7.80019999 ], [ 113.06929016, -7.80002022 ], [ 113.06903076, -7.80016994 ], [ 113.06861877, -7.80045986 ], [ 113.0684967, -7.80057001 ], [ 113.06828308, -7.80073023 ], [ 113.06816864, -7.80087996 ], [ 113.06814575, -7.80103064 ], [ 113.06813049, -7.80110979 ], [ 113.06813812, -7.80125999 ], [ 113.06816864, -7.80137014 ], [ 113.06809235, -7.80165005 ], [ 113.06788635, -7.80223989 ], [ 113.06780243, -7.80255985 ], [ 113.06761169, -7.80295992 ], [ 113.06755829, -7.80327988 ], [ 113.06755829, -7.80341005 ], [ 113.06745911, -7.80363989 ], [ 113.06738281, -7.80373049 ], [ 113.06725311, -7.80388021 ], [ 113.06699371, -7.80410004 ], [ 113.06690216, -7.80417013 ], [ 113.06684875, -7.80446005 ], [ 113.06685638, -7.8049798 ], [ 113.06687164, -7.80513 ], [ 113.0668869, -7.80531979 ], [ 113.06690216, -7.80544996 ], [ 113.06684113, -7.80564022 ], [ 113.0667572, -7.80583 ], [ 113.06674957, -7.80597019 ], [ 113.06684113, -7.8063798 ], [ 113.0668869, -7.80655003 ], [ 113.06686401, -7.80662107 ], [ 113.0666275, -7.80725002 ], [ 113.06640625, -7.80770016 ], [ 113.06607819, -7.80842018 ], [ 113.06593323, -7.80899 ], [ 113.06591797, -7.80908012 ], [ 113.06587982, -7.80963993 ], [ 113.06568909, -7.81072998 ], [ 113.06561279, -7.81106997 ], [ 113.06546021, -7.81142998 ], [ 113.06507874, -7.81210995 ], [ 113.06494141, -7.81244993 ], [ 113.06487274, -7.81266022 ], [ 113.06466675, -7.81286001 ], [ 113.0643692, -7.81311989 ], [ 113.06417084, -7.81306982 ], [ 113.0639801, -7.81301212 ], [ 113.06388092, -7.81298018 ], [ 113.06333923, -7.81276989 ], [ 113.06295776, -7.81269979 ], [ 113.06257629, -7.81259012 ], [ 113.06237793, -7.81255007 ], [ 113.06220245, -7.81243992 ], [ 113.06198883, -7.8123498 ], [ 113.06194305, -7.81227016 ], [ 113.0617218, -7.81226015 ], [ 113.06144714, -7.81231022 ], [ 113.06130981, -7.81224012 ], [ 113.06121063, -7.81219006 ], [ 113.06096649, -7.81208992 ], [ 113.06092834, -7.81193542 ], [ 113.06084442, -7.81188774 ], [ 113.06070709, -7.8118515 ], [ 113.06054688, -7.81174564 ], [ 113.06013489, -7.8117156 ], [ 113.05993652, -7.81179667 ], [ 113.05977631, -7.81177568 ], [ 113.05953979, -7.81166267 ], [ 113.05928802, -7.81152916 ], [ 113.05895996, -7.81140614 ], [ 113.05876923, -7.8112464 ], [ 113.05857086, -7.81117439 ], [ 113.0581665, -7.81103134 ], [ 113.05754852, -7.81083441 ], [ 113.05729675, -7.81075525 ], [ 113.05692291, -7.81071568 ], [ 113.05684662, -7.81071615 ], [ 113.05658722, -7.81071711 ], [ 113.05625916, -7.81080198 ], [ 113.05609131, -7.8109479 ], [ 113.05596924, -7.81122351 ], [ 113.05581665, -7.81123972 ], [ 113.05536652, -7.81121635 ], [ 113.05496216, -7.81115055 ], [ 113.05448151, -7.81110811 ], [ 113.05436707, -7.81095982 ], [ 113.05406189, -7.81069565 ], [ 113.05388641, -7.81060505 ], [ 113.05355072, -7.81043291 ], [ 113.05323792, -7.81045961 ], [ 113.05253601, -7.81063986 ], [ 113.05210114, -7.81078768 ], [ 113.05190277, -7.81083298 ], [ 113.05178833, -7.81087065 ], [ 113.05157471, -7.81091022 ], [ 113.05132294, -7.81079149 ], [ 113.05123138, -7.81063366 ], [ 113.05117035, -7.81042528 ], [ 113.05118561, -7.81014061 ], [ 113.05123138, -7.80995703 ], [ 113.05132294, -7.8097229 ], [ 113.05123138, -7.80942583 ], [ 113.0511322, -7.80913544 ], [ 113.05084991, -7.80897903 ], [ 113.05075073, -7.80901003 ], [ 113.05059814, -7.80912018 ], [ 113.05052185, -7.80926991 ], [ 113.05032349, -7.8096199 ], [ 113.05010223, -7.80977011 ], [ 113.0497818, -7.80988979 ], [ 113.04942322, -7.81003904 ] ] ] ] } },
{ "type": "Feature", "properties": { "GID_0": "IDN", "NAME_0": "Indonesia", "GID_1": "IDN.11_1", "NAME_1": "Jawa Timur", "NL_NAME_1": null, "GID_2": "IDN.11.30_1", "NAME_2": "Probolinggo", "NL_NAME_2": null, "GID_3": "IDN.11.30.24_1", "NAME_3": "Wonomerto", "VARNAME_3": null, "NL_NAME_3": null, "TYPE_3": "Kecamatan", "ENGTYPE_3": "Sub-district", "CC_3": "3513210", "HASC_3": null }, "geometry": { "type": "MultiPolygon", "coordinates": [ [ [ [ 113.17355347, -7.84110022 ], [ 113.17359924, -7.84123993 ], [ 113.17394257, -7.84206009 ], [ 113.17418671, -7.84274006 ], [ 113.17415619, -7.84292984 ], [ 113.17411041, -7.84318018 ], [ 113.17417145, -7.84333992 ], [ 113.17429352, -7.84346008 ], [ 113.17447662, -7.84364986 ], [ 113.17453766, -7.84385014 ], [ 113.17450714, -7.84397984 ], [ 113.17440033, -7.84411001 ], [ 113.17411804, -7.84445 ], [ 113.17385101, -7.84514999 ], [ 113.17376709, -7.84514999 ], [ 113.17363739, -7.84514999 ], [ 113.17355347, -7.84524012 ], [ 113.17349243, -7.84541988 ], [ 113.17349243, -7.84562016 ], [ 113.1735611, -7.84583998 ], [ 113.17369843, -7.84609985 ], [ 113.17391968, -7.84630013 ], [ 113.17404938, -7.84646988 ], [ 113.17405701, -7.84661007 ], [ 113.17401123, -7.84681988 ], [ 113.1739502, -7.84705019 ], [ 113.1740036, -7.84716988 ], [ 113.17410278, -7.84727001 ], [ 113.17443085, -7.8475399 ], [ 113.17446899, -7.84770012 ], [ 113.17443085, -7.84785986 ], [ 113.17430115, -7.84824991 ], [ 113.17434692, -7.84847021 ], [ 113.17445374, -7.84859991 ], [ 113.1745224, -7.84863567 ], [ 113.17469025, -7.84873009 ], [ 113.17479706, -7.84888983 ], [ 113.17484283, -7.84906006 ], [ 113.17487335, -7.84950018 ], [ 113.17501831, -7.84970999 ], [ 113.17507935, -7.84989977 ], [ 113.17501831, -7.84997988 ], [ 113.17485809, -7.85004997 ], [ 113.17466736, -7.85007 ], [ 113.17453766, -7.85000992 ], [ 113.17397308, -7.84966993 ], [ 113.17378998, -7.84967995 ], [ 113.17363739, -7.84977007 ], [ 113.17353058, -7.8499198 ], [ 113.17353058, -7.85003996 ], [ 113.17359924, -7.85017014 ], [ 113.17395782, -7.85072994 ], [ 113.17392731, -7.85086012 ], [ 113.17363739, -7.85087013 ], [ 113.17350006, -7.85094976 ], [ 113.17344666, -7.85105991 ], [ 113.17344666, -7.8512001 ], [ 113.17352295, -7.85136986 ], [ 113.17360687, -7.85160017 ], [ 113.1735611, -7.85171986 ], [ 113.17344666, -7.85180998 ], [ 113.17327881, -7.85186005 ], [ 113.17307281, -7.85186005 ], [ 113.17276001, -7.85186005 ], [ 113.17263794, -7.85196018 ], [ 113.17256165, -7.85210991 ], [ 113.17254639, -7.85232019 ], [ 113.17259216, -7.85242987 ], [ 113.17269135, -7.85248995 ], [ 113.17282867, -7.85246992 ], [ 113.17297363, -7.8523798 ], [ 113.17314148, -7.85229015 ], [ 113.17328644, -7.85233021 ], [ 113.17333221, -7.85240984 ], [ 113.17330933, -7.85253 ], [ 113.17317963, -7.85274982 ], [ 113.17312622, -7.85291004 ], [ 113.17302704, -7.85342979 ], [ 113.17294312, -7.85370016 ], [ 113.17297363, -7.85382986 ], [ 113.17305756, -7.85391998 ], [ 113.17318726, -7.85394001 ], [ 113.1733017, -7.85388994 ], [ 113.17350006, -7.85381985 ], [ 113.17353821, -7.85393 ], [ 113.17350769, -7.85411978 ], [ 113.17337799, -7.85441017 ], [ 113.17324066, -7.85452986 ], [ 113.17310333, -7.8545599 ], [ 113.17297363, -7.85449982 ], [ 113.17272949, -7.85438013 ], [ 113.17266846, -7.85434008 ], [ 113.17253113, -7.85425997 ], [ 113.17224884, -7.85419989 ], [ 113.17186737, -7.85415983 ], [ 113.17180634, -7.85421991 ], [ 113.17178345, -7.85429001 ], [ 113.17176056, -7.85441017 ], [ 113.17183685, -7.85452986 ], [ 113.17211914, -7.85462999 ], [ 113.17246246, -7.85470009 ], [ 113.1725235, -7.85480022 ], [ 113.17260742, -7.85488987 ], [ 113.17311859, -7.85514021 ], [ 113.17324066, -7.85521984 ], [ 113.17327881, -7.85531998 ], [ 113.17324829, -7.85542011 ], [ 113.17311859, -7.85555983 ], [ 113.1727829, -7.85581017 ], [ 113.17218781, -7.8561902 ], [ 113.17201996, -7.85632038 ], [ 113.17167664, -7.85657978 ], [ 113.17140961, -7.85647011 ], [ 113.1713562, -7.85642004 ], [ 113.1711731, -7.85629988 ], [ 113.17105865, -7.85629988 ], [ 113.17095184, -7.85636997 ], [ 113.17088318, -7.85651016 ], [ 113.17088318, -7.85662985 ], [ 113.17095184, -7.85680008 ], [ 113.17108917, -7.85698986 ], [ 113.17118835, -7.85716009 ], [ 113.1712265, -7.85734987 ], [ 113.1711731, -7.85748005 ], [ 113.17102051, -7.85761023 ], [ 113.17059326, -7.85790014 ], [ 113.17044067, -7.8578701 ], [ 113.17012787, -7.85777998 ], [ 113.16998291, -7.85784006 ], [ 113.16986084, -7.85796022 ], [ 113.16979218, -7.85815001 ], [ 113.16980743, -7.85833979 ], [ 113.16989136, -7.85858011 ], [ 113.16999817, -7.85867977 ], [ 113.17015839, -7.85874987 ], [ 113.17037964, -7.85887003 ], [ 113.1704483, -7.85898018 ], [ 113.1704483, -7.85912991 ], [ 113.17037201, -7.85931015 ], [ 113.17021179, -7.85969019 ], [ 113.17027283, -7.85981989 ], [ 113.17036438, -7.85990953 ], [ 113.17044067, -7.85998011 ], [ 113.17066193, -7.86020994 ], [ 113.17076111, -7.86042976 ], [ 113.17089081, -7.86070013 ], [ 113.17092896, -7.86077976 ], [ 113.17108917, -7.86099005 ], [ 113.17137146, -7.86132002 ], [ 113.17149353, -7.86144018 ], [ 113.17149353, -7.86153984 ], [ 113.17144012, -7.86168003 ], [ 113.17127991, -7.86191988 ], [ 113.17114258, -7.86202002 ], [ 113.17098236, -7.86205006 ], [ 113.17067719, -7.8620801 ], [ 113.17028046, -7.86212015 ], [ 113.17008209, -7.86206007 ], [ 113.16999817, -7.86193991 ], [ 113.16989136, -7.86160994 ], [ 113.16977692, -7.86140013 ], [ 113.16963959, -7.86131001 ], [ 113.16951752, -7.86131001 ], [ 113.16937256, -7.8613801 ], [ 113.16919708, -7.86152983 ], [ 113.16903687, -7.86176014 ], [ 113.16887665, -7.86211014 ], [ 113.16887665, -7.86233997 ], [ 113.1688385, -7.86249018 ], [ 113.16873169, -7.86262989 ], [ 113.16851044, -7.86290979 ], [ 113.16848755, -7.86307001 ], [ 113.16850281, -7.86352015 ], [ 113.16845703, -7.86370993 ], [ 113.16835785, -7.8638401 ], [ 113.16812897, -7.86399984 ], [ 113.16773987, -7.86424017 ], [ 113.16654205, -7.86477995 ], [ 113.16612244, -7.8648901 ], [ 113.16573334, -7.86493015 ], [ 113.1652832, -7.86490011 ], [ 113.16477203, -7.8648901 ], [ 113.16424561, -7.86486721 ], [ 113.16409302, -7.86486006 ], [ 113.16398621, -7.86482382 ], [ 113.16310883, -7.86453009 ], [ 113.16282654, -7.86450005 ], [ 113.16233063, -7.86456013 ], [ 113.16201782, -7.86464024 ], [ 113.16166687, -7.86478996 ], [ 113.16140747, -7.86488008 ], [ 113.16116333, -7.86487007 ], [ 113.16100311, -7.86479998 ], [ 113.16088104, -7.86468983 ], [ 113.16082001, -7.8645401 ], [ 113.16085052, -7.86433983 ], [ 113.16082764, -7.8641901 ], [ 113.16072845, -7.86406994 ], [ 113.1605072, -7.86393976 ], [ 113.16036224, -7.86393023 ], [ 113.16020203, -7.86396027 ], [ 113.16004944, -7.86398983 ], [ 113.15966797, -7.86415005 ], [ 113.15921783, -7.86429977 ], [ 113.15879822, -7.86436987 ], [ 113.15847778, -7.86433983 ], [ 113.15821838, -7.8642602 ], [ 113.15782166, -7.86413002 ], [ 113.1574707, -7.86408997 ], [ 113.15730286, -7.86415005 ], [ 113.15714264, -7.86428022 ], [ 113.1570282, -7.86447001 ], [ 113.15686798, -7.86464977 ], [ 113.15653229, -7.86490011 ], [ 113.15640259, -7.86492014 ], [ 113.15625, -7.86487007 ], [ 113.15614319, -7.86473989 ], [ 113.15590668, -7.86450005 ], [ 113.1558075, -7.86457014 ], [ 113.15572357, -7.86472988 ], [ 113.15561676, -7.86484003 ], [ 113.15532684, -7.86502981 ], [ 113.1550827, -7.86510992 ], [ 113.15471649, -7.86517 ], [ 113.15399933, -7.86526012 ], [ 113.15312195, -7.86534977 ], [ 113.15257263, -7.86523008 ], [ 113.15234375, -7.86528015 ], [ 113.15219879, -7.8653698 ], [ 113.15193176, -7.86568022 ], [ 113.15181732, -7.86596584 ], [ 113.15174103, -7.86604977 ], [ 113.15164948, -7.86611986 ], [ 113.1516037, -7.86624336 ], [ 113.15145874, -7.8667202 ], [ 113.15135956, -7.86676979 ], [ 113.15119934, -7.86674023 ], [ 113.15054321, -7.86662006 ], [ 113.15029907, -7.86668015 ], [ 113.14952087, -7.86699009 ], [ 113.14933014, -7.86710644 ], [ 113.14923859, -7.86715984 ], [ 113.14833832, -7.86780024 ], [ 113.14801025, -7.86791992 ], [ 113.14775848, -7.86791992 ], [ 113.14756775, -7.86785984 ], [ 113.14739227, -7.86771011 ], [ 113.1472168, -7.86748981 ], [ 113.14704895, -7.86709976 ], [ 113.1468811, -7.86682987 ], [ 113.14674377, -7.86674023 ], [ 113.14643097, -7.86664009 ], [ 113.14617157, -7.86651993 ], [ 113.14588165, -7.86630011 ], [ 113.14550781, -7.86607981 ], [ 113.1452713, -7.86603022 ], [ 113.14512634, -7.86607981 ], [ 113.14499664, -7.86620998 ], [ 113.14485168, -7.86646986 ], [ 113.14467621, -7.86685991 ], [ 113.14453125, -7.86744022 ], [ 113.14430237, -7.8675499 ], [ 113.14378357, -7.86798 ], [ 113.14360809, -7.86791992 ], [ 113.14340973, -7.86788988 ], [ 113.14315796, -7.86791992 ], [ 113.14302063, -7.86790991 ], [ 113.14289093, -7.86781979 ], [ 113.14263916, -7.86769009 ], [ 113.14241791, -7.86766005 ], [ 113.1421814, -7.86769009 ], [ 113.14209747, -7.8677702 ], [ 113.14206696, -7.86787987 ], [ 113.14201355, -7.8681798 ], [ 113.141922, -7.86816978 ], [ 113.14183807, -7.86809015 ], [ 113.14180756, -7.86793995 ], [ 113.14173889, -7.86780977 ], [ 113.14163971, -7.86779022 ], [ 113.14144135, -7.86781979 ], [ 113.14122009, -7.8678298 ], [ 113.14099884, -7.86775017 ], [ 113.14074707, -7.86758995 ], [ 113.14066315, -7.86745977 ], [ 113.14055634, -7.86716986 ], [ 113.14057922, -7.86699009 ], [ 113.14067078, -7.86679983 ], [ 113.14086151, -7.86661005 ], [ 113.14103699, -7.86640978 ], [ 113.14100647, -7.86634016 ], [ 113.14087677, -7.86625004 ], [ 113.14057159, -7.86613989 ], [ 113.14035797, -7.86615992 ], [ 113.13996887, -7.86618996 ], [ 113.13941956, -7.86618996 ], [ 113.13928986, -7.86624002 ], [ 113.1391983, -7.86619997 ], [ 113.13912964, -7.86611986 ], [ 113.13909912, -7.86596012 ], [ 113.13900757, -7.86583996 ], [ 113.13878632, -7.86554003 ], [ 113.13886261, -7.86534977 ], [ 113.13886261, -7.86505985 ], [ 113.13874817, -7.8650198 ], [ 113.13848877, -7.86495018 ], [ 113.13819885, -7.86474991 ], [ 113.13806152, -7.86478996 ], [ 113.13796234, -7.86488008 ], [ 113.13780975, -7.8650198 ], [ 113.13767242, -7.86499977 ], [ 113.13751221, -7.8650198 ], [ 113.13744354, -7.86508989 ], [ 113.13742828, -7.86522007 ], [ 113.13739777, -7.86542988 ], [ 113.13726807, -7.86569977 ], [ 113.13707733, -7.86590004 ], [ 113.13680267, -7.86612988 ], [ 113.13665009, -7.86613989 ], [ 113.13638306, -7.86612988 ], [ 113.1362915, -7.86622 ], [ 113.13627625, -7.86635017 ], [ 113.13625336, -7.86646938 ], [ 113.13623047, -7.86661005 ], [ 113.13610077, -7.86680984 ], [ 113.13594818, -7.86691999 ], [ 113.13574982, -7.8670001 ], [ 113.13549042, -7.86704016 ], [ 113.13516235, -7.86709023 ], [ 113.13459015, -7.86701012 ], [ 113.13436127, -7.86708021 ], [ 113.13421631, -7.86713171 ], [ 113.13407898, -7.86717987 ], [ 113.13375092, -7.86714983 ], [ 113.13340759, -7.86704016 ], [ 113.13316345, -7.86701012 ], [ 113.13265991, -7.86687994 ], [ 113.13220215, -7.86688995 ], [ 113.13213348, -7.86678982 ], [ 113.13208008, -7.86659002 ], [ 113.13201141, -7.86646986 ], [ 113.13186646, -7.86629009 ], [ 113.13175964, -7.8662014 ], [ 113.13182831, -7.8661499 ], [ 113.13200378, -7.86547995 ], [ 113.13214111, -7.86507988 ], [ 113.13217926, -7.86474991 ], [ 113.13214111, -7.86442995 ], [ 113.13210297, -7.8641901 ], [ 113.13208771, -7.86386013 ], [ 113.13200378, -7.86330986 ], [ 113.13195801, -7.86322975 ], [ 113.13191986, -7.86315012 ], [ 113.13175201, -7.86303997 ], [ 113.13141632, -7.86288977 ], [ 113.13128662, -7.8628602 ], [ 113.13111877, -7.86291981 ], [ 113.13101959, -7.86296988 ], [ 113.13088989, -7.86290979 ], [ 113.13072205, -7.86275005 ], [ 113.1306076, -7.86271 ], [ 113.13023376, -7.86253023 ], [ 113.13002014, -7.86247015 ], [ 113.12973785, -7.86244011 ], [ 113.12957001, -7.86248016 ], [ 113.12917328, -7.86178255 ], [ 113.12891388, -7.86133099 ], [ 113.12882996, -7.86118984 ], [ 113.12879181, -7.86109495 ], [ 113.12872314, -7.86091995 ], [ 113.12857819, -7.8604598 ], [ 113.12854004, -7.86023998 ], [ 113.12863159, -7.8600502 ], [ 113.12876129, -7.85993004 ], [ 113.12876129, -7.85983467 ], [ 113.12875366, -7.85934019 ], [ 113.12875366, -7.85889006 ], [ 113.12872314, -7.85845995 ], [ 113.12879181, -7.85795021 ], [ 113.12879181, -7.85778952 ], [ 113.12879181, -7.85753012 ], [ 113.12870789, -7.85680008 ], [ 113.12847137, -7.85598993 ], [ 113.12796021, -7.85534 ], [ 113.12776184, -7.85502005 ], [ 113.12735748, -7.85451984 ], [ 113.12726593, -7.85438156 ], [ 113.1271286, -7.85418987 ], [ 113.12689209, -7.85372019 ], [ 113.12661743, -7.85331011 ], [ 113.12638092, -7.85298395 ], [ 113.126297, -7.85253 ], [ 113.12615204, -7.85234022 ], [ 113.12586212, -7.85198021 ], [ 113.12586975, -7.85164022 ], [ 113.12595367, -7.85149002 ], [ 113.12605286, -7.85119009 ], [ 113.12606812, -7.85093021 ], [ 113.12606812, -7.85067987 ], [ 113.126091, -7.85038996 ], [ 113.12615967, -7.85023022 ], [ 113.12626648, -7.84987068 ], [ 113.126297, -7.84976006 ], [ 113.12628937, -7.84888983 ], [ 113.12638092, -7.84837008 ], [ 113.12637329, -7.84780979 ], [ 113.12638092, -7.84737015 ], [ 113.12638855, -7.84729004 ], [ 113.12641907, -7.84689999 ], [ 113.12635803, -7.84636021 ], [ 113.12624359, -7.8459301 ], [ 113.1261673, -7.84540987 ], [ 113.12602234, -7.84497976 ], [ 113.12593842, -7.84463978 ], [ 113.12583923, -7.84421015 ], [ 113.12576294, -7.84384012 ], [ 113.12570953, -7.84365988 ], [ 113.12561798, -7.84339094 ], [ 113.12532043, -7.84241009 ], [ 113.12525177, -7.84197998 ], [ 113.12521362, -7.84166002 ], [ 113.12523651, -7.84124899 ], [ 113.12552643, -7.84014988 ], [ 113.12568665, -7.83971024 ], [ 113.12589264, -7.83916998 ], [ 113.1259613, -7.8389802 ], [ 113.12605286, -7.83855009 ], [ 113.12612152, -7.83803988 ], [ 113.12612915, -7.8376298 ], [ 113.12608337, -7.83753014 ], [ 113.12604523, -7.83690643 ], [ 113.1260376, -7.83678007 ], [ 113.1260376, -7.83659983 ], [ 113.1261673, -7.83483982 ], [ 113.1261673, -7.83372021 ], [ 113.12615204, -7.83340979 ], [ 113.12610626, -7.83291006 ], [ 113.12610626, -7.83228016 ], [ 113.12606049, -7.83186007 ], [ 113.1259079, -7.83111 ], [ 113.12586975, -7.83063984 ], [ 113.12574768, -7.82982016 ], [ 113.12570953, -7.82921982 ], [ 113.12567139, -7.8289299 ], [ 113.12568665, -7.82849979 ], [ 113.12573242, -7.82799006 ], [ 113.12574005, -7.82753992 ], [ 113.12574768, -7.82722855 ], [ 113.12557983, -7.82725382 ], [ 113.12537384, -7.82727909 ], [ 113.12520599, -7.8271513 ], [ 113.12512207, -7.82694292 ], [ 113.12506866, -7.82674694 ], [ 113.12502289, -7.82647133 ], [ 113.12497711, -7.82632399 ], [ 113.12480927, -7.82626963 ], [ 113.12464142, -7.82633209 ], [ 113.12449646, -7.8264308 ], [ 113.12435913, -7.82649279 ], [ 113.12421417, -7.82656097 ], [ 113.12399292, -7.82667875 ], [ 113.12376404, -7.8266921 ], [ 113.12348175, -7.82665062 ], [ 113.12330627, -7.82667637 ], [ 113.12316895, -7.82677507 ], [ 113.12301636, -7.82689238 ], [ 113.12283325, -7.82707119 ], [ 113.12255096, -7.82710314 ], [ 113.12230682, -7.82709837 ], [ 113.12206268, -7.82705069 ], [ 113.12187195, -7.82700253 ], [ 113.12168121, -7.82711363 ], [ 113.12148285, -7.82720089 ], [ 113.12150574, -7.82736015 ], [ 113.12154388, -7.82755613 ], [ 113.12145233, -7.82776546 ], [ 113.12125397, -7.82793188 ], [ 113.12104034, -7.82806778 ], [ 113.12084198, -7.8283205 ], [ 113.12075043, -7.82852936 ], [ 113.12065887, -7.82876921 ], [ 113.12046814, -7.82898474 ], [ 113.12017822, -7.82919502 ], [ 113.11998749, -7.82932186 ], [ 113.11985016, -7.82922983 ], [ 113.11966705, -7.82918978 ], [ 113.11947632, -7.82912016 ], [ 113.11940765, -7.82904005 ], [ 113.11927795, -7.82896471 ], [ 113.11911774, -7.82893848 ], [ 113.11878967, -7.82879019 ], [ 113.1180191, -7.82845879 ], [ 113.11773682, -7.82853556 ], [ 113.11746216, -7.82842064 ], [ 113.11724854, -7.82818317 ], [ 113.11698914, -7.82799006 ], [ 113.1169281, -7.82795 ], [ 113.11665344, -7.82782984 ], [ 113.1162262, -7.82764006 ], [ 113.11544037, -7.82723999 ], [ 113.11490631, -7.82690001 ], [ 113.11431122, -7.82652998 ], [ 113.11391449, -7.8262887 ], [ 113.11366272, -7.82612991 ], [ 113.11325073, -7.82588005 ], [ 113.1128006, -7.82560015 ], [ 113.11209106, -7.82521009 ], [ 113.11167908, -7.82496977 ], [ 113.11112213, -7.82456017 ], [ 113.11058044, -7.82406998 ], [ 113.11003113, -7.8236599 ], [ 113.10962677, -7.82322979 ], [ 113.10929108, -7.82280016 ], [ 113.10904694, -7.82243013 ], [ 113.10894775, -7.8222599 ], [ 113.10868835, -7.82191992 ], [ 113.10838318, -7.82152987 ], [ 113.10785675, -7.82104015 ], [ 113.1075592, -7.82074165 ], [ 113.10749054, -7.82067299 ], [ 113.10739899, -7.82058001 ], [ 113.10704803, -7.82028008 ], [ 113.10643768, -7.81978989 ], [ 113.10585785, -7.81945992 ], [ 113.10562897, -7.81933022 ], [ 113.10532379, -7.81915998 ], [ 113.10481262, -7.81890011 ], [ 113.10439301, -7.81864977 ], [ 113.10388184, -7.81832981 ], [ 113.10347748, -7.81795979 ], [ 113.10301208, -7.81753016 ], [ 113.10269165, -7.81715012 ], [ 113.10228729, -7.81669998 ], [ 113.10192871, -7.81639004 ], [ 113.1019516, -7.81629992 ], [ 113.10198975, -7.81500006 ], [ 113.10211945, -7.81478977 ], [ 113.10224915, -7.81466007 ], [ 113.10241699, -7.81463003 ], [ 113.10269928, -7.81456995 ], [ 113.1029129, -7.81444979 ], [ 113.10321808, -7.81425953 ], [ 113.10346985, -7.81429768 ], [ 113.10387421, -7.81431484 ], [ 113.10421753, -7.81431293 ], [ 113.10433197, -7.81413841 ], [ 113.10436249, -7.81390762 ], [ 113.10440826, -7.81370974 ], [ 113.10469055, -7.8137269 ], [ 113.10503387, -7.81374407 ], [ 113.10520935, -7.81371498 ], [ 113.10523987, -7.81359529 ], [ 113.10529327, -7.81338501 ], [ 113.10549164, -7.81333685 ], [ 113.10560608, -7.81338406 ], [ 113.10577393, -7.81345797 ], [ 113.10616302, -7.8135314 ], [ 113.10639191, -7.81357718 ], [ 113.10668182, -7.81371689 ], [ 113.10699463, -7.81374359 ], [ 113.10723877, -7.81372356 ], [ 113.10747528, -7.81360006 ], [ 113.10752869, -7.81350136 ], [ 113.10758209, -7.81339264 ], [ 113.10772705, -7.8131752 ], [ 113.10780334, -7.81291151 ], [ 113.10784912, -7.81270409 ], [ 113.10803986, -7.81264162 ], [ 113.10820007, -7.81258917 ], [ 113.10847473, -7.81250334 ], [ 113.10871124, -7.81253147 ], [ 113.10884857, -7.81254816 ], [ 113.10907745, -7.8124156 ], [ 113.10919952, -7.81217003 ], [ 113.10920715, -7.81200075 ], [ 113.10933685, -7.81184006 ], [ 113.10939789, -7.8117671 ], [ 113.10951996, -7.81171942 ], [ 113.10964966, -7.81181288 ], [ 113.11019135, -7.81173468 ], [ 113.11037445, -7.81156445 ], [ 113.11064148, -7.81162882 ], [ 113.11094666, -7.81146717 ], [ 113.11113739, -7.81124973 ], [ 113.11135101, -7.8110981 ], [ 113.11151886, -7.81104088 ], [ 113.11164093, -7.8110404 ], [ 113.11184692, -7.81127453 ], [ 113.11203766, -7.8112359 ], [ 113.11220551, -7.81106567 ], [ 113.11233521, -7.81092405 ], [ 113.11241913, -7.81084967 ], [ 113.11257935, -7.81078005 ], [ 113.11287689, -7.81065989 ], [ 113.11296844, -7.81058979 ], [ 113.11309052, -7.81017208 ], [ 113.11322784, -7.81010056 ], [ 113.11345673, -7.81009007 ], [ 113.11373901, -7.80998468 ], [ 113.11460114, -7.81005573 ], [ 113.11484528, -7.80994081 ], [ 113.11488342, -7.80980349 ], [ 113.1149292, -7.80964947 ], [ 113.1149826, -7.80939484 ], [ 113.11512756, -7.80934429 ], [ 113.11514282, -7.80926991 ], [ 113.11533356, -7.80926132 ], [ 113.11558533, -7.8093071 ], [ 113.11562347, -7.80905008 ], [ 113.11607361, -7.80909014 ], [ 113.1162796, -7.80899 ], [ 113.11708832, -7.80861998 ], [ 113.11714172, -7.80854988 ], [ 113.11715698, -7.80843019 ], [ 113.11721802, -7.80815983 ], [ 113.11727142, -7.80776978 ], [ 113.11734772, -7.80723 ], [ 113.11752319, -7.80690002 ], [ 113.11772919, -7.80669022 ], [ 113.11791229, -7.80656004 ], [ 113.11833954, -7.80639982 ], [ 113.11871338, -7.80629253 ], [ 113.11889648, -7.80624008 ], [ 113.11908722, -7.80618715 ], [ 113.11932373, -7.80611992 ], [ 113.11934662, -7.80599022 ], [ 113.11943054, -7.80572987 ], [ 113.11956787, -7.80553007 ], [ 113.11985016, -7.80522013 ], [ 113.11997986, -7.80502987 ], [ 113.12029266, -7.80464983 ], [ 113.1204071, -7.8045001 ], [ 113.12059784, -7.80426979 ], [ 113.12091064, -7.80408001 ], [ 113.12159729, -7.8039999 ], [ 113.12203217, -7.80385017 ], [ 113.12226105, -7.80360985 ], [ 113.1223526, -7.80342007 ], [ 113.12236023, -7.80327225 ], [ 113.12232208, -7.80296993 ], [ 113.12226868, -7.80262041 ], [ 113.12232971, -7.80247021 ], [ 113.12242889, -7.80237007 ], [ 113.12275696, -7.80232 ], [ 113.12307739, -7.80224991 ], [ 113.12362671, -7.80193996 ], [ 113.1239624, -7.80198193 ], [ 113.12410736, -7.80189991 ], [ 113.12412262, -7.80175018 ], [ 113.12415314, -7.80152893 ], [ 113.12419128, -7.80130005 ], [ 113.12426758, -7.80120993 ], [ 113.12439728, -7.80115986 ], [ 113.12451172, -7.80111122 ], [ 113.12460327, -7.80107021 ], [ 113.12465668, -7.80096006 ], [ 113.12464142, -7.80082989 ], [ 113.12454224, -7.80067015 ], [ 113.12433624, -7.80052996 ], [ 113.12422943, -7.80038023 ], [ 113.12413025, -7.80008984 ], [ 113.12402344, -7.79973984 ], [ 113.12384796, -7.79954004 ], [ 113.12365723, -7.79935789 ], [ 113.1235199, -7.79913998 ], [ 113.12361908, -7.7990799 ], [ 113.12393188, -7.79901981 ], [ 113.1241684, -7.7989502 ], [ 113.12426758, -7.79886007 ], [ 113.12461853, -7.79859018 ], [ 113.12476349, -7.79842997 ], [ 113.12486267, -7.7981801 ], [ 113.125, -7.79794979 ], [ 113.12509918, -7.79779005 ], [ 113.12522125, -7.79769993 ], [ 113.12547302, -7.79752016 ], [ 113.12571716, -7.79721117 ], [ 113.12580109, -7.79709005 ], [ 113.12597656, -7.79694986 ], [ 113.12641144, -7.79668999 ], [ 113.12644196, -7.79662228 ], [ 113.12657928, -7.79628992 ], [ 113.12689209, -7.79610014 ], [ 113.12718964, -7.79615021 ], [ 113.12756348, -7.79629993 ], [ 113.12814331, -7.79629993 ], [ 113.12843323, -7.79633999 ], [ 113.12877655, -7.79639912 ], [ 113.12976837, -7.79658985 ], [ 113.12994385, -7.7965498 ], [ 113.13046265, -7.79643011 ], [ 113.13105011, -7.79624987 ], [ 113.13162231, -7.79603004 ], [ 113.13237, -7.79588985 ], [ 113.13304138, -7.79582977 ], [ 113.13365936, -7.79562998 ], [ 113.13427734, -7.7954402 ], [ 113.13491058, -7.79527998 ], [ 113.13549805, -7.79511976 ], [ 113.13557434, -7.7950983 ], [ 113.13598633, -7.79498005 ], [ 113.13626862, -7.79485989 ], [ 113.13667297, -7.79461145 ], [ 113.13719177, -7.79429007 ], [ 113.13761902, -7.79401016 ], [ 113.13793945, -7.79377985 ], [ 113.13809204, -7.7936101 ], [ 113.13844299, -7.79332018 ], [ 113.13874817, -7.79302979 ], [ 113.13897705, -7.79290009 ], [ 113.13928986, -7.79271984 ], [ 113.13983154, -7.79252005 ], [ 113.1401825, -7.79246998 ], [ 113.14042664, -7.79242992 ], [ 113.14083099, -7.79237986 ], [ 113.14115906, -7.7923398 ], [ 113.14177704, -7.79224014 ], [ 113.14243317, -7.7923398 ], [ 113.14306641, -7.79231977 ], [ 113.14353943, -7.79219007 ], [ 113.14404297, -7.79218006 ], [ 113.14453125, -7.79212999 ], [ 113.14499664, -7.79203987 ], [ 113.14550018, -7.79202986 ], [ 113.14588928, -7.79195976 ], [ 113.14663696, -7.79190016 ], [ 113.14711761, -7.79157019 ], [ 113.14772034, -7.79118013 ], [ 113.14820862, -7.79085016 ], [ 113.14872742, -7.79056978 ], [ 113.14916992, -7.79029989 ], [ 113.14955139, -7.79000998 ], [ 113.14980316, -7.78980017 ], [ 113.14987946, -7.7897644 ], [ 113.15007782, -7.78977871 ], [ 113.15029907, -7.78985786 ], [ 113.15045929, -7.78997755 ], [ 113.15052795, -7.79007435 ], [ 113.15059662, -7.7901144 ], [ 113.1509552, -7.79018116 ], [ 113.15126038, -7.79028845 ], [ 113.15142059, -7.79040241 ], [ 113.15161896, -7.79043579 ], [ 113.1520462, -7.7906456 ], [ 113.1521225, -7.79074574 ], [ 113.15219116, -7.79083967 ], [ 113.15226746, -7.79104567 ], [ 113.1523819, -7.79118824 ], [ 113.15253448, -7.79130793 ], [ 113.15263367, -7.79140997 ], [ 113.15235901, -7.79160023 ], [ 113.1521225, -7.79187012 ], [ 113.15203094, -7.79206991 ], [ 113.15200043, -7.79231977 ], [ 113.1519928, -7.79245996 ], [ 113.15194702, -7.79265022 ], [ 113.15202332, -7.79288006 ], [ 113.15200806, -7.79327011 ], [ 113.15193939, -7.79448986 ], [ 113.15216064, -7.79522514 ], [ 113.15232086, -7.79543972 ], [ 113.15254974, -7.795753 ], [ 113.15248871, -7.79605961 ], [ 113.15222931, -7.79619455 ], [ 113.1523056, -7.79647684 ], [ 113.15247345, -7.79662514 ], [ 113.15222931, -7.79698753 ], [ 113.15200806, -7.79715347 ], [ 113.15203857, -7.79736996 ], [ 113.15209961, -7.79749012 ], [ 113.15223694, -7.79763985 ], [ 113.1523819, -7.7976799 ], [ 113.15263367, -7.79758215 ], [ 113.15306091, -7.79753304 ], [ 113.15346527, -7.79753113 ], [ 113.15362549, -7.79753017 ], [ 113.15380096, -7.79765511 ], [ 113.15394592, -7.79781103 ], [ 113.15395355, -7.79798412 ], [ 113.1537323, -7.79833841 ], [ 113.15357208, -7.79853582 ], [ 113.15346527, -7.79882669 ], [ 113.15346527, -7.79914856 ], [ 113.15357208, -7.79940414 ], [ 113.15361786, -7.79950333 ], [ 113.15373993, -7.79978371 ], [ 113.15363312, -7.80024004 ], [ 113.15355682, -7.80034018 ], [ 113.1534729, -7.80038023 ], [ 113.15332794, -7.80035019 ], [ 113.1532135, -7.80026007 ], [ 113.1530838, -7.80008984 ], [ 113.15287018, -7.79974985 ], [ 113.15277863, -7.79972982 ], [ 113.15274048, -7.79980993 ], [ 113.15271759, -7.80003023 ], [ 113.15296173, -7.80095768 ], [ 113.15304565, -7.80120039 ], [ 113.15323639, -7.80142736 ], [ 113.15328979, -7.80162334 ], [ 113.15330505, -7.80180788 ], [ 113.15370178, -7.80189276 ], [ 113.15419769, -7.80199718 ], [ 113.15460968, -7.80214596 ], [ 113.15563202, -7.80228996 ], [ 113.15628815, -7.80236006 ], [ 113.15711975, -7.80244446 ], [ 113.15818024, -7.80262613 ], [ 113.1592865, -7.80298805 ], [ 113.15925598, -7.80309629 ], [ 113.15847015, -7.80523014 ], [ 113.1582489, -7.80583096 ], [ 113.1581955, -7.80595255 ], [ 113.15851593, -7.80609703 ], [ 113.15852356, -7.80647707 ], [ 113.15975189, -7.80692625 ], [ 113.15996552, -7.80700159 ], [ 113.16088867, -7.80729151 ], [ 113.16145325, -7.80748987 ], [ 113.16213226, -7.80771399 ], [ 113.16267395, -7.80792427 ], [ 113.16333008, -7.80814791 ], [ 113.16403198, -7.80835009 ], [ 113.16468811, -7.80857372 ], [ 113.16490173, -7.80864859 ], [ 113.16548157, -7.80885363 ], [ 113.16571808, -7.8089447 ], [ 113.16612244, -7.80904913 ], [ 113.1665802, -7.8091321 ], [ 113.16674042, -7.80916739 ], [ 113.16692352, -7.80920839 ], [ 113.16744232, -7.80931187 ], [ 113.16772461, -7.80936718 ], [ 113.16820526, -7.80947828 ], [ 113.16873169, -7.80962467 ], [ 113.16924286, -7.80973577 ], [ 113.16936493, -7.80978489 ], [ 113.16958618, -7.80983305 ], [ 113.16955566, -7.8099041 ], [ 113.16954803, -7.81001186 ], [ 113.16938782, -7.81072092 ], [ 113.16933441, -7.81098652 ], [ 113.1692276, -7.81129694 ], [ 113.16916656, -7.81151342 ], [ 113.16976166, -7.81170988 ], [ 113.17037201, -7.81182861 ], [ 113.17076874, -7.81195831 ], [ 113.17118835, -7.81194401 ], [ 113.17167664, -7.81191301 ], [ 113.17208862, -7.81188059 ], [ 113.17247009, -7.81186819 ], [ 113.17276001, -7.81191444 ], [ 113.17284393, -7.81192732 ], [ 113.17324066, -7.81183386 ], [ 113.17352295, -7.81176186 ], [ 113.17401886, -7.81183004 ], [ 113.17444611, -7.81191874 ], [ 113.17484283, -7.81197786 ], [ 113.17555237, -7.81201458 ], [ 113.17644501, -7.81214142 ], [ 113.17655945, -7.81216669 ], [ 113.17790985, -7.81233215 ], [ 113.17800903, -7.81223249 ], [ 113.17808533, -7.81173563 ], [ 113.17838287, -7.81178284 ], [ 113.17854309, -7.81178951 ], [ 113.17862701, -7.81181765 ], [ 113.17893982, -7.8118453 ], [ 113.17917633, -7.81189585 ], [ 113.17949677, -7.81191778 ], [ 113.17957306, -7.81196642 ], [ 113.18095398, -7.81215286 ], [ 113.18112183, -7.81225967 ], [ 113.18151855, -7.81232548 ], [ 113.18188477, -7.81235409 ], [ 113.18215942, -7.81236362 ], [ 113.18218994, -7.81228447 ], [ 113.18221283, -7.81170702 ], [ 113.18226624, -7.81162024 ], [ 113.18241882, -7.81158924 ], [ 113.18247223, -7.81149101 ], [ 113.18247986, -7.81132936 ], [ 113.18248749, -7.81120586 ], [ 113.18257141, -7.81075144 ], [ 113.18341064, -7.81083536 ], [ 113.183815, -7.81086445 ], [ 113.18539429, -7.81104136 ], [ 113.18701935, -7.81122303 ], [ 113.18821716, -7.81140709 ], [ 113.1889267, -7.81152582 ], [ 113.18911743, -7.81155777 ], [ 113.1897583, -7.81167126 ], [ 113.19020081, -7.81174755 ], [ 113.19062042, -7.81181335 ], [ 113.19174194, -7.81195402 ], [ 113.19314575, -7.8121295 ], [ 113.19326019, -7.81212139 ], [ 113.193367, -7.81214619 ], [ 113.19438934, -7.81211996 ], [ 113.19471741, -7.81211805 ], [ 113.19488525, -7.81210327 ], [ 113.19566345, -7.81203604 ], [ 113.19600677, -7.81204939 ], [ 113.1967392, -7.81212854 ], [ 113.19721222, -7.81217241 ], [ 113.19759369, -7.81220675 ], [ 113.19791412, -7.81225443 ], [ 113.19855499, -7.81234694 ], [ 113.19937134, -7.81248808 ], [ 113.20015717, -7.81247759 ], [ 113.20049286, -7.81197166 ], [ 113.20084381, -7.8115592 ], [ 113.20114899, -7.81132936 ], [ 113.20137024, -7.81124735 ], [ 113.20158386, -7.81118441 ], [ 113.2016983, -7.81113815 ], [ 113.20178223, -7.81106234 ], [ 113.20187378, -7.81091595 ], [ 113.20188141, -7.81069422 ], [ 113.20192719, -7.8098526 ], [ 113.20220947, -7.80911875 ], [ 113.20218658, -7.80884218 ], [ 113.20214844, -7.80865908 ], [ 113.20226288, -7.80838394 ], [ 113.20232391, -7.80832386 ], [ 113.20238495, -7.80825663 ], [ 113.20292664, -7.80761576 ], [ 113.20301056, -7.80738974 ], [ 113.20304871, -7.80664682 ], [ 113.20309448, -7.80649471 ], [ 113.20314026, -7.80634785 ], [ 113.20330048, -7.80627203 ], [ 113.20359039, -7.80601072 ], [ 113.20402527, -7.80556679 ], [ 113.20420074, -7.80531359 ], [ 113.20463562, -7.80470991 ], [ 113.2049408, -7.80436182 ], [ 113.20513153, -7.80440474 ], [ 113.205513, -7.80457115 ], [ 113.20587921, -7.8046813 ], [ 113.20605469, -7.80473137 ], [ 113.20627594, -7.80486107 ], [ 113.20668793, -7.80504704 ], [ 113.20681763, -7.80505323 ], [ 113.20680237, -7.80520582 ], [ 113.2066803, -7.8062067 ], [ 113.20663452, -7.80663347 ], [ 113.20713043, -7.80679178 ], [ 113.20718384, -7.80710649 ], [ 113.20720673, -7.80724669 ], [ 113.2069931, -7.80770159 ], [ 113.20639801, -7.8075037 ], [ 113.20627594, -7.80799818 ], [ 113.20659637, -7.80809689 ], [ 113.20683289, -7.80785942 ], [ 113.20713043, -7.80801773 ], [ 113.2069931, -7.80852032 ], [ 113.2064209, -7.80839348 ], [ 113.20622253, -7.80899477 ], [ 113.20585632, -7.80883455 ], [ 113.20566559, -7.80942869 ], [ 113.20540619, -7.80937576 ], [ 113.20498657, -7.81066847 ], [ 113.20477295, -7.81131506 ], [ 113.20515442, -7.81143379 ], [ 113.20506287, -7.8117528 ], [ 113.20503235, -7.81192303 ], [ 113.2046051, -7.81178236 ], [ 113.20410156, -7.8135767 ], [ 113.20428467, -7.81365776 ], [ 113.2045517, -7.81377792 ], [ 113.20442963, -7.81408405 ], [ 113.20514679, -7.81440639 ], [ 113.20526886, -7.81401873 ], [ 113.20607758, -7.81427145 ], [ 113.20655823, -7.81441927 ], [ 113.20649719, -7.81463099 ], [ 113.20657349, -7.81465816 ], [ 113.20685577, -7.81478834 ], [ 113.20737457, -7.81490326 ], [ 113.20745087, -7.81457329 ], [ 113.20779419, -7.81468105 ], [ 113.20802307, -7.81476879 ], [ 113.20800018, -7.81497478 ], [ 113.207901, -7.81528139 ], [ 113.20783997, -7.81548214 ], [ 113.2077713, -7.81558466 ], [ 113.20773315, -7.81568289 ], [ 113.20765686, -7.81583929 ], [ 113.20761871, -7.81592703 ], [ 113.2074585, -7.81607723 ], [ 113.20726776, -7.81631804 ], [ 113.20704651, -7.81645727 ], [ 113.20693207, -7.8168211 ], [ 113.20639801, -7.81726599 ], [ 113.20635986, -7.81733894 ], [ 113.20563507, -7.81866169 ], [ 113.20539856, -7.81998491 ], [ 113.20503235, -7.81993628 ], [ 113.20441437, -7.81984568 ], [ 113.20175171, -7.81965446 ], [ 113.19944763, -7.81817484 ], [ 113.19933319, -7.81832409 ], [ 113.19927216, -7.8184371 ], [ 113.19917297, -7.81862926 ], [ 113.19904327, -7.81886721 ], [ 113.19860077, -7.81968212 ], [ 113.1984024, -7.82005548 ], [ 113.19830322, -7.82022524 ], [ 113.19816589, -7.82048559 ], [ 113.19810486, -7.82059956 ], [ 113.19674683, -7.82327366 ], [ 113.19617462, -7.82305765 ], [ 113.19542694, -7.8227005 ], [ 113.19528961, -7.82276869 ], [ 113.19469452, -7.82331371 ], [ 113.19386292, -7.82281017 ], [ 113.19350433, -7.82241535 ], [ 113.19342041, -7.82252979 ], [ 113.19320679, -7.82271004 ], [ 113.19277954, -7.82310009 ], [ 113.19271088, -7.82326984 ], [ 113.19255829, -7.8239398 ], [ 113.19246674, -7.82414007 ], [ 113.19233704, -7.82425022 ], [ 113.19219208, -7.82429981 ], [ 113.19165039, -7.82440996 ], [ 113.19161224, -7.82454014 ], [ 113.19152832, -7.82512999 ], [ 113.19151306, -7.82535982 ], [ 113.19146729, -7.82561016 ], [ 113.19125366, -7.82638979 ], [ 113.19114685, -7.82651663 ], [ 113.19106293, -7.8266201 ], [ 113.19078064, -7.82685995 ], [ 113.19059753, -7.82694006 ], [ 113.19039154, -7.82695007 ], [ 113.18985748, -7.82691002 ], [ 113.18924713, -7.82683992 ], [ 113.18908691, -7.82682085 ], [ 113.18856812, -7.82675982 ], [ 113.18811035, -7.82672024 ], [ 113.18788147, -7.82660007 ], [ 113.18775177, -7.82643986 ], [ 113.18759918, -7.82623148 ], [ 113.1875, -7.82609987 ], [ 113.18733978, -7.82601976 ], [ 113.18713379, -7.82598019 ], [ 113.18694305, -7.82601023 ], [ 113.18669891, -7.8261199 ], [ 113.18639374, -7.82626009 ], [ 113.18612671, -7.82631016 ], [ 113.1859436, -7.8262701 ], [ 113.1857605, -7.82615995 ], [ 113.18560791, -7.8259902 ], [ 113.18537903, -7.8257699 ], [ 113.18515778, -7.82567978 ], [ 113.18491364, -7.82565022 ], [ 113.18457794, -7.82567978 ], [ 113.18428802, -7.82577991 ], [ 113.18405914, -7.82593012 ], [ 113.18374634, -7.82618999 ], [ 113.18348694, -7.82650995 ], [ 113.1831665, -7.82687998 ], [ 113.1831131, -7.82694006 ], [ 113.18280792, -7.82727003 ], [ 113.18273163, -7.82737255 ], [ 113.18264008, -7.82762861 ], [ 113.1825943, -7.82796049 ], [ 113.18270874, -7.82825708 ], [ 113.18321991, -7.8286624 ], [ 113.18349457, -7.8288269 ], [ 113.18350983, -7.82895565 ], [ 113.18341827, -7.82909679 ], [ 113.18331909, -7.8292284 ], [ 113.18309021, -7.82925749 ], [ 113.18286896, -7.82913399 ], [ 113.18258667, -7.82896948 ], [ 113.18234253, -7.82897091 ], [ 113.18226624, -7.82901859 ], [ 113.18199158, -7.82918692 ], [ 113.18199158, -7.8294425 ], [ 113.18218994, -7.82962847 ], [ 113.18224335, -7.82990026 ], [ 113.18196106, -7.83020306 ], [ 113.18160248, -7.83029127 ], [ 113.18153381, -7.8303299 ], [ 113.18119049, -7.83058977 ], [ 113.18105316, -7.83078003 ], [ 113.18106079, -7.83088017 ], [ 113.18112183, -7.83100986 ], [ 113.18128204, -7.83114004 ], [ 113.18154144, -7.83135986 ], [ 113.18153381, -7.83148003 ], [ 113.18144989, -7.83157015 ], [ 113.18132019, -7.83162022 ], [ 113.18087006, -7.83174992 ], [ 113.18074799, -7.83186007 ], [ 113.18068695, -7.83199978 ], [ 113.18054962, -7.83255005 ], [ 113.18056488, -7.83270884 ], [ 113.18058014, -7.83303022 ], [ 113.18060303, -7.83326006 ], [ 113.18068695, -7.8333602 ], [ 113.18084717, -7.83339977 ], [ 113.18110657, -7.83339977 ], [ 113.18138123, -7.83340979 ], [ 113.18154907, -7.83353996 ], [ 113.18173981, -7.8337698 ], [ 113.18183899, -7.8339901 ], [ 113.18183899, -7.83414984 ], [ 113.18173981, -7.83441019 ], [ 113.18157959, -7.83473015 ], [ 113.18147278, -7.83479977 ], [ 113.18136597, -7.83485556 ], [ 113.18121338, -7.83493996 ], [ 113.18108368, -7.83511019 ], [ 113.18094635, -7.83525991 ], [ 113.18074799, -7.83535004 ], [ 113.1806488, -7.83532 ], [ 113.18054962, -7.83521986 ], [ 113.18049622, -7.83509016 ], [ 113.1805191, -7.83491993 ], [ 113.18061066, -7.83468008 ], [ 113.18079376, -7.83424997 ], [ 113.18071747, -7.83410978 ], [ 113.18058014, -7.8339901 ], [ 113.18041229, -7.83393002 ], [ 113.18025208, -7.83395004 ], [ 113.18009186, -7.83406019 ], [ 113.17984772, -7.83423996 ], [ 113.17961121, -7.83439016 ], [ 113.17946625, -7.83456993 ], [ 113.17933655, -7.83471012 ], [ 113.17922211, -7.83473015 ], [ 113.17907715, -7.83470011 ], [ 113.17897797, -7.83459997 ], [ 113.17884827, -7.83436012 ], [ 113.1785965, -7.83396006 ], [ 113.1783905, -7.83379984 ], [ 113.17810822, -7.83369017 ], [ 113.17780304, -7.8336401 ], [ 113.17769623, -7.83368015 ], [ 113.17768097, -7.83375978 ], [ 113.17769623, -7.83395004 ], [ 113.17781067, -7.83429003 ], [ 113.17791748, -7.8347702 ], [ 113.17783356, -7.8348999 ], [ 113.17768097, -7.83500004 ], [ 113.17739105, -7.83521986 ], [ 113.17653656, -7.83592987 ], [ 113.17632294, -7.83600378 ], [ 113.1758728, -7.83616018 ], [ 113.17565155, -7.83631992 ], [ 113.17550659, -7.83653021 ], [ 113.17542267, -7.83678102 ], [ 113.17539215, -7.83708 ], [ 113.17543793, -7.83756018 ], [ 113.17546844, -7.83798981 ], [ 113.17537689, -7.83822012 ], [ 113.17524719, -7.83839989 ], [ 113.17518616, -7.8384614 ], [ 113.1749115, -7.83871984 ], [ 113.17462921, -7.83890009 ], [ 113.17417908, -7.83912992 ], [ 113.17388153, -7.83931017 ], [ 113.17371368, -7.8394599 ], [ 113.17363739, -7.83963013 ], [ 113.17359161, -7.83987999 ], [ 113.17359161, -7.84022999 ], [ 113.17359161, -7.84061003 ], [ 113.17359161, -7.84071016 ], [ 113.17355347, -7.84110022 ] ] ] ] } }
]
}
